This is pdfTeX, Version 3.141592653-2.6-1.40.29 (MiKTeX 26.2) (preloaded format=pdflatex 2026.5.6)  29 AUG 2026 13:25
entering extended mode
 restricted \write18 enabled.
 %&-line parsing enabled.
**./SC_manuscript.tex
(SC_manuscript.tex
LaTeX2e <2025-11-01>
L3 programming layer <2026-03-20>

(C:\Users\Owner\AppData\Local\Programs\MiKTeX\tex/latex/elsarticle\elsarticle.c
ls
Document Class: elsarticle 2026/01/09, 3.5: Elsevier Ltd
(C:\Users\Owner\AppData\Local\Programs\MiKTeX\tex/latex/base\fontenc.sty
Package: fontenc 2025/07/18 v2.1d Standard LaTeX package
)
(C:\Users\Owner\AppData\Local\Programs\MiKTeX\tex/latex/l3kernel\expl3.sty
Package: expl3 2026-03-20 L3 programming layer (loader) 

(C:\Users\Owner\AppData\Local\Programs\MiKTeX\tex/latex/l3backend\l3backend-pdf
tex.def
File: l3backend-pdftex.def 2026-02-18 L3 backend support: PDF output (pdfTeX)
\l__color_backend_stack_int=\count275
))
(C:\Users\Owner\AppData\Local\Programs\MiKTeX\tex/latex/l3packages/xparse\xpars
e.sty
Package: xparse 2025-10-09 L3 Experimental document command parser
)
(C:\Users\Owner\AppData\Local\Programs\MiKTeX\tex/latex/etoolbox\etoolbox.sty
Package: etoolbox 2025/10/02 v2.5m e-TeX tools for LaTeX (JAW)
\etb@tempcnta=\count276
)
\@bls=\dimen150

(C:\Users\Owner\AppData\Local\Programs\MiKTeX\tex/latex/base\article.cls
Document Class: article 2025/01/22 v1.4n Standard LaTeX document class
(C:\Users\Owner\AppData\Local\Programs\MiKTeX\tex/latex/base\size10.clo
File: size10.clo 2025/01/22 v1.4n Standard LaTeX file (size option)
)
\c@part=\count277
\c@section=\count278
\c@subsection=\count279
\c@subsubsection=\count280
\c@paragraph=\count281
\c@subparagraph=\count282
\c@figure=\count283
\c@table=\count284
\abovecaptionskip=\skip49
\belowcaptionskip=\skip50
\bibindent=\dimen151
)
(C:\Users\Owner\AppData\Local\Programs\MiKTeX\tex/latex/graphics\graphicx.sty
Package: graphicx 2024/12/31 v1.2e Enhanced LaTeX Graphics (DPC,SPQR)

(C:\Users\Owner\AppData\Local\Programs\MiKTeX\tex/latex/graphics\keyval.sty
Package: keyval 2022/05/29 v1.15 key=value parser (DPC)
\KV@toks@=\toks17
)
(C:\Users\Owner\AppData\Local\Programs\MiKTeX\tex/latex/graphics\graphics.sty
Package: graphics 2024/08/06 v1.4g Standard LaTeX Graphics (DPC,SPQR)

(C:\Users\Owner\AppData\Local\Programs\MiKTeX\tex/latex/graphics\trig.sty
Package: trig 2023/12/02 v1.11 sin cos tan (DPC)
)
(C:\Users\Owner\AppData\Local\Programs\MiKTeX\tex/latex/graphics-cfg\graphics.c
fg
File: graphics.cfg 2016/06/04 v1.11 sample graphics configuration
)
Package graphics Info: Driver file: pdftex.def on input line 106.

(C:\Users\Owner\AppData\Local\Programs\MiKTeX\tex/latex/graphics-def\pdftex.def
File: pdftex.def 2025/09/29 v1.2d Graphics/color driver for pdftex
))
\Gin@req@height=\dimen152
\Gin@req@width=\dimen153
)
\c@tnote=\count285
\c@fnote=\count286
\c@cnote=\count287
\c@ead=\count288
\c@elsarticle@author=\count289
\@eadauthor=\toks18
\c@affn=\count290
\absbox=\box53
\elsarticlehighlightsbox=\box54
\elsarticlegrabsbox=\box55
\keybox=\box56
\Columnwidth=\dimen154
\space@left=\dimen155
\els@boxa=\box57
\els@boxb=\box58
\leftMargin=\dimen156
\@enLab=\toks19
\@sep=\skip51
\@@sep=\skip52
 (SC_manuscript.spl)
(C:\Users\Owner\AppData\Local\Programs\MiKTeX\tex/latex/natbib\natbib.sty
Package: natbib 2010/09/13 8.31b (PWD, AO)
\bibhang=\skip53
\bibsep=\skip54
LaTeX Info: Redefining \cite on input line 694.
\c@NAT@ctr=\count291
)
\splwrite=\write3
\openout3 = `SC_manuscript.spl'.


(C:\Users\Owner\AppData\Local\Programs\MiKTeX\tex/latex/geometry\geometry.sty
Package: geometry 2026/03/07 v6.0 Page Geometry

(C:\Users\Owner\AppData\Local\Programs\MiKTeX\tex/generic/iftex\ifvtex.sty
Package: ifvtex 2019/10/25 v1.7 ifvtex legacy package. Use iftex instead.

(C:\Users\Owner\AppData\Local\Programs\MiKTeX\tex/generic/iftex\iftex.sty
Package: iftex 2024/12/12 v1.0g TeX engine tests
))
\Gm@cnth=\count292
\Gm@cntv=\count293
\c@Gm@tempcnt=\count294
\Gm@bindingoffset=\dimen157
\Gm@wd@mp=\dimen158
\Gm@odd@mp=\dimen159
\Gm@even@mp=\dimen160
\Gm@layoutwidth=\dimen161
\Gm@layoutheight=\dimen162
\Gm@layouthoffset=\dimen163
\Gm@layoutvoffset=\dimen164
\Gm@dimlist=\toks20

(C:\Users\Owner\AppData\Local\Programs\MiKTeX\tex/latex/geometry\geometry.cfg))
\appnamewidth=\dimen165
) (C:\Users\Owner\AppData\Local\Programs\MiKTeX\tex/latex/txfonts\txfonts.sty
Package: txfonts 2008/01/22 v3.2.1
LaTeX Font Info:    Redeclaring symbol font `operators' on input line 21.
LaTeX Font Info:    Overwriting symbol font `operators' in version `normal'
(Font)                  OT1/cmr/m/n --> OT1/txr/m/n on input line 21.
LaTeX Font Info:    Overwriting symbol font `operators' in version `bold'
(Font)                  OT1/cmr/bx/n --> OT1/txr/m/n on input line 21.
LaTeX Font Info:    Overwriting symbol font `operators' in version `bold'
(Font)                  OT1/txr/m/n --> OT1/txr/bx/n on input line 22.
\symitalic=\mathgroup4
LaTeX Font Info:    Overwriting symbol font `italic' in version `bold'
(Font)                  OT1/txr/m/it --> OT1/txr/bx/it on input line 26.
LaTeX Font Info:    Redeclaring math alphabet \mathbf on input line 29.
LaTeX Font Info:    Overwriting math alphabet `\mathbf' in version `normal'
(Font)                  OT1/cmr/bx/n --> OT1/txr/bx/n on input line 29.
LaTeX Font Info:    Overwriting math alphabet `\mathbf' in version `bold'
(Font)                  OT1/cmr/bx/n --> OT1/txr/bx/n on input line 29.
LaTeX Font Info:    Redeclaring math alphabet \mathit on input line 30.
LaTeX Font Info:    Overwriting math alphabet `\mathit' in version `normal'
(Font)                  OT1/cmr/m/it --> OT1/txr/m/it on input line 30.
LaTeX Font Info:    Overwriting math alphabet `\mathit' in version `bold'
(Font)                  OT1/cmr/bx/it --> OT1/txr/m/it on input line 30.
LaTeX Font Info:    Overwriting math alphabet `\mathit' in version `bold'
(Font)                  OT1/txr/m/it --> OT1/txr/bx/it on input line 31.
LaTeX Font Info:    Redeclaring math alphabet \mathsf on input line 40.
LaTeX Font Info:    Overwriting math alphabet `\mathsf' in version `normal'
(Font)                  OT1/cmss/m/n --> OT1/txss/m/n on input line 40.
LaTeX Font Info:    Overwriting math alphabet `\mathsf' in version `bold'
(Font)                  OT1/cmss/bx/n --> OT1/txss/m/n on input line 40.
LaTeX Font Info:    Overwriting math alphabet `\mathsf' in version `bold'
(Font)                  OT1/txss/m/n --> OT1/txss/b/n on input line 41.
LaTeX Font Info:    Redeclaring math alphabet \mathtt on input line 50.
LaTeX Font Info:    Overwriting math alphabet `\mathtt' in version `normal'
(Font)                  OT1/cmtt/m/n --> OT1/txtt/m/n on input line 50.
LaTeX Font Info:    Overwriting math alphabet `\mathtt' in version `bold'
(Font)                  OT1/cmtt/m/n --> OT1/txtt/m/n on input line 50.
LaTeX Font Info:    Overwriting math alphabet `\mathtt' in version `bold'
(Font)                  OT1/txtt/m/n --> OT1/txtt/b/n on input line 51.
LaTeX Font Info:    Redeclaring symbol font `letters' on input line 58.
LaTeX Font Info:    Overwriting symbol font `letters' in version `normal'
(Font)                  OML/cmm/m/it --> OML/txmi/m/it on input line 58.
LaTeX Font Info:    Overwriting symbol font `letters' in version `bold'
(Font)                  OML/cmm/b/it --> OML/txmi/m/it on input line 58.
LaTeX Font Info:    Overwriting symbol font `letters' in version `bold'
(Font)                  OML/txmi/m/it --> OML/txmi/bx/it on input line 59.
\symlettersA=\mathgroup5
LaTeX Font Info:    Overwriting symbol font `lettersA' in version `bold'
(Font)                  U/txmia/m/it --> U/txmia/bx/it on input line 67.
LaTeX Font Info:    Redeclaring symbol font `symbols' on input line 77.
LaTeX Font Info:    Overwriting symbol font `symbols' in version `normal'
(Font)                  OMS/cmsy/m/n --> OMS/txsy/m/n on input line 77.
LaTeX Font Info:    Overwriting symbol font `symbols' in version `bold'
(Font)                  OMS/cmsy/b/n --> OMS/txsy/m/n on input line 77.
LaTeX Font Info:    Overwriting symbol font `symbols' in version `bold'
(Font)                  OMS/txsy/m/n --> OMS/txsy/bx/n on input line 78.
\symAMSa=\mathgroup6
LaTeX Font Info:    Overwriting symbol font `AMSa' in version `bold'
(Font)                  U/txsya/m/n --> U/txsya/bx/n on input line 94.
\symAMSb=\mathgroup7
LaTeX Font Info:    Overwriting symbol font `AMSb' in version `bold'
(Font)                  U/txsyb/m/n --> U/txsyb/bx/n on input line 103.
\symsymbolsC=\mathgroup8
LaTeX Font Info:    Overwriting symbol font `symbolsC' in version `bold'
(Font)                  U/txsyc/m/n --> U/txsyc/bx/n on input line 113.
LaTeX Font Info:    Redeclaring symbol font `largesymbols' on input line 120.
LaTeX Font Info:    Overwriting symbol font `largesymbols' in version `normal'
(Font)                  OMX/cmex/m/n --> OMX/txex/m/n on input line 120.
LaTeX Font Info:    Overwriting symbol font `largesymbols' in version `bold'
(Font)                  OMX/cmex/m/n --> OMX/txex/m/n on input line 120.
LaTeX Font Info:    Overwriting symbol font `largesymbols' in version `bold'
(Font)                  OMX/txex/m/n --> OMX/txex/bx/n on input line 121.
\symlargesymbolsA=\mathgroup9
LaTeX Font Info:    Overwriting symbol font `largesymbolsA' in version `bold'
(Font)                  U/txexa/m/n --> U/txexa/bx/n on input line 129.
LaTeX Encoding Info:    Redeclaring text symbol \L (encoding OT1) on input line
 160.
LaTeX Encoding Info:    Redeclaring text symbol \l (encoding OT1) on input line
 161.
LaTeX Font Info:    Redeclaring math symbol \mathsterling on input line 164.
LaTeX Font Info:    Redeclaring math symbol \hbar on input line 591.
LaTeX Info: Redefining \not on input line 1043.
)
(C:\Users\Owner\AppData\Local\Programs\MiKTeX\tex/latex/base\fontenc.sty
Package: fontenc 2025/07/18 v2.1d Standard LaTeX package
LaTeX Font Info:    Trying to load font information for T1+txr on input line 11
6.

(C:\Users\Owner\AppData\Local\Programs\MiKTeX\tex/latex/txfonts\t1txr.fd
File: t1txr.fd 2000/12/15 v3.1
))
(C:\Users\Owner\AppData\Local\Programs\MiKTeX\tex/latex/lm\lmodern.sty
Package: lmodern 2015/05/01 v1.6.1 Latin Modern Fonts
LaTeX Font Info:    Overwriting symbol font `operators' in version `normal'
(Font)                  OT1/txr/m/n --> OT1/lmr/m/n on input line 22.
LaTeX Font Info:    Overwriting symbol font `letters' in version `normal'
(Font)                  OML/txmi/m/it --> OML/lmm/m/it on input line 23.
LaTeX Font Info:    Overwriting symbol font `symbols' in version `normal'
(Font)                  OMS/txsy/m/n --> OMS/lmsy/m/n on input line 24.
LaTeX Font Info:    Overwriting symbol font `largesymbols' in version `normal'
(Font)                  OMX/txex/m/n --> OMX/lmex/m/n on input line 25.
LaTeX Font Info:    Overwriting symbol font `operators' in version `bold'
(Font)                  OT1/txr/bx/n --> OT1/lmr/bx/n on input line 26.
LaTeX Font Info:    Overwriting symbol font `letters' in version `bold'
(Font)                  OML/txmi/bx/it --> OML/lmm/b/it on input line 27.
LaTeX Font Info:    Overwriting symbol font `symbols' in version `bold'
(Font)                  OMS/txsy/bx/n --> OMS/lmsy/b/n on input line 28.
LaTeX Font Info:    Overwriting symbol font `largesymbols' in version `bold'
(Font)                  OMX/txex/bx/n --> OMX/lmex/m/n on input line 29.
LaTeX Font Info:    Overwriting math alphabet `\mathbf' in version `normal'
(Font)                  OT1/txr/bx/n --> OT1/lmr/bx/n on input line 31.
LaTeX Font Info:    Overwriting math alphabet `\mathsf' in version `normal'
(Font)                  OT1/txss/m/n --> OT1/lmss/m/n on input line 32.
LaTeX Font Info:    Overwriting math alphabet `\mathit' in version `normal'
(Font)                  OT1/txr/m/it --> OT1/lmr/m/it on input line 33.
LaTeX Font Info:    Overwriting math alphabet `\mathtt' in version `normal'
(Font)                  OT1/txtt/m/n --> OT1/lmtt/m/n on input line 34.
LaTeX Font Info:    Overwriting math alphabet `\mathbf' in version `bold'
(Font)                  OT1/txr/bx/n --> OT1/lmr/bx/n on input line 35.
LaTeX Font Info:    Overwriting math alphabet `\mathsf' in version `bold'
(Font)                  OT1/txss/b/n --> OT1/lmss/bx/n on input line 36.
LaTeX Font Info:    Overwriting math alphabet `\mathit' in version `bold'
(Font)                  OT1/txr/bx/it --> OT1/lmr/bx/it on input line 37.
LaTeX Font Info:    Overwriting math alphabet `\mathtt' in version `bold'
(Font)                  OT1/txtt/b/n --> OT1/lmtt/m/n on input line 38.
)
(C:\Users\Owner\AppData\Local\Programs\MiKTeX\tex/latex/amsmath\amsmath.sty
Package: amsmath 2025/07/09 v2.17z AMS math features
\@mathmargin=\skip55

For additional information on amsmath, use the `?' option.
(C:\Users\Owner\AppData\Local\Programs\MiKTeX\tex/latex/amsmath\amstext.sty
Package: amstext 2024/11/17 v2.01 AMS text

(C:\Users\Owner\AppData\Local\Programs\MiKTeX\tex/latex/amsmath\amsgen.sty
File: amsgen.sty 1999/11/30 v2.0 generic functions
\@emptytoks=\toks21
\ex@=\dimen166
))
(C:\Users\Owner\AppData\Local\Programs\MiKTeX\tex/latex/amsmath\amsbsy.sty
Package: amsbsy 1999/11/29 v1.2d Bold Symbols
\pmbraise@=\dimen167
)
(C:\Users\Owner\AppData\Local\Programs\MiKTeX\tex/latex/amsmath\amsopn.sty
Package: amsopn 2022/04/08 v2.04 operator names
)
\inf@bad=\count295
LaTeX Info: Redefining \frac on input line 233.
\uproot@=\count296
\leftroot@=\count297
LaTeX Info: Redefining \overline on input line 398.
LaTeX Info: Redefining \colon on input line 409.
\classnum@=\count298
\DOTSCASE@=\count299
LaTeX Info: Redefining \ldots on input line 495.
LaTeX Info: Redefining \dots on input line 498.
LaTeX Info: Redefining \cdots on input line 619.
\Mathstrutbox@=\box59
\strutbox@=\box60
LaTeX Info: Redefining \big on input line 721.
LaTeX Info: Redefining \Big on input line 722.
LaTeX Info: Redefining \bigg on input line 723.
LaTeX Info: Redefining \Bigg on input line 724.
\big@size=\dimen168
LaTeX Font Info:    Redeclaring font encoding OML on input line 742.
LaTeX Font Info:    Redeclaring font encoding OMS on input line 743.
\macc@depth=\count300
LaTeX Info: Redefining \bmod on input line 904.
LaTeX Info: Redefining \pmod on input line 909.
LaTeX Info: Redefining \smash on input line 939.
LaTeX Info: Redefining \relbar on input line 969.
LaTeX Info: Redefining \Relbar on input line 970.
\c@MaxMatrixCols=\count301
\dotsspace@=\muskip17
\c@parentequation=\count302
\dspbrk@lvl=\count303
\tag@help=\toks22
\row@=\count304
\column@=\count305
\maxfields@=\count306
\andhelp@=\toks23
\eqnshift@=\dimen169
\alignsep@=\dimen170
\tagshift@=\dimen171
\tagwidth@=\dimen172
\totwidth@=\dimen173
\lineht@=\dimen174
\@envbody=\toks24
\multlinegap=\skip56
\multlinetaggap=\skip57
\mathdisplay@stack=\toks25
LaTeX Info: Redefining \[ on input line 2950.
LaTeX Info: Redefining \] on input line 2951.
)
(C:\Users\Owner\AppData\Local\Programs\MiKTeX\tex/latex/amsfonts\amssymb.sty
Package: amssymb 2013/01/14 v3.01 AMS font symbols

(C:\Users\Owner\AppData\Local\Programs\MiKTeX\tex/latex/amsfonts\amsfonts.sty
Package: amsfonts 2013/01/14 v3.01 Basic AMSFonts support
LaTeX Font Info:    Redeclaring symbol font `AMSa' on input line 59.
LaTeX Font Info:    Overwriting symbol font `AMSa' in version `normal'
(Font)                  U/txsya/m/n --> U/msa/m/n on input line 59.
LaTeX Font Info:    Overwriting symbol font `AMSa' in version `bold'
(Font)                  U/txsya/bx/n --> U/msa/m/n on input line 59.
LaTeX Font Info:    Redeclaring symbol font `AMSb' on input line 60.
LaTeX Font Info:    Overwriting symbol font `AMSb' in version `normal'
(Font)                  U/txsyb/m/n --> U/msb/m/n on input line 60.
LaTeX Font Info:    Overwriting symbol font `AMSb' in version `bold'
(Font)                  U/txsyb/bx/n --> U/msb/m/n on input line 60.
LaTeX Font Info:    Redeclaring math delimiter \ulcorner on input line 74.
LaTeX Font Info:    Redeclaring math delimiter \urcorner on input line 75.
LaTeX Font Info:    Redeclaring math delimiter \llcorner on input line 76.
LaTeX Font Info:    Redeclaring math delimiter \lrcorner on input line 77.
LaTeX Font Info:    Redeclaring math symbol \square on input line 141.
LaTeX Font Info:    Redeclaring math symbol \lozenge on input line 142.
)
LaTeX Font Info:    Redeclaring math symbol \boxdot on input line 44.
LaTeX Font Info:    Redeclaring math symbol \boxplus on input line 45.
LaTeX Font Info:    Redeclaring math symbol \boxtimes on input line 46.
LaTeX Font Info:    Redeclaring math symbol \blacksquare on input line 48.
LaTeX Font Info:    Redeclaring math symbol \centerdot on input line 49.
LaTeX Font Info:    Redeclaring math symbol \blacklozenge on input line 51.
LaTeX Font Info:    Redeclaring math symbol \circlearrowright on input line 52.

LaTeX Font Info:    Redeclaring math symbol \circlearrowleft on input line 53.
LaTeX Font Info:    Redeclaring math symbol \leftrightharpoons on input line 56
.
LaTeX Font Info:    Redeclaring math symbol \boxminus on input line 57.
LaTeX Font Info:    Redeclaring math symbol \Vdash on input line 58.
LaTeX Font Info:    Redeclaring math symbol \Vvdash on input line 59.
LaTeX Font Info:    Redeclaring math symbol \vDash on input line 60.
LaTeX Font Info:    Redeclaring math symbol \twoheadrightarrow on input line 61
.
LaTeX Font Info:    Redeclaring math symbol \twoheadleftarrow on input line 62.

LaTeX Font Info:    Redeclaring math symbol \leftleftarrows on input line 63.
LaTeX Font Info:    Redeclaring math symbol \rightrightarrows on input line 64.

LaTeX Font Info:    Redeclaring math symbol \upuparrows on input line 65.
LaTeX Font Info:    Redeclaring math symbol \downdownarrows on input line 66.
LaTeX Font Info:    Redeclaring math symbol \upharpoonright on input line 67.
LaTeX Font Info:    Redeclaring math symbol \downharpoonright on input line 69.

LaTeX Font Info:    Redeclaring math symbol \upharpoonleft on input line 70.
LaTeX Font Info:    Redeclaring math symbol \downharpoonleft on input line 71.
LaTeX Font Info:    Redeclaring math symbol \rightarrowtail on input line 72.
LaTeX Font Info:    Redeclaring math symbol \leftarrowtail on input line 73.
LaTeX Font Info:    Redeclaring math symbol \leftrightarrows on input line 74.
LaTeX Font Info:    Redeclaring math symbol \rightleftarrows on input line 75.
LaTeX Font Info:    Redeclaring math symbol \Lsh on input line 76.
LaTeX Font Info:    Redeclaring math symbol \Rsh on input line 77.
LaTeX Font Info:    Redeclaring math symbol \leftrightsquigarrow on input line 
79.
LaTeX Font Info:    Redeclaring math symbol \looparrowleft on input line 80.
LaTeX Font Info:    Redeclaring math symbol \looparrowright on input line 81.
LaTeX Font Info:    Redeclaring math symbol \circeq on input line 82.
LaTeX Font Info:    Redeclaring math symbol \succsim on input line 83.
LaTeX Font Info:    Redeclaring math symbol \gtrsim on input line 84.
LaTeX Font Info:    Redeclaring math symbol \gtrapprox on input line 85.
LaTeX Font Info:    Redeclaring math symbol \multimap on input line 86.
LaTeX Font Info:    Redeclaring math symbol \therefore on input line 87.
LaTeX Font Info:    Redeclaring math symbol \because on input line 88.
LaTeX Font Info:    Redeclaring math symbol \doteqdot on input line 89.
LaTeX Font Info:    Redeclaring math symbol \triangleq on input line 91.
LaTeX Font Info:    Redeclaring math symbol \precsim on input line 92.
LaTeX Font Info:    Redeclaring math symbol \lesssim on input line 93.
LaTeX Font Info:    Redeclaring math symbol \lessapprox on input line 94.
LaTeX Font Info:    Redeclaring math symbol \eqslantless on input line 95.
LaTeX Font Info:    Redeclaring math symbol \eqslantgtr on input line 96.
LaTeX Font Info:    Redeclaring math symbol \curlyeqprec on input line 97.
LaTeX Font Info:    Redeclaring math symbol \curlyeqsucc on input line 98.
LaTeX Font Info:    Redeclaring math symbol \preccurlyeq on input line 99.
LaTeX Font Info:    Redeclaring math symbol \leqq on input line 100.
LaTeX Font Info:    Redeclaring math symbol \leqslant on input line 101.
LaTeX Font Info:    Redeclaring math symbol \lessgtr on input line 102.
LaTeX Font Info:    Redeclaring math symbol \backprime on input line 103.
LaTeX Font Info:    Redeclaring math symbol \risingdotseq on input line 104.
LaTeX Font Info:    Redeclaring math symbol \fallingdotseq on input line 105.
LaTeX Font Info:    Redeclaring math symbol \succcurlyeq on input line 106.
LaTeX Font Info:    Redeclaring math symbol \geqq on input line 107.
LaTeX Font Info:    Redeclaring math symbol \geqslant on input line 108.
LaTeX Font Info:    Redeclaring math symbol \gtrless on input line 109.
LaTeX Font Info:    Redeclaring math symbol \bigstar on input line 117.
LaTeX Font Info:    Redeclaring math symbol \between on input line 118.
LaTeX Font Info:    Redeclaring math symbol \blacktriangledown on input line 11
9.
LaTeX Font Info:    Redeclaring math symbol \blacktriangleright on input line 1
20.
LaTeX Font Info:    Redeclaring math symbol \blacktriangleleft on input line 12
1.
LaTeX Font Info:    Redeclaring math symbol \vartriangle on input line 122.
LaTeX Font Info:    Redeclaring math symbol \blacktriangle on input line 123.
LaTeX Font Info:    Redeclaring math symbol \triangledown on input line 124.
LaTeX Font Info:    Redeclaring math symbol \eqcirc on input line 125.
LaTeX Font Info:    Redeclaring math symbol \lesseqgtr on input line 126.
LaTeX Font Info:    Redeclaring math symbol \gtreqless on input line 127.
LaTeX Font Info:    Redeclaring math symbol \lesseqqgtr on input line 128.
LaTeX Font Info:    Redeclaring math symbol \gtreqqless on input line 129.
LaTeX Font Info:    Redeclaring math symbol \Rrightarrow on input line 130.
LaTeX Font Info:    Redeclaring math symbol \Lleftarrow on input line 131.
LaTeX Font Info:    Redeclaring math symbol \veebar on input line 132.
LaTeX Font Info:    Redeclaring math symbol \barwedge on input line 133.
LaTeX Font Info:    Redeclaring math symbol \doublebarwedge on input line 134.
LaTeX Font Info:    Redeclaring math symbol \measuredangle on input line 137.
LaTeX Font Info:    Redeclaring math symbol \sphericalangle on input line 138.
LaTeX Font Info:    Redeclaring math symbol \varpropto on input line 139.
LaTeX Font Info:    Redeclaring math symbol \smallsmile on input line 140.
LaTeX Font Info:    Redeclaring math symbol \smallfrown on input line 141.
LaTeX Font Info:    Redeclaring math symbol \Subset on input line 142.
LaTeX Font Info:    Redeclaring math symbol \Supset on input line 143.
LaTeX Font Info:    Redeclaring math symbol \Cup on input line 144.
LaTeX Font Info:    Redeclaring math symbol \Cap on input line 146.
LaTeX Font Info:    Redeclaring math symbol \curlywedge on input line 148.
LaTeX Font Info:    Redeclaring math symbol \curlyvee on input line 149.
LaTeX Font Info:    Redeclaring math symbol \leftthreetimes on input line 150.
LaTeX Font Info:    Redeclaring math symbol \rightthreetimes on input line 151.

LaTeX Font Info:    Redeclaring math symbol \subseteqq on input line 152.
LaTeX Font Info:    Redeclaring math symbol \supseteqq on input line 153.
LaTeX Font Info:    Redeclaring math symbol \bumpeq on input line 154.
LaTeX Font Info:    Redeclaring math symbol \Bumpeq on input line 155.
LaTeX Font Info:    Redeclaring math symbol \lll on input line 156.
LaTeX Font Info:    Redeclaring math symbol \ggg on input line 158.
LaTeX Font Info:    Redeclaring math symbol \circledS on input line 160.
LaTeX Font Info:    Redeclaring math symbol \pitchfork on input line 161.
LaTeX Font Info:    Redeclaring math symbol \dotplus on input line 162.
LaTeX Font Info:    Redeclaring math symbol \backsim on input line 163.
LaTeX Font Info:    Redeclaring math symbol \backsimeq on input line 164.
LaTeX Font Info:    Redeclaring math symbol \complement on input line 165.
LaTeX Font Info:    Redeclaring math symbol \intercal on input line 166.
LaTeX Font Info:    Redeclaring math symbol \circledcirc on input line 167.
LaTeX Font Info:    Redeclaring math symbol \circledast on input line 168.
LaTeX Font Info:    Redeclaring math symbol \circleddash on input line 169.
LaTeX Font Info:    Redeclaring math symbol \lvertneqq on input line 171.
LaTeX Font Info:    Redeclaring math symbol \gvertneqq on input line 172.
LaTeX Font Info:    Redeclaring math symbol \nleq on input line 173.
LaTeX Font Info:    Redeclaring math symbol \ngeq on input line 174.
LaTeX Font Info:    Redeclaring math symbol \nless on input line 175.
LaTeX Font Info:    Redeclaring math symbol \ngtr on input line 176.
LaTeX Font Info:    Redeclaring math symbol \nprec on input line 177.
LaTeX Font Info:    Redeclaring math symbol \nsucc on input line 178.
LaTeX Font Info:    Redeclaring math symbol \lneqq on input line 179.
LaTeX Font Info:    Redeclaring math symbol \gneqq on input line 180.
LaTeX Font Info:    Redeclaring math symbol \nleqslant on input line 181.
LaTeX Font Info:    Redeclaring math symbol \ngeqslant on input line 182.
LaTeX Font Info:    Redeclaring math symbol \lneq on input line 183.
LaTeX Font Info:    Redeclaring math symbol \gneq on input line 184.
LaTeX Font Info:    Redeclaring math symbol \npreceq on input line 185.
LaTeX Font Info:    Redeclaring math symbol \nsucceq on input line 186.
LaTeX Font Info:    Redeclaring math symbol \precnsim on input line 187.
LaTeX Font Info:    Redeclaring math symbol \succnsim on input line 188.
LaTeX Font Info:    Redeclaring math symbol \lnsim on input line 189.
LaTeX Font Info:    Redeclaring math symbol \gnsim on input line 190.
LaTeX Font Info:    Redeclaring math symbol \nleqq on input line 191.
LaTeX Font Info:    Redeclaring math symbol \ngeqq on input line 192.
LaTeX Font Info:    Redeclaring math symbol \precneqq on input line 193.
LaTeX Font Info:    Redeclaring math symbol \succneqq on input line 194.
LaTeX Font Info:    Redeclaring math symbol \precnapprox on input line 195.
LaTeX Font Info:    Redeclaring math symbol \succnapprox on input line 196.
LaTeX Font Info:    Redeclaring math symbol \lnapprox on input line 197.
LaTeX Font Info:    Redeclaring math symbol \gnapprox on input line 198.
LaTeX Font Info:    Redeclaring math symbol \nsim on input line 199.
LaTeX Font Info:    Redeclaring math symbol \ncong on input line 200.
LaTeX Font Info:    Redeclaring math symbol \diagup on input line 201.
LaTeX Font Info:    Redeclaring math symbol \diagdown on input line 202.
LaTeX Font Info:    Redeclaring math symbol \varsubsetneq on input line 203.
LaTeX Font Info:    Redeclaring math symbol \varsupsetneq on input line 204.
LaTeX Font Info:    Redeclaring math symbol \nsubseteqq on input line 205.
LaTeX Font Info:    Redeclaring math symbol \nsupseteqq on input line 206.
LaTeX Font Info:    Redeclaring math symbol \subsetneqq on input line 207.
LaTeX Font Info:    Redeclaring math symbol \supsetneqq on input line 208.
LaTeX Font Info:    Redeclaring math symbol \varsubsetneqq on input line 209.
LaTeX Font Info:    Redeclaring math symbol \varsupsetneqq on input line 210.
LaTeX Font Info:    Redeclaring math symbol \subsetneq on input line 211.
LaTeX Font Info:    Redeclaring math symbol \supsetneq on input line 212.
LaTeX Font Info:    Redeclaring math symbol \nsubseteq on input line 213.
LaTeX Font Info:    Redeclaring math symbol \nsupseteq on input line 214.
LaTeX Font Info:    Redeclaring math symbol \nparallel on input line 215.
LaTeX Font Info:    Redeclaring math symbol \nmid on input line 216.
LaTeX Font Info:    Redeclaring math symbol \nshortmid on input line 217.
LaTeX Font Info:    Redeclaring math symbol \nshortparallel on input line 218.
LaTeX Font Info:    Redeclaring math symbol \nvdash on input line 219.
LaTeX Font Info:    Redeclaring math symbol \nVdash on input line 220.
LaTeX Font Info:    Redeclaring math symbol \nvDash on input line 221.
LaTeX Font Info:    Redeclaring math symbol \nVDash on input line 222.
LaTeX Font Info:    Redeclaring math symbol \ntrianglerighteq on input line 223
.
LaTeX Font Info:    Redeclaring math symbol \ntrianglelefteq on input line 224.

LaTeX Font Info:    Redeclaring math symbol \ntriangleleft on input line 225.
LaTeX Font Info:    Redeclaring math symbol \ntriangleright on input line 226.
LaTeX Font Info:    Redeclaring math symbol \nleftarrow on input line 227.
LaTeX Font Info:    Redeclaring math symbol \nrightarrow on input line 228.
LaTeX Font Info:    Redeclaring math symbol \nLeftarrow on input line 229.
LaTeX Font Info:    Redeclaring math symbol \nRightarrow on input line 230.
LaTeX Font Info:    Redeclaring math symbol \nLeftrightarrow on input line 231.

LaTeX Font Info:    Redeclaring math symbol \nleftrightarrow on input line 232.

LaTeX Font Info:    Redeclaring math symbol \divideontimes on input line 233.
LaTeX Font Info:    Redeclaring math symbol \varnothing on input line 234.
LaTeX Font Info:    Redeclaring math symbol \nexists on input line 235.
LaTeX Font Info:    Redeclaring math symbol \Finv on input line 236.
LaTeX Font Info:    Redeclaring math symbol \Game on input line 237.
LaTeX Font Info:    Redeclaring math symbol \eth on input line 240.
LaTeX Font Info:    Redeclaring math symbol \eqsim on input line 241.
LaTeX Font Info:    Redeclaring math symbol \beth on input line 242.
LaTeX Font Info:    Redeclaring math symbol \gimel on input line 243.
LaTeX Font Info:    Redeclaring math symbol \daleth on input line 244.
LaTeX Font Info:    Redeclaring math symbol \lessdot on input line 245.
LaTeX Font Info:    Redeclaring math symbol \gtrdot on input line 246.
LaTeX Font Info:    Redeclaring math symbol \ltimes on input line 247.
LaTeX Font Info:    Redeclaring math symbol \rtimes on input line 248.
LaTeX Font Info:    Redeclaring math symbol \shortmid on input line 249.
LaTeX Font Info:    Redeclaring math symbol \shortparallel on input line 250.
LaTeX Font Info:    Redeclaring math symbol \smallsetminus on input line 251.
LaTeX Font Info:    Redeclaring math symbol \thicksim on input line 252.
LaTeX Font Info:    Redeclaring math symbol \thickapprox on input line 253.
LaTeX Font Info:    Redeclaring math symbol \approxeq on input line 254.
LaTeX Font Info:    Redeclaring math symbol \succapprox on input line 255.
LaTeX Font Info:    Redeclaring math symbol \precapprox on input line 256.
LaTeX Font Info:    Redeclaring math symbol \curvearrowleft on input line 257.
LaTeX Font Info:    Redeclaring math symbol \curvearrowright on input line 258.

LaTeX Font Info:    Redeclaring math symbol \digamma on input line 259.
LaTeX Font Info:    Redeclaring math symbol \varkappa on input line 260.
LaTeX Font Info:    Redeclaring math symbol \Bbbk on input line 261.
LaTeX Font Info:    Redeclaring math symbol \hslash on input line 262.
LaTeX Font Info:    Redeclaring math symbol \backepsilon on input line 265.
) (C:\Users\Owner\AppData\Local\Programs\MiKTeX\tex/latex/tools\bm.sty
Package: bm 2025/10/21 v1.2g Bold Symbol Support (DPC/FMi)
\symboldoperators=\mathgroup10
\symboldletters=\mathgroup11
\symboldsymbols=\mathgroup12
Package bm Info: No bold for \OMX/lmex/m/n, using \pmb.
\symbolditalic=\mathgroup13
Package bm Info: No bold for \U/msa/m/n, using \pmb.
Package bm Info: No bold for \U/msb/m/n, using \pmb.
LaTeX Font Info:    Redeclaring math alphabet \mathbf on input line 149.
)
(C:\Users\Owner\AppData\Local\Programs\MiKTeX\tex/latex/booktabs\booktabs.sty
Package: booktabs 2020/01/12 v1.61803398 Publication quality tables
\heavyrulewidth=\dimen175
\lightrulewidth=\dimen176
\cmidrulewidth=\dimen177
\belowrulesep=\dimen178
\belowbottomsep=\dimen179
\aboverulesep=\dimen180
\abovetopsep=\dimen181
\cmidrulesep=\dimen182
\cmidrulekern=\dimen183
\defaultaddspace=\dimen184
\@cmidla=\count307
\@cmidlb=\count308
\@aboverulesep=\dimen185
\@belowrulesep=\dimen186
\@thisruleclass=\count309
\@lastruleclass=\count310
\@thisrulewidth=\dimen187
)
(C:\Users\Owner\AppData\Local\Programs\MiKTeX\tex/latex/tools\tabularx.sty
Package: tabularx 2023/12/11 v2.12a `tabularx' package (DPC)

(C:\Users\Owner\AppData\Local\Programs\MiKTeX\tex/latex/tools\array.sty
Package: array 2025/09/25 v2.6n Tabular extension package (FMi)
\col@sep=\dimen188
\ar@mcellbox=\box61
\extrarowheight=\dimen189
\NC@list=\toks26
\extratabsurround=\skip58
\backup@length=\skip59
\ar@cellbox=\box62
)
\TX@col@width=\dimen190
\TX@old@table=\dimen191
\TX@old@col=\dimen192
\TX@target=\dimen193
\TX@delta=\dimen194
\TX@cols=\count311
\TX@ftn=\toks27
)
(C:\Users\Owner\AppData\Local\Programs\MiKTeX\tex/latex/xltabular\xltabular.sty
Package: xltabular 2025/02/28 v0.2i `xltabular' package (hv,RN)
(C:\Users\Owner\AppData\Local\Programs\MiKTeX\tex/latex/ltablex\ltablex.sty
Package: ltablex 2014/08/13 v1.1 Modified tabularx

(C:\Users\Owner\AppData\Local\Programs\MiKTeX\tex/latex/tools\longtable.sty
Package: longtable 2025-10-13 v4.24 Multi-page Table package (DPC)
\LTleft=\skip60
\LTright=\skip61
\LTpre=\skip62
\LTpost=\skip63
\LTchunksize=\count312
\LTcapwidth=\dimen195
\LT@head=\box63
\LT@firsthead=\box64
\LT@foot=\box65
\LT@lastfoot=\box66
\LT@gbox=\box67
\LT@cols=\count313
\LT@rows=\count314
\c@LT@tables=\count315
\c@LT@chunks=\count316
\LT@p@ftn=\toks28
)))
(C:\Users\Owner\AppData\Local\Programs\MiKTeX\tex/latex/siunitx\siunitx.sty
Package: siunitx 2026-04-15 v3.5.4 A comprehensive (SI) units package
\l__siunitx_number_uncert_offset_int=\count317
\l__siunitx_number_exponent_fixed_int=\count318
\l__siunitx_number_min_decimal_int=\count319
\l__siunitx_number_min_integer_int=\count320
\l__siunitx_number_round_precision_int=\count321
\l__siunitx_number_lower_threshold_int=\count322
\l__siunitx_number_upper_threshold_int=\count323
\l__siunitx_number_group_first_int=\count324
\l__siunitx_number_group_size_int=\count325
\l__siunitx_number_group_min_int=\count326
\l__siunitx_number_group_minimum_int=\count327
\l__siunitx_compound_count_int=\count328

(C:\Users\Owner\AppData\Local\Programs\MiKTeX\tex/latex/translations\translatio
ns.sty
Package: translations 2022/02/05 v1.12 internationalization of LaTeX2e packages
 (CN)

(C:\Users\Owner\AppData\Local\Programs\MiKTeX\tex/generic/pdftexcmds\pdftexcmds
.sty
Package: pdftexcmds 2020-06-27 v0.33 Utility functions of pdfTeX for LuaTeX (HO
)

(C:\Users\Owner\AppData\Local\Programs\MiKTeX\tex/generic/infwarerr\infwarerr.s
ty
Package: infwarerr 2019/12/03 v1.5 Providing info/warning/error messages (HO)
)
(C:\Users\Owner\AppData\Local\Programs\MiKTeX\tex/generic/ltxcmds\ltxcmds.sty
Package: ltxcmds 2023-12-04 v1.26 LaTeX kernel commands for general use (HO)
)
Package pdftexcmds Info: \pdf@primitive is available.
Package pdftexcmds Info: \pdf@ifprimitive is available.
Package pdftexcmds Info: \pdfdraftmode found.
))
\l__siunitx_table_tmp_box=\box68
\l__siunitx_table_tmp_dim=\dimen196
\l__siunitx_table_column_width_dim=\dimen197
\l__siunitx_table_integer_box=\box69
\l__siunitx_table_decimal_box=\box70
\l__siunitx_table_uncert_box=\box71
\l__siunitx_table_before_box=\box72
\l__siunitx_table_after_box=\box73
\l__siunitx_table_before_dim=\dimen198
\l__siunitx_table_carry_dim=\dimen199
\l__siunitx_unit_tmp_int=\count329
\l__siunitx_unit_position_int=\count330
\l__siunitx_unit_total_int=\count331
\l__siunitx_sexagesimal_tmp_dim=\dimen256
\l__siunitx_sexagesimal_marker_box=\box74
\l__siunitx_sexagesimal_unit_box=\box75
)
(C:\Users\Owner\AppData\Local\Programs\MiKTeX\tex/latex/enumitem\enumitem.sty
Package: enumitem 2025/02/06 v3.11 Customized lists
\labelindent=\skip64
\enit@outerparindent=\dimen257
\enit@toks=\toks29
\enit@inbox=\box76
\enit@count@id=\count332
\enitdp@description=\count333
)
(C:\Users\Owner\AppData\Local\Programs\MiKTeX\tex/latex/xcolor\xcolor.sty
Package: xcolor 2024/09/29 v3.02 LaTeX color extensions (UK)

(C:\Users\Owner\AppData\Local\Programs\MiKTeX\tex/latex/graphics-cfg\color.cfg
File: color.cfg 2016/01/02 v1.6 sample color configuration
)
Package xcolor Info: Driver file: pdftex.def on input line 274.
(C:\Users\Owner\AppData\Local\Programs\MiKTeX\tex/latex/graphics\mathcolor.ltx)
Package xcolor Info: Model `cmy' substituted by `cmy0' on input line 1349.
Package xcolor Info: Model `hsb' substituted by `rgb' on input line 1353.
Package xcolor Info: Model `RGB' extended on input line 1365.
Package xcolor Info: Model `HTML' substituted by `rgb' on input line 1367.
Package xcolor Info: Model `Hsb' substituted by `hsb' on input line 1368.
Package xcolor Info: Model `tHsb' substituted by `hsb' on input line 1369.
Package xcolor Info: Model `HSB' substituted by `hsb' on input line 1370.
Package xcolor Info: Model `Gray' substituted by `gray' on input line 1371.
Package xcolor Info: Model `wave' substituted by `hsb' on input line 1372.
)
(C:\Users\Owner\AppData\Local\Programs\MiKTeX\tex/latex/pgf/frontendlayer\tikz.
sty
(C:\Users\Owner\AppData\Local\Programs\MiKTeX\tex/latex/pgf/basiclayer\pgf.sty
(C:\Users\Owner\AppData\Local\Programs\MiKTeX\tex/latex/pgf/utilities\pgfrcs.st
y
(C:\Users\Owner\AppData\Local\Programs\MiKTeX\tex/generic/pgf/utilities\pgfutil
-common.tex
\pgfutil@everybye=\toks30
\pgfutil@tempdima=\dimen258
\pgfutil@tempdimb=\dimen259
)
(C:\Users\Owner\AppData\Local\Programs\MiKTeX\tex/generic/pgf/utilities\pgfutil
-latex.def
\pgfutil@abb=\box77
)
(C:\Users\Owner\AppData\Local\Programs\MiKTeX\tex/generic/pgf/utilities\pgfrcs.
code.tex
(C:\Users\Owner\AppData\Local\Programs\MiKTeX\tex/generic/pgf\pgf.revision.tex)
Package: pgfrcs 2025-08-29 v3.1.11a (3.1.11a)
))
Package: pgf 2025-08-29 v3.1.11a (3.1.11a)

(C:\Users\Owner\AppData\Local\Programs\MiKTeX\tex/latex/pgf/basiclayer\pgfcore.
sty
(C:\Users\Owner\AppData\Local\Programs\MiKTeX\tex/latex/pgf/systemlayer\pgfsys.
sty
(C:\Users\Owner\AppData\Local\Programs\MiKTeX\tex/generic/pgf/systemlayer\pgfsy
s.code.tex
Package: pgfsys 2025-08-29 v3.1.11a (3.1.11a)

(C:\Users\Owner\AppData\Local\Programs\MiKTeX\tex/generic/pgf/utilities\pgfkeys
.code.tex
\pgfkeys@pathtoks=\toks31
\pgfkeys@temptoks=\toks32

(C:\Users\Owner\AppData\Local\Programs\MiKTeX\tex/generic/pgf/utilities\pgfkeys
libraryfiltered.code.tex
\pgfkeys@tmptoks=\toks33
))
\pgf@x=\dimen260
\pgf@y=\dimen261
\pgf@xa=\dimen262
\pgf@ya=\dimen263
\pgf@xb=\dimen264
\pgf@yb=\dimen265
\pgf@xc=\dimen266
\pgf@yc=\dimen267
\pgf@xd=\dimen268
\pgf@yd=\dimen269
\w@pgf@writea=\write4
\r@pgf@reada=\read2
\c@pgf@counta=\count334
\c@pgf@countb=\count335
\c@pgf@countc=\count336
\c@pgf@countd=\count337
\t@pgf@toka=\toks34
\t@pgf@tokb=\toks35
\t@pgf@tokc=\toks36
\pgf@sys@id@count=\count338

(C:\Users\Owner\AppData\Local\Programs\MiKTeX\tex/generic/pgf/systemlayer\pgf.c
fg
File: pgf.cfg 2025-08-29 v3.1.11a (3.1.11a)
)
Driver file for pgf: pgfsys-pdftex.def

(C:\Users\Owner\AppData\Local\Programs\MiKTeX\tex/generic/pgf/systemlayer\pgfsy
s-pdftex.def
File: pgfsys-pdftex.def 2025-08-29 v3.1.11a (3.1.11a)

(C:\Users\Owner\AppData\Local\Programs\MiKTeX\tex/generic/pgf/systemlayer\pgfsy
s-common-pdf.def
File: pgfsys-common-pdf.def 2025-08-29 v3.1.11a (3.1.11a)
)))
(C:\Users\Owner\AppData\Local\Programs\MiKTeX\tex/generic/pgf/systemlayer\pgfsy
ssoftpath.code.tex
File: pgfsyssoftpath.code.tex 2025-08-29 v3.1.11a (3.1.11a)
\pgfsyssoftpath@smallbuffer@items=\count339
\pgfsyssoftpath@bigbuffer@items=\count340
)
(C:\Users\Owner\AppData\Local\Programs\MiKTeX\tex/generic/pgf/systemlayer\pgfsy
sprotocol.code.tex
File: pgfsysprotocol.code.tex 2025-08-29 v3.1.11a (3.1.11a)
))
(C:\Users\Owner\AppData\Local\Programs\MiKTeX\tex/generic/pgf/basiclayer\pgfcor
e.code.tex
Package: pgfcore 2025-08-29 v3.1.11a (3.1.11a)

(C:\Users\Owner\AppData\Local\Programs\MiKTeX\tex/generic/pgf/math\pgfmath.code
.tex
(C:\Users\Owner\AppData\Local\Programs\MiKTeX\tex/generic/pgf/math\pgfmathutil.
code.tex)
(C:\Users\Owner\AppData\Local\Programs\MiKTeX\tex/generic/pgf/math\pgfmathparse
r.code.tex
\pgfmath@dimen=\dimen270
\pgfmath@count=\count341
\pgfmath@box=\box78
\pgfmath@toks=\toks37
\pgfmath@stack@operand=\toks38
\pgfmath@stack@operation=\toks39
)
(C:\Users\Owner\AppData\Local\Programs\MiKTeX\tex/generic/pgf/math\pgfmathfunct
ions.code.tex)
(C:\Users\Owner\AppData\Local\Programs\MiKTeX\tex/generic/pgf/math\pgfmathfunct
ions.basic.code.tex)
(C:\Users\Owner\AppData\Local\Programs\MiKTeX\tex/generic/pgf/math\pgfmathfunct
ions.trigonometric.code.tex)
(C:\Users\Owner\AppData\Local\Programs\MiKTeX\tex/generic/pgf/math\pgfmathfunct
ions.random.code.tex)
(C:\Users\Owner\AppData\Local\Programs\MiKTeX\tex/generic/pgf/math\pgfmathfunct
ions.comparison.code.tex)
(C:\Users\Owner\AppData\Local\Programs\MiKTeX\tex/generic/pgf/math\pgfmathfunct
ions.base.code.tex)
(C:\Users\Owner\AppData\Local\Programs\MiKTeX\tex/generic/pgf/math\pgfmathfunct
ions.round.code.tex)
(C:\Users\Owner\AppData\Local\Programs\MiKTeX\tex/generic/pgf/math\pgfmathfunct
ions.misc.code.tex)
(C:\Users\Owner\AppData\Local\Programs\MiKTeX\tex/generic/pgf/math\pgfmathfunct
ions.integerarithmetics.code.tex)
(C:\Users\Owner\AppData\Local\Programs\MiKTeX\tex/generic/pgf/math\pgfmathcalc.
code.tex)
(C:\Users\Owner\AppData\Local\Programs\MiKTeX\tex/generic/pgf/math\pgfmathfloat
.code.tex
\c@pgfmathroundto@lastzeros=\count342
))
(C:\Users\Owner\AppData\Local\Programs\MiKTeX\tex/generic/pgf/math\pgfint.code.
tex)
(C:\Users\Owner\AppData\Local\Programs\MiKTeX\tex/generic/pgf/basiclayer\pgfcor
epoints.code.tex
File: pgfcorepoints.code.tex 2025-08-29 v3.1.11a (3.1.11a)
\pgf@picminx=\dimen271
\pgf@picmaxx=\dimen272
\pgf@picminy=\dimen273
\pgf@picmaxy=\dimen274
\pgf@pathminx=\dimen275
\pgf@pathmaxx=\dimen276
\pgf@pathminy=\dimen277
\pgf@pathmaxy=\dimen278
\pgf@xx=\dimen279
\pgf@xy=\dimen280
\pgf@yx=\dimen281
\pgf@yy=\dimen282
\pgf@zx=\dimen283
\pgf@zy=\dimen284
)
(C:\Users\Owner\AppData\Local\Programs\MiKTeX\tex/generic/pgf/basiclayer\pgfcor
epathconstruct.code.tex
File: pgfcorepathconstruct.code.tex 2025-08-29 v3.1.11a (3.1.11a)
\pgf@path@lastx=\dimen285
\pgf@path@lasty=\dimen286
)
(C:\Users\Owner\AppData\Local\Programs\MiKTeX\tex/generic/pgf/basiclayer\pgfcor
epathusage.code.tex
File: pgfcorepathusage.code.tex 2025-08-29 v3.1.11a (3.1.11a)
\pgf@shorten@end@additional=\dimen287
\pgf@shorten@start@additional=\dimen288
)
(C:\Users\Owner\AppData\Local\Programs\MiKTeX\tex/generic/pgf/basiclayer\pgfcor
escopes.code.tex
File: pgfcorescopes.code.tex 2025-08-29 v3.1.11a (3.1.11a)
\pgfpic=\box79
\pgf@hbox=\box80
\pgf@layerbox@main=\box81
\pgf@picture@serial@count=\count343
)
(C:\Users\Owner\AppData\Local\Programs\MiKTeX\tex/generic/pgf/basiclayer\pgfcor
egraphicstate.code.tex
File: pgfcoregraphicstate.code.tex 2025-08-29 v3.1.11a (3.1.11a)
\pgflinewidth=\dimen289
)
(C:\Users\Owner\AppData\Local\Programs\MiKTeX\tex/generic/pgf/basiclayer\pgfcor
etransformations.code.tex
File: pgfcoretransformations.code.tex 2025-08-29 v3.1.11a (3.1.11a)
\pgf@pt@x=\dimen290
\pgf@pt@y=\dimen291
\pgf@pt@temp=\dimen292
)
(C:\Users\Owner\AppData\Local\Programs\MiKTeX\tex/generic/pgf/basiclayer\pgfcor
equick.code.tex
File: pgfcorequick.code.tex 2025-08-29 v3.1.11a (3.1.11a)
)
(C:\Users\Owner\AppData\Local\Programs\MiKTeX\tex/generic/pgf/basiclayer\pgfcor
eobjects.code.tex
File: pgfcoreobjects.code.tex 2025-08-29 v3.1.11a (3.1.11a)
)
(C:\Users\Owner\AppData\Local\Programs\MiKTeX\tex/generic/pgf/basiclayer\pgfcor
epathprocessing.code.tex
File: pgfcorepathprocessing.code.tex 2025-08-29 v3.1.11a (3.1.11a)
)
(C:\Users\Owner\AppData\Local\Programs\MiKTeX\tex/generic/pgf/basiclayer\pgfcor
earrows.code.tex
File: pgfcorearrows.code.tex 2025-08-29 v3.1.11a (3.1.11a)
\pgfarrowsep=\dimen293
)
(C:\Users\Owner\AppData\Local\Programs\MiKTeX\tex/generic/pgf/basiclayer\pgfcor
eshade.code.tex
File: pgfcoreshade.code.tex 2025-08-29 v3.1.11a (3.1.11a)
\pgf@max=\dimen294
\pgf@sys@shading@range@num=\count344
\pgf@shadingcount=\count345
)
(C:\Users\Owner\AppData\Local\Programs\MiKTeX\tex/generic/pgf/basiclayer\pgfcor
eimage.code.tex
File: pgfcoreimage.code.tex 2025-08-29 v3.1.11a (3.1.11a)
)
(C:\Users\Owner\AppData\Local\Programs\MiKTeX\tex/generic/pgf/basiclayer\pgfcor
eexternal.code.tex
File: pgfcoreexternal.code.tex 2025-08-29 v3.1.11a (3.1.11a)
\pgfexternal@startupbox=\box82
)
(C:\Users\Owner\AppData\Local\Programs\MiKTeX\tex/generic/pgf/basiclayer\pgfcor
elayers.code.tex
File: pgfcorelayers.code.tex 2025-08-29 v3.1.11a (3.1.11a)
)
(C:\Users\Owner\AppData\Local\Programs\MiKTeX\tex/generic/pgf/basiclayer\pgfcor
etransparency.code.tex
File: pgfcoretransparency.code.tex 2025-08-29 v3.1.11a (3.1.11a)
)
(C:\Users\Owner\AppData\Local\Programs\MiKTeX\tex/generic/pgf/basiclayer\pgfcor
epatterns.code.tex
File: pgfcorepatterns.code.tex 2025-08-29 v3.1.11a (3.1.11a)
)
(C:\Users\Owner\AppData\Local\Programs\MiKTeX\tex/generic/pgf/basiclayer\pgfcor
erdf.code.tex
File: pgfcorerdf.code.tex 2025-08-29 v3.1.11a (3.1.11a)
)))
(C:\Users\Owner\AppData\Local\Programs\MiKTeX\tex/generic/pgf/modules\pgfmodule
shapes.code.tex
File: pgfmoduleshapes.code.tex 2025-08-29 v3.1.11a (3.1.11a)
\pgfnodeparttextbox=\box83
)
(C:\Users\Owner\AppData\Local\Programs\MiKTeX\tex/generic/pgf/modules\pgfmodule
plot.code.tex
File: pgfmoduleplot.code.tex 2025-08-29 v3.1.11a (3.1.11a)
)
(C:\Users\Owner\AppData\Local\Programs\MiKTeX\tex/latex/pgf/compatibility\pgfco
mp-version-0-65.sty
Package: pgfcomp-version-0-65 2025-08-29 v3.1.11a (3.1.11a)
\pgf@nodesepstart=\dimen295
\pgf@nodesepend=\dimen296
)
(C:\Users\Owner\AppData\Local\Programs\MiKTeX\tex/latex/pgf/compatibility\pgfco
mp-version-1-18.sty
Package: pgfcomp-version-1-18 2025-08-29 v3.1.11a (3.1.11a)
))
(C:\Users\Owner\AppData\Local\Programs\MiKTeX\tex/latex/pgf/utilities\pgffor.st
y
(C:\Users\Owner\AppData\Local\Programs\MiKTeX\tex/latex/pgf/utilities\pgfkeys.s
ty
(C:\Users\Owner\AppData\Local\Programs\MiKTeX\tex/generic/pgf/utilities\pgfkeys
.code.tex))
(C:\Users\Owner\AppData\Local\Programs\MiKTeX\tex/latex/pgf/math\pgfmath.sty
(C:\Users\Owner\AppData\Local\Programs\MiKTeX\tex/generic/pgf/math\pgfmath.code
.tex))
(C:\Users\Owner\AppData\Local\Programs\MiKTeX\tex/generic/pgf/utilities\pgffor.
code.tex
Package: pgffor 2025-08-29 v3.1.11a (3.1.11a)
\pgffor@iter=\dimen297
\pgffor@skip=\dimen298
\pgffor@stack=\toks40
\pgffor@toks=\toks41
))
(C:\Users\Owner\AppData\Local\Programs\MiKTeX\tex/generic/pgf/frontendlayer/tik
z\tikz.code.tex
Package: tikz 2025-08-29 v3.1.11a (3.1.11a)

(C:\Users\Owner\AppData\Local\Programs\MiKTeX\tex/generic/pgf/libraries\pgflibr
aryplothandlers.code.tex
File: pgflibraryplothandlers.code.tex 2025-08-29 v3.1.11a (3.1.11a)
\pgf@plot@mark@count=\count346
\pgfplotmarksize=\dimen299
)
\tikz@lastx=\dimen300
\tikz@lasty=\dimen301
\tikz@lastxsaved=\dimen302
\tikz@lastysaved=\dimen303
\tikz@lastmovetox=\dimen304
\tikz@lastmovetoy=\dimen305
\tikzleveldistance=\dimen306
\tikzsiblingdistance=\dimen307
\tikz@figbox=\box84
\tikz@figbox@bg=\box85
\tikz@tempbox=\box86
\tikz@tempbox@bg=\box87
\tikztreelevel=\count347
\tikznumberofchildren=\count348
\tikznumberofcurrentchild=\count349
\tikz@fig@count=\count350

(C:\Users\Owner\AppData\Local\Programs\MiKTeX\tex/generic/pgf/modules\pgfmodule
matrix.code.tex
File: pgfmodulematrix.code.tex 2025-08-29 v3.1.11a (3.1.11a)
\pgfmatrixcurrentrow=\count351
\pgfmatrixcurrentcolumn=\count352
\pgf@matrix@numberofcolumns=\count353
)
\tikz@expandcount=\count354

(C:\Users\Owner\AppData\Local\Programs\MiKTeX\tex/generic/pgf/frontendlayer/tik
z/libraries\tikzlibrarytopaths.code.tex
File: tikzlibrarytopaths.code.tex 2025-08-29 v3.1.11a (3.1.11a)
)))
(C:\Users\Owner\AppData\Local\Programs\MiKTeX\tex/generic/pgf/frontendlayer/tik
z/libraries\tikzlibrarycalc.code.tex
File: tikzlibrarycalc.code.tex 2025-08-29 v3.1.11a (3.1.11a)
)
(C:\Users\Owner\AppData\Local\Programs\MiKTeX\tex/generic/pgf/frontendlayer/tik
z/libraries\tikzlibrarypositioning.code.tex
File: tikzlibrarypositioning.code.tex 2025-08-29 v3.1.11a (3.1.11a)
)
(C:\Users\Owner\AppData\Local\Programs\MiKTeX\tex/generic/pgf/frontendlayer/tik
z/libraries\tikzlibraryshapes.geometric.code.tex
File: tikzlibraryshapes.geometric.code.tex 2025-08-29 v3.1.11a (3.1.11a)

(C:\Users\Owner\AppData\Local\Programs\MiKTeX\tex/generic/pgf/libraries/shapes\
pgflibraryshapes.geometric.code.tex
File: pgflibraryshapes.geometric.code.tex 2025-08-29 v3.1.11a (3.1.11a)
))
(C:\Users\Owner\AppData\Local\Programs\MiKTeX\tex/generic/pgf/libraries\pgflibr
aryarrows.meta.code.tex
File: pgflibraryarrows.meta.code.tex 2025-08-29 v3.1.11a (3.1.11a)
\pgfarrowinset=\dimen308
\pgfarrowlength=\dimen309
\pgfarrowwidth=\dimen310
\pgfarrowlinewidth=\dimen311
)
(C:\Users\Owner\AppData\Local\Programs\MiKTeX\tex/generic/pgf/frontendlayer/tik
z/libraries\tikzlibraryfit.code.tex
File: tikzlibraryfit.code.tex 2025-08-29 v3.1.11a (3.1.11a)
)
(C:\Users\Owner\AppData\Local\Programs\MiKTeX\tex/latex/cleveref\cleveref.sty
Package: cleveref 2018/03/27 v0.21.4 Intelligent cross-referencing
Package cleveref Info: always capitalise cross-reference names on input line 78
25.
Package cleveref Info: include cross-reference names in hyperlinks on input lin
e 7836.
Package cleveref Info: include cross-reference names in hyperlinks on input lin
e 7852.
Package cleveref Info: always capitalise cross-reference names on input line 78
52.
)
==> First Aid for cleveref.sty applied!

(C:\Users\Owner\AppData\Local\Programs\MiKTeX\tex/latex/algorithms\algorithm.st
y
Package: algorithm 2009/08/24 v0.1 Document Style `algorithm' - floating enviro
nment
 (C:\Users\Owner\AppData\Local\Programs\MiKTeX\tex/latex/float\float.sty
Package: float 2001/11/08 v1.3d Float enhancements (AL)
\c@float@type=\count355
\float@exts=\toks42
\float@box=\box88
\@float@everytoks=\toks43
\@floatcapt=\box89
)
(C:\Users\Owner\AppData\Local\Programs\MiKTeX\tex/latex/base\ifthen.sty
Package: ifthen 2024/03/16 v1.1e Standard LaTeX ifthen package (DPC)
)
\@float@every@algorithm=\toks44
\c@algorithm=\count356
)
(C:\Users\Owner\AppData\Local\Programs\MiKTeX\tex/latex/algorithmicx\algpseudoc
ode.sty
Package: algpseudocode 

(C:\Users\Owner\AppData\Local\Programs\MiKTeX\tex/latex/algorithmicx\algorithmi
cx.sty
Package: algorithmicx 2005/04/27 v1.2 Algorithmicx

Document Style algorithmicx 1.2 - a greatly improved `algorithmic' style
\c@ALG@line=\count357
\c@ALG@rem=\count358
\c@ALG@nested=\count359
\ALG@tlm=\skip65
\ALG@thistlm=\skip66
\c@ALG@Lnr=\count360
\c@ALG@blocknr=\count361
\c@ALG@storecount=\count362
\c@ALG@tmpcounter=\count363
\ALG@tmplength=\skip67
)
Document Style - pseudocode environments for use with the `algorithmicx' style
)
Package translations Info: No language package found. I am going to use `englis
h' as default language. on input line 71.
LaTeX Font Info:    Trying to load font information for T1+lmr on input line 71
.
 (C:\Users\Owner\AppData\Local\Programs\MiKTeX\tex/latex/lm\t1lmr.fd
File: t1lmr.fd 2015/05/01 v1.6.1 Font defs for Latin Modern
)
(SC_manuscript.aux)
\openout1 = `SC_manuscript.aux'.

LaTeX Font Info:    Checking defaults for OML/txmi/m/it on input line 71.
LaTeX Font Info:    Trying to load font information for OML+txmi on input line 
71.

(C:\Users\Owner\AppData\Local\Programs\MiKTeX\tex/latex/txfonts\omltxmi.fd
File: omltxmi.fd 2000/12/15 v3.1
)
LaTeX Font Info:    ... okay on input line 71.
LaTeX Font Info:    Checking defaults for OMS/txsy/m/n on input line 71.
LaTeX Font Info:    Trying to load font information for OMS+txsy on input line 
71.

(C:\Users\Owner\AppData\Local\Programs\MiKTeX\tex/latex/txfonts\omstxsy.fd
File: omstxsy.fd 2000/12/15 v3.1
)
LaTeX Font Info:    ... okay on input line 71.
LaTeX Font Info:    Checking defaults for OT1/cmr/m/n on input line 71.
LaTeX Font Info:    ... okay on input line 71.
LaTeX Font Info:    Checking defaults for T1/cmr/m/n on input line 71.
LaTeX Font Info:    ... okay on input line 71.
LaTeX Font Info:    Checking defaults for TS1/cmr/m/n on input line 71.
LaTeX Font Info:    ... okay on input line 71.
LaTeX Font Info:    Checking defaults for OMX/txex/m/n on input line 71.
LaTeX Font Info:    Trying to load font information for OMX+txex on input line 
71.

(C:\Users\Owner\AppData\Local\Programs\MiKTeX\tex/latex/txfonts\omxtxex.fd
File: omxtxex.fd 2000/12/15 v3.1
)
LaTeX Font Info:    ... okay on input line 71.
LaTeX Font Info:    Checking defaults for U/txexa/m/n on input line 71.
LaTeX Font Info:    Trying to load font information for U+txexa on input line 7
1.

(C:\Users\Owner\AppData\Local\Programs\MiKTeX\tex/latex/txfonts\utxexa.fd
File: utxexa.fd 2000/12/15 v3.1
)
LaTeX Font Info:    ... okay on input line 71.

(C:\Users\Owner\AppData\Local\Programs\MiKTeX\tex/context/base/mkii\supp-pdf.mk
ii
[Loading MPS to PDF converter (version 2006.09.02).]
\scratchcounter=\count364
\scratchdimen=\dimen312
\scratchbox=\box90
\nofMPsegments=\count365
\nofMParguments=\count366
\everyMPshowfont=\toks45
\MPscratchCnt=\count367
\MPscratchDim=\dimen313
\MPnumerator=\count368
\makeMPintoPDFobject=\count369
\everyMPtoPDFconversion=\toks46
)
(C:\Users\Owner\AppData\Local\Programs\MiKTeX\tex/latex/epstopdf-pkg\epstopdf-b
ase.sty
Package: epstopdf-base 2020-01-24 v2.11 Base part for package epstopdf
Package epstopdf-base Info: Redefining graphics rule for `.eps' on input line 4
85.

(C:\Users\Owner\AppData\Local\Programs\MiKTeX\tex/latex/00miktex\epstopdf-sys.c
fg
File: epstopdf-sys.cfg 2021/03/18 v2.0 Configuration of epstopdf for MiKTeX
))
*geometry* driver: auto-detecting
*geometry* detected driver: pdftex
*geometry* verbose mode - [ preamble ] result:
* driver: pdftex
* paper: custom
* layout: <same size as paper>
* layoutoffset:(h,v)=(0.0pt,0.0pt)
* hratio: 1:1
* vratio: 1:1
* modes: 
* h-part:(L,W,R)=(64.75394pt, 468.0pt, 64.75394pt)
* v-part:(T,H,B)=(111.52342pt, 622.0pt, 111.52342pt)
* \paperwidth=597.50787pt
* \paperheight=845.04684pt
* \textwidth=468.0pt
* \textheight=622.0pt
* \oddsidemargin=-7.51605pt
* \evensidemargin=-7.51605pt
* \topmargin=-22.74657pt
* \headheight=50.0pt
* \headsep=12.0pt
* \topskip=10.0pt
* \footskip=18.0pt
* \marginparwidth=65.0pt
* \marginparsep=11.0pt
* \columnsep=24.0pt
* \skip\footins=24.0pt plus 2.0pt minus 12.0pt
* \hoffset=0.0pt
* \voffset=0.0pt
* \mag=1000
* \@twocolumnfalse
* \@twosidefalse
* \@mparswitchfalse
* \@reversemarginfalse
* (1in=72.27pt=25.4mm, 1cm=28.453pt)

LaTeX Encoding Info:    Redeclaring text command \k (encoding T1) on input line
 71.

(C:\Users\Owner\AppData\Local\Programs\MiKTeX\tex/latex/translations/dicts\tran
slations-basic-dictionary-english.trsl
File: translations-basic-dictionary-english.trsl (english translation file `tra
nslations-basic-dictionary')
)
Package translations Info: loading dictionary `translations-basic-dictionary' f
or `english'. on input line 71.
 (sections/abstract.tex)
LaTeX Font Info:    Trying to load font information for OT1+lmr on input line 1
01.

(C:\Users\Owner\AppData\Local\Programs\MiKTeX\tex/latex/lm\ot1lmr.fd
File: ot1lmr.fd 2015/05/01 v1.6.1 Font defs for Latin Modern
)
LaTeX Font Info:    Trying to load font information for OML+lmm on input line 1
01.

(C:\Users\Owner\AppData\Local\Programs\MiKTeX\tex/latex/lm\omllmm.fd
File: omllmm.fd 2015/05/01 v1.6.1 Font defs for Latin Modern
)
LaTeX Font Info:    Trying to load font information for OMS+lmsy on input line 
101.

(C:\Users\Owner\AppData\Local\Programs\MiKTeX\tex/latex/lm\omslmsy.fd
File: omslmsy.fd 2015/05/01 v1.6.1 Font defs for Latin Modern
)
LaTeX Font Info:    Trying to load font information for OMX+lmex on input line 
101.

(C:\Users\Owner\AppData\Local\Programs\MiKTeX\tex/latex/lm\omxlmex.fd
File: omxlmex.fd 2015/05/01 v1.6.1 Font defs for Latin Modern
)
LaTeX Font Info:    External font `lmex10' loaded for size
(Font)              <10> on input line 101.
LaTeX Font Info:    External font `lmex10' loaded for size
(Font)              <7> on input line 101.
LaTeX Font Info:    External font `lmex10' loaded for size
(Font)              <5> on input line 101.
LaTeX Font Info:    Trying to load font information for OT1+txr on input line 1
01.

(C:\Users\Owner\AppData\Local\Programs\MiKTeX\tex/latex/txfonts\ot1txr.fd
File: ot1txr.fd 2000/12/15 v3.1
)
LaTeX Font Info:    Trying to load font information for U+txmia on input line 1
01.

(C:\Users\Owner\AppData\Local\Programs\MiKTeX\tex/latex/txfonts\utxmia.fd
File: utxmia.fd 2000/12/15 v3.1
)
LaTeX Font Info:    Trying to load font information for U+msa on input line 101
.

(C:\Users\Owner\AppData\Local\Programs\MiKTeX\tex/latex/amsfonts\umsa.fd
File: umsa.fd 2013/01/14 v3.01 AMS symbols A
)
LaTeX Font Info:    Trying to load font information for U+msb on input line 101
.

(C:\Users\Owner\AppData\Local\Programs\MiKTeX\tex/latex/amsfonts\umsb.fd
File: umsb.fd 2013/01/14 v3.01 AMS symbols B
)
LaTeX Font Info:    Trying to load font information for U+txsyc on input line 1
01.

(C:\Users\Owner\AppData\Local\Programs\MiKTeX\tex/latex/txfonts\utxsyc.fd
File: utxsyc.fd 2000/12/15 v3.1
)
LaTeX Font Info:    External font `lmex10' loaded for size
(Font)              <8> on input line 101.
LaTeX Font Info:    External font `lmex10' loaded for size
(Font)              <6> on input line 101.
LaTeX Font Info:    Trying to load font information for T1+lmtt on input line 1
01.

(C:\Users\Owner\AppData\Local\Programs\MiKTeX\tex/latex/lm\t1lmtt.fd
File: t1lmtt.fd 2015/05/01 v1.6.1 Font defs for Latin Modern
)
(sections/introduction.tex [1

{C:/Users/Owner/AppData/Local/MiKTeX/fonts/map/pdftex/pdftex.map}{C:/Users/Owne
r/AppData/Local/Programs/MiKTeX/fonts/enc/dvips/lm/lm-ec.enc}{C:/Users/Owner/Ap
pData/Local/Programs/MiKTeX/fonts/enc/dvips/lm/lm-mathsy.enc}{C:/Users/Owner/Ap
pData/Local/Programs/MiKTeX/fonts/enc/dvips/lm/lm-rm.enc}{C:/Users/Owner/AppDat
a/Local/Programs/MiKTeX/fonts/enc/dvips/lm/lm-mathit.enc}] [2]

LaTeX Warning: Reference `sec:split' on page 1 undefined on input line 159.


LaTeX Warning: Reference `sec:conversion' on page 1 undefined on input line 162
.


LaTeX Warning: Reference `sec:calibration' on page 1 undefined on input line 16
6.


LaTeX Warning: Reference `sec:results' on page 1 undefined on input line 170.


LaTeX Warning: Reference `sec:split' on page 1 undefined on input line 176.


LaTeX Warning: Reference `sec:conversion' on page 1 undefined on input line 176
.


LaTeX Warning: Reference `sec:calibration' on page 1 undefined on input line 17
7.


LaTeX Warning: Reference `sec:results' on page 1 undefined on input line 178.


LaTeX Warning: Reference `sec:conclusions' on page 1 undefined on input line 17
9.

) (sections/defect_classes.tex [3]
<figures/HCP_crystal.png, id=31, 602.25pt x 687.56876pt>
File: figures/HCP_crystal.png Graphic file (type png)
<use figures/HCP_crystal.png>
Package pdftex.def Info: figures/HCP_crystal.png  used on input line 106.
(pdftex.def)             Requested size: 243.362pt x 277.83434pt.


LaTeX Warning: Reference `sec:calibration' on page 1 undefined on input line 13
3.

[4{C:/Users/Owner/AppData/Local/Programs/MiKTeX/fonts/enc/dvips/lm/lm-mathex.en
c}] [5 <./figures/HCP_crystal.png (PNG copy)>] [6]

LaTeX Warning: Reference `sec:gb-loops' on page 1 undefined on input line 234.


LaTeX Warning: Reference `sec:gb-loops' on page 1 undefined on input line 234.


LaTeX Warning: Reference `eq:emit' on page 1 undefined on input line 250.


LaTeX Warning: Reference `eq:cascade' on page 1 undefined on input line 252.


LaTeX Warning: Reference `eq:gbloop' on page 1 undefined on input line 261.

(sections/fig_rag.tex

LaTeX Warning: Reference `sec:gb-loops' on page 1 undefined on input line 129.


LaTeX Warning: Reference `sec:gb-loops' on page 1 undefined on input line 129.

)) (sections/formulation.tex
LaTeX Font Info:    Freeze math alphabet allocation in version bold.
(Font)              Allocated math groups: 14 (local: 2) on input line 30.
LaTeX Font Info:    Trying to load font information for OT1+lmss on input line 
30.

(C:\Users\Owner\AppData\Local\Programs\MiKTeX\tex/latex/lm\ot1lmss.fd
File: ot1lmss.fd 2015/05/01 v1.6.1 Font defs for Latin Modern
)
LaTeX Font Info:    Nested math: keeping math alphabet allocation in version bo
ld on input line 30.
LaTeX Font Info:    Nested math: keeping math alphabet allocation in version bo
ld on input line 30.
LaTeX Font Info:    Nested math: keeping math alphabet allocation in version bo
ld on input line 30.
LaTeX Font Info:    Nested math: keeping math alphabet allocation in version bo
ld on input line 30.
LaTeX Font Info:    Undo math alphabet allocation in version bold on input line
 30.
LaTeX Font Info:    ... but do not reset the top-level math alphabet definition
s on input line 30.
LaTeX Font Info:    No math alphabet change to frozen version bold on input lin
e 31.
LaTeX Font Info:    No math alphabet change to frozen version bold on input lin
e 32.
LaTeX Font Info:    No math alphabet change to frozen version bold on input lin
e 37.
LaTeX Font Info:    No math alphabet change to frozen version bold on input lin
e 46.
LaTeX Font Info:    No math alphabet change to frozen version bold on input lin
e 46.


LaTeX Warning: Reference `sec:split' on page 1 undefined on input line 51.

LaTeX Font Info:    No math alphabet change to frozen version bold on input lin
e 57.
LaTeX Font Info:    No math alphabet change to frozen version bold on input lin
e 58.
LaTeX Font Info:    No math alphabet change to frozen version bold on input lin
e 59.
LaTeX Font Info:    Nested math: keeping math alphabet allocation in version bo
ld on input line 61.
LaTeX Font Info:    Nested math: keeping math alphabet allocation in version bo
ld on input line 61.
LaTeX Font Info:    Nested math: keeping math alphabet allocation in version bo
ld on input line 61.
LaTeX Font Info:    Nested math: keeping math alphabet allocation in version bo
ld on input line 61.
LaTeX Font Info:    Undo math alphabet allocation in version bold on input line
 61.
LaTeX Font Info:    ... but do not reset the top-level math alphabet definition
s on input line 61.
[7] [8]
LaTeX Font Info:    Nested math: keeping math alphabet allocation in version bo
ld on input line 63.
LaTeX Font Info:    Nested math: keeping math alphabet allocation in version bo
ld on input line 63.
LaTeX Font Info:    Nested math: keeping math alphabet allocation in version bo
ld on input line 63.
LaTeX Font Info:    Nested math: keeping math alphabet allocation in version bo
ld on input line 63.
LaTeX Font Info:    Nested math: keeping math alphabet allocation in version bo
ld on input line 63.
LaTeX Font Info:    Nested math: keeping math alphabet allocation in version bo
ld on input line 63.
LaTeX Font Info:    Nested math: keeping math alphabet allocation in version bo
ld on input line 63.
LaTeX Font Info:    Nested math: keeping math alphabet allocation in version bo
ld on input line 63.
LaTeX Font Info:    Nested math: keeping math alphabet allocation in version bo
ld on input line 64.
LaTeX Font Info:    Nested math: keeping math alphabet allocation in version bo
ld on input line 64.
LaTeX Font Info:    Nested math: keeping math alphabet allocation in version bo
ld on input line 64.
LaTeX Font Info:    Nested math: keeping math alphabet allocation in version bo
ld on input line 64.
LaTeX Font Info:    Nested math: keeping math alphabet allocation in version bo
ld on input line 65.
LaTeX Font Info:    Nested math: keeping math alphabet allocation in version bo
ld on input line 65.
LaTeX Font Info:    Nested math: keeping math alphabet allocation in version bo
ld on input line 65.
LaTeX Font Info:    Nested math: keeping math alphabet allocation in version bo
ld on input line 65.
LaTeX Font Info:    Nested math: keeping math alphabet allocation in version bo
ld on input line 65.
LaTeX Font Info:    Nested math: keeping math alphabet allocation in version bo
ld on input line 65.
LaTeX Font Info:    Nested math: keeping math alphabet allocation in version bo
ld on input line 65.
LaTeX Font Info:    Nested math: keeping math alphabet allocation in version bo
ld on input line 65.
LaTeX Font Info:    Nested math: keeping math alphabet allocation in version bo
ld on input line 65.
LaTeX Font Info:    Nested math: keeping math alphabet allocation in version bo
ld on input line 65.
LaTeX Font Info:    Nested math: keeping math alphabet allocation in version bo
ld on input line 65.
LaTeX Font Info:    Nested math: keeping math alphabet allocation in version bo
ld on input line 65.
LaTeX Font Info:    Nested math: keeping math alphabet allocation in version bo
ld on input line 65.
LaTeX Font Info:    Nested math: keeping math alphabet allocation in version bo
ld on input line 65.
LaTeX Font Info:    Nested math: keeping math alphabet allocation in version bo
ld on input line 65.
LaTeX Font Info:    Nested math: keeping math alphabet allocation in version bo
ld on input line 65.
LaTeX Font Info:    Nested math: keeping math alphabet allocation in version bo
ld on input line 66.
LaTeX Font Info:    Nested math: keeping math alphabet allocation in version bo
ld on input line 66.
LaTeX Font Info:    Nested math: keeping math alphabet allocation in version bo
ld on input line 66.
LaTeX Font Info:    Nested math: keeping math alphabet allocation in version bo
ld on input line 66.
LaTeX Font Info:    Nested math: keeping math alphabet allocation in version bo
ld on input line 66.
LaTeX Font Info:    Nested math: keeping math alphabet allocation in version bo
ld on input line 66.
LaTeX Font Info:    Nested math: keeping math alphabet allocation in version bo
ld on input line 66.
LaTeX Font Info:    Nested math: keeping math alphabet allocation in version bo
ld on input line 66.
LaTeX Font Info:    Nested math: keeping math alphabet allocation in version bo
ld on input line 66.
LaTeX Font Info:    Nested math: keeping math alphabet allocation in version bo
ld on input line 66.
LaTeX Font Info:    Nested math: keeping math alphabet allocation in version bo
ld on input line 66.
LaTeX Font Info:    Nested math: keeping math alphabet allocation in version bo
ld on input line 66.
LaTeX Font Info:    Nested math: keeping math alphabet allocation in version bo
ld on input line 67.
LaTeX Font Info:    Nested math: keeping math alphabet allocation in version bo
ld on input line 67.
LaTeX Font Info:    Nested math: keeping math alphabet allocation in version bo
ld on input line 67.
LaTeX Font Info:    Nested math: keeping math alphabet allocation in version bo
ld on input line 67.
LaTeX Font Info:    Undo math alphabet allocation in version bold on input line
 69.
LaTeX Font Info:    ... but do not reset the top-level math alphabet definition
s on input line 69.
LaTeX Font Info:    No math alphabet change to frozen version bold on input lin
e 69.
LaTeX Font Info:    No math alphabet change to frozen version bold on input lin
e 72.
LaTeX Font Info:    Nested math: keeping math alphabet allocation in version bo
ld on input line 72.
LaTeX Font Info:    Nested math: keeping math alphabet allocation in version bo
ld on input line 72.
LaTeX Font Info:    Nested math: keeping math alphabet allocation in version bo
ld on input line 72.
LaTeX Font Info:    Nested math: keeping math alphabet allocation in version bo
ld on input line 72.
LaTeX Font Info:    Undo math alphabet allocation in version bold on input line
 72.
LaTeX Font Info:    ... but do not reset the top-level math alphabet definition
s on input line 72.
LaTeX Font Info:    No math alphabet change to frozen version bold on input lin
e 73.
LaTeX Font Info:    Nested math: keeping math alphabet allocation in version bo
ld on input line 76.
LaTeX Font Info:    Nested math: keeping math alphabet allocation in version bo
ld on input line 76.
LaTeX Font Info:    Nested math: keeping math alphabet allocation in version bo
ld on input line 76.
LaTeX Font Info:    Nested math: keeping math alphabet allocation in version bo
ld on input line 76.
LaTeX Font Info:    Nested math: keeping math alphabet allocation in version bo
ld on input line 76.
LaTeX Font Info:    Nested math: keeping math alphabet allocation in version bo
ld on input line 76.
LaTeX Font Info:    Nested math: keeping math alphabet allocation in version bo
ld on input line 76.
LaTeX Font Info:    Nested math: keeping math alphabet allocation in version bo
ld on input line 76.
LaTeX Font Info:    No math alphabet change to frozen version bold on input lin
e 76.
LaTeX Font Info:    No math alphabet change to frozen version bold on input lin
e 76.
LaTeX Font Info:    No math alphabet change to frozen version bold on input lin
e 76.
LaTeX Font Info:    Nested math: keeping math alphabet allocation in version bo
ld on input line 77.
LaTeX Font Info:    Nested math: keeping math alphabet allocation in version bo
ld on input line 77.
LaTeX Font Info:    Nested math: keeping math alphabet allocation in version bo
ld on input line 77.
LaTeX Font Info:    Nested math: keeping math alphabet allocation in version bo
ld on input line 77.
LaTeX Font Info:    Undo math alphabet allocation in version bold on input line
 77.
LaTeX Font Info:    ... but do not reset the top-level math alphabet definition
s on input line 77.
LaTeX Font Info:    Nested math: keeping math alphabet allocation in version bo
ld on input line 78.
LaTeX Font Info:    Nested math: keeping math alphabet allocation in version bo
ld on input line 78.
LaTeX Font Info:    Nested math: keeping math alphabet allocation in version bo
ld on input line 78.
LaTeX Font Info:    Nested math: keeping math alphabet allocation in version bo
ld on input line 78.
LaTeX Font Info:    Undo math alphabet allocation in version bold on input line
 78.
LaTeX Font Info:    ... but do not reset the top-level math alphabet definition
s on input line 78.
LaTeX Font Info:    Nested math: keeping math alphabet allocation in version bo
ld on input line 84.
LaTeX Font Info:    Nested math: keeping math alphabet allocation in version bo
ld on input line 84.
LaTeX Font Info:    Nested math: keeping math alphabet allocation in version bo
ld on input line 84.
LaTeX Font Info:    Nested math: keeping math alphabet allocation in version bo
ld on input line 84.
LaTeX Font Info:    Nested math: keeping math alphabet allocation in version bo
ld on input line 84.
LaTeX Font Info:    Nested math: keeping math alphabet allocation in version bo
ld on input line 85.
LaTeX Font Info:    Nested math: keeping math alphabet allocation in version bo
ld on input line 85.
LaTeX Font Info:    Nested math: keeping math alphabet allocation in version bo
ld on input line 85.
LaTeX Font Info:    Nested math: keeping math alphabet allocation in version bo
ld on input line 86.
LaTeX Font Info:    Nested math: keeping math alphabet allocation in version bo
ld on input line 86.
LaTeX Font Info:    No math alphabet change to frozen version bold on input lin
e 88.
LaTeX Font Info:    No math alphabet change to frozen version bold on input lin
e 88.
LaTeX Font Info:    No math alphabet change to frozen version bold on input lin
e 89.
LaTeX Font Info:    Nested math: keeping math alphabet allocation in version bo
ld on input line 91.
LaTeX Font Info:    Nested math: keeping math alphabet allocation in version bo
ld on input line 91.
LaTeX Font Info:    Nested math: keeping math alphabet allocation in version bo
ld on input line 91.
LaTeX Font Info:    Nested math: keeping math alphabet allocation in version bo
ld on input line 91.
LaTeX Font Info:    Undo math alphabet allocation in version bold on input line
 91.
LaTeX Font Info:    ... but do not reset the top-level math alphabet definition
s on input line 91.
LaTeX Font Info:    No math alphabet change to frozen version bold on input lin
e 92.
LaTeX Font Info:    Nested math: keeping math alphabet allocation in version bo
ld on input line 93.
LaTeX Font Info:    Nested math: keeping math alphabet allocation in version bo
ld on input line 93.
LaTeX Font Info:    Nested math: keeping math alphabet allocation in version bo
ld on input line 93.
LaTeX Font Info:    Nested math: keeping math alphabet allocation in version bo
ld on input line 93.
LaTeX Font Info:    Undo math alphabet allocation in version bold on input line
 93.
LaTeX Font Info:    ... but do not reset the top-level math alphabet definition
s on input line 93.
LaTeX Font Info:    Nested math: keeping math alphabet allocation in version bo
ld on input line 93.
LaTeX Font Info:    Nested math: keeping math alphabet allocation in version bo
ld on input line 93.
LaTeX Font Info:    Nested math: keeping math alphabet allocation in version bo
ld on input line 93.
LaTeX Font Info:    Nested math: keeping math alphabet allocation in version bo
ld on input line 93.
LaTeX Font Info:    Undo math alphabet allocation in version bold on input line
 93.
LaTeX Font Info:    ... but do not reset the top-level math alphabet definition
s on input line 93.


LaTeX Warning: Reference `app:emission' on page 1 undefined on input line 94.

LaTeX Font Info:    Nested math: keeping math alphabet allocation in version bo
ld on input line 99.
LaTeX Font Info:    Nested math: keeping math alphabet allocation in version bo
ld on input line 99.
LaTeX Font Info:    Nested math: keeping math alphabet allocation in version bo
ld on input line 99.
LaTeX Font Info:    Nested math: keeping math alphabet allocation in version bo
ld on input line 99.
LaTeX Font Info:    Nested math: keeping math alphabet allocation in version bo
ld on input line 99.
LaTeX Font Info:    Nested math: keeping math alphabet allocation in version bo
ld on input line 99.
LaTeX Font Info:    Nested math: keeping math alphabet allocation in version bo
ld on input line 99.
LaTeX Font Info:    Nested math: keeping math alphabet allocation in version bo
ld on input line 99.
LaTeX Font Info:    Nested math: keeping math alphabet allocation in version bo
ld on input line 99.
LaTeX Font Info:    Nested math: keeping math alphabet allocation in version bo
ld on input line 99.
LaTeX Font Info:    Nested math: keeping math alphabet allocation in version bo
ld on input line 99.
LaTeX Font Info:    Nested math: keeping math alphabet allocation in version bo
ld on input line 99.
LaTeX Font Info:    Nested math: keeping math alphabet allocation in version bo
ld on input line 100.
LaTeX Font Info:    Nested math: keeping math alphabet allocation in version bo
ld on input line 100.
LaTeX Font Info:    Nested math: keeping math alphabet allocation in version bo
ld on input line 100.
LaTeX Font Info:    Nested math: keeping math alphabet allocation in version bo
ld on input line 100.
LaTeX Font Info:    Nested math: keeping math alphabet allocation in version bo
ld on input line 100.
LaTeX Font Info:    Nested math: keeping math alphabet allocation in version bo
ld on input line 100.
LaTeX Font Info:    Nested math: keeping math alphabet allocation in version bo
ld on input line 100.
LaTeX Font Info:    Nested math: keeping math alphabet allocation in version bo
ld on input line 100.
LaTeX Font Info:    Nested math: keeping math alphabet allocation in version bo
ld on input line 102.
LaTeX Font Info:    Nested math: keeping math alphabet allocation in version bo
ld on input line 102.
LaTeX Font Info:    Nested math: keeping math alphabet allocation in version bo
ld on input line 102.
LaTeX Font Info:    Nested math: keeping math alphabet allocation in version bo
ld on input line 102.
LaTeX Font Info:    No math alphabet change to frozen version bold on input lin
e 105.
LaTeX Font Info:    No math alphabet change to frozen version bold on input lin
e 105.
LaTeX Font Info:    No math alphabet change to frozen version bold on input lin
e 112.
LaTeX Font Info:    No math alphabet change to frozen version bold on input lin
e 112.
LaTeX Font Info:    Nested math: keeping math alphabet allocation in version bo
ld on input line 115.
LaTeX Font Info:    Nested math: keeping math alphabet allocation in version bo
ld on input line 115.
LaTeX Font Info:    Nested math: keeping math alphabet allocation in version bo
ld on input line 115.
LaTeX Font Info:    Nested math: keeping math alphabet allocation in version bo
ld on input line 115.
LaTeX Font Info:    Nested math: keeping math alphabet allocation in version bo
ld on input line 115.
LaTeX Font Info:    Nested math: keeping math alphabet allocation in version bo
ld on input line 115.
LaTeX Font Info:    Nested math: keeping math alphabet allocation in version bo
ld on input line 115.
LaTeX Font Info:    Nested math: keeping math alphabet allocation in version bo
ld on input line 115.
LaTeX Font Info:    No math alphabet change to frozen version bold on input lin
e 122.
LaTeX Font Info:    No math alphabet change to frozen version bold on input lin
e 122.
LaTeX Font Info:    Nested math: keeping math alphabet allocation in version bo
ld on input line 134.
LaTeX Font Info:    No math alphabet change to frozen version bold on input lin
e 136.
LaTeX Font Info:    No math alphabet change to frozen version bold on input lin
e 136.
LaTeX Font Info:    Nested math: keeping math alphabet allocation in version bo
ld on input line 138.
LaTeX Font Info:    Nested math: keeping math alphabet allocation in version bo
ld on input line 138.
LaTeX Font Info:    Nested math: keeping math alphabet allocation in version bo
ld on input line 138.
LaTeX Font Info:    Nested math: keeping math alphabet allocation in version bo
ld on input line 138.
LaTeX Font Info:    No math alphabet change to frozen version bold on input lin
e 138.
LaTeX Font Info:    No math alphabet change to frozen version bold on input lin
e 147.
LaTeX Font Info:    No math alphabet change to frozen version bold on input lin
e 148.
LaTeX Font Info:    No math alphabet change to frozen version bold on input lin
e 153.
LaTeX Font Info:    No math alphabet change to frozen version bold on input lin
e 153.
[9]
LaTeX Font Info:    No math alphabet change to frozen version bold on input lin
e 161.
LaTeX Font Info:    No math alphabet change to frozen version bold on input lin
e 161.
LaTeX Font Info:    No math alphabet change to frozen version bold on input lin
e 163.
LaTeX Font Info:    No math alphabet change to frozen version bold on input lin
e 163.
LaTeX Font Info:    No math alphabet change to frozen version bold on input lin
e 167.
LaTeX Font Info:    No math alphabet change to frozen version bold on input lin
e 168.
LaTeX Font Info:    Nested math: keeping math alphabet allocation in version bo
ld on input line 177.
LaTeX Font Info:    Nested math: keeping math alphabet allocation in version bo
ld on input line 177.
LaTeX Font Info:    Nested math: keeping math alphabet allocation in version bo
ld on input line 177.
LaTeX Font Info:    Nested math: keeping math alphabet allocation in version bo
ld on input line 177.
LaTeX Font Info:    Nested math: keeping math alphabet allocation in version bo
ld on input line 177.
LaTeX Font Info:    Nested math: keeping math alphabet allocation in version bo
ld on input line 178.
LaTeX Font Info:    Nested math: keeping math alphabet allocation in version bo
ld on input line 178.
LaTeX Font Info:    Nested math: keeping math alphabet allocation in version bo
ld on input line 178.
LaTeX Font Info:    Nested math: keeping math alphabet allocation in version bo
ld on input line 178.
LaTeX Font Info:    Nested math: keeping math alphabet allocation in version bo
ld on input line 178.
LaTeX Font Info:    Nested math: keeping math alphabet allocation in version bo
ld on input line 179.
LaTeX Font Info:    Nested math: keeping math alphabet allocation in version bo
ld on input line 179.
LaTeX Font Info:    Nested math: keeping math alphabet allocation in version bo
ld on input line 179.
LaTeX Font Info:    Nested math: keeping math alphabet allocation in version bo
ld on input line 179.
LaTeX Font Info:    Nested math: keeping math alphabet allocation in version bo
ld on input line 179.
LaTeX Font Info:    Nested math: keeping math alphabet allocation in version bo
ld on input line 181.
LaTeX Font Info:    Nested math: keeping math alphabet allocation in version bo
ld on input line 181.
LaTeX Font Info:    Nested math: keeping math alphabet allocation in version bo
ld on input line 181.
LaTeX Font Info:    Nested math: keeping math alphabet allocation in version bo
ld on input line 181.
LaTeX Font Info:    Nested math: keeping math alphabet allocation in version bo
ld on input line 181.
LaTeX Font Info:    No math alphabet change to frozen version bold on input lin
e 183.
LaTeX Font Info:    No math alphabet change to frozen version bold on input lin
e 183.
LaTeX Font Info:    No math alphabet change to frozen version bold on input lin
e 184.
LaTeX Font Info:    No math alphabet change to frozen version bold on input lin
e 184.
LaTeX Font Info:    No math alphabet change to frozen version bold on input lin
e 191.
LaTeX Font Info:    No math alphabet change to frozen version bold on input lin
e 191.
LaTeX Font Info:    No math alphabet change to frozen version bold on input lin
e 193.
LaTeX Font Info:    No math alphabet change to frozen version bold on input lin
e 194.
LaTeX Font Info:    No math alphabet change to frozen version bold on input lin
e 196.
LaTeX Font Info:    No math alphabet change to frozen version bold on input lin
e 196.
LaTeX Font Info:    No math alphabet change to frozen version bold on input lin
e 197.
LaTeX Font Info:    No math alphabet change to frozen version bold on input lin
e 199.
LaTeX Font Info:    No math alphabet change to frozen version bold on input lin
e 200.
LaTeX Font Info:    No math alphabet change to frozen version bold on input lin
e 202.
LaTeX Font Info:    No math alphabet change to frozen version bold on input lin
e 203.
LaTeX Font Info:    No math alphabet change to frozen version bold on input lin
e 205.
LaTeX Font Info:    No math alphabet change to frozen version bold on input lin
e 205.


LaTeX Warning: Reference `sec:calibration' on page 1 undefined on input line 20
6.

LaTeX Font Info:    No math alphabet change to frozen version bold on input lin
e 209.
LaTeX Font Info:    No math alphabet change to frozen version bold on input lin
e 210.
LaTeX Font Info:    No math alphabet change to frozen version bold on input lin
e 210.
LaTeX Font Info:    No math alphabet change to frozen version bold on input lin
e 211.
LaTeX Font Info:    No math alphabet change to frozen version bold on input lin
e 212.
LaTeX Font Info:    No math alphabet change to frozen version bold on input lin
e 212.
LaTeX Font Info:    No math alphabet change to frozen version bold on input lin
e 227.
LaTeX Font Info:    No math alphabet change to frozen version bold on input lin
e 227.
LaTeX Font Info:    No math alphabet change to frozen version bold on input lin
e 228.
LaTeX Font Info:    No math alphabet change to frozen version bold on input lin
e 229.
LaTeX Font Info:    Nested math: keeping math alphabet allocation in version bo
ld on input line 231.
LaTeX Font Info:    Nested math: keeping math alphabet allocation in version bo
ld on input line 233.
LaTeX Font Info:    No math alphabet change to frozen version bold on input lin
e 235.
LaTeX Font Info:    No math alphabet change to frozen version bold on input lin
e 235.
[10]
LaTeX Font Info:    No math alphabet change to frozen version bold on input lin
e 241.
LaTeX Font Info:    No math alphabet change to frozen version bold on input lin
e 241.
LaTeX Font Info:    No math alphabet change to frozen version bold on input lin
e 243.
LaTeX Font Info:    No math alphabet change to frozen version bold on input lin
e 244.
LaTeX Font Info:    No math alphabet change to frozen version bold on input lin
e 245.
LaTeX Font Info:    No math alphabet change to frozen version bold on input lin
e 246.
LaTeX Font Info:    No math alphabet change to frozen version bold on input lin
e 246.
LaTeX Font Info:    No math alphabet change to frozen version bold on input lin
e 252.
LaTeX Font Info:    No math alphabet change to frozen version bold on input lin
e 254.
LaTeX Font Info:    No math alphabet change to frozen version bold on input lin
e 254.
LaTeX Font Info:    No math alphabet change to frozen version bold on input lin
e 257.
LaTeX Font Info:    No math alphabet change to frozen version bold on input lin
e 271.
LaTeX Font Info:    No math alphabet change to frozen version bold on input lin
e 271.
LaTeX Font Info:    No math alphabet change to frozen version bold on input lin
e 272.
LaTeX Font Info:    No math alphabet change to frozen version bold on input lin
e 272.
LaTeX Font Info:    No math alphabet change to frozen version bold on input lin
e 273.
LaTeX Font Info:    No math alphabet change to frozen version bold on input lin
e 273.
LaTeX Font Info:    Nested math: keeping math alphabet allocation in version bo
ld on input line 276.
LaTeX Font Info:    Nested math: keeping math alphabet allocation in version bo
ld on input line 276.
LaTeX Font Info:    Nested math: keeping math alphabet allocation in version bo
ld on input line 276.
LaTeX Font Info:    Nested math: keeping math alphabet allocation in version bo
ld on input line 276.
LaTeX Font Info:    No math alphabet change to frozen version bold on input lin
e 280.
LaTeX Font Info:    No math alphabet change to frozen version bold on input lin
e 280.
LaTeX Font Info:    Nested math: keeping math alphabet allocation in version bo
ld on input line 281.
LaTeX Font Info:    Nested math: keeping math alphabet allocation in version bo
ld on input line 281.
LaTeX Font Info:    Nested math: keeping math alphabet allocation in version bo
ld on input line 281.
LaTeX Font Info:    Nested math: keeping math alphabet allocation in version bo
ld on input line 281.
LaTeX Font Info:    No math alphabet change to frozen version bold on input lin
e 281.
LaTeX Font Info:    Nested math: keeping math alphabet allocation in version bo
ld on input line 285.
LaTeX Font Info:    No math alphabet change to frozen version bold on input lin
e 287.
LaTeX Font Info:    No math alphabet change to frozen version bold on input lin
e 287.
LaTeX Font Info:    No math alphabet change to frozen version bold on input lin
e 289.
LaTeX Font Info:    No math alphabet change to frozen version bold on input lin
e 294.
LaTeX Font Info:    No math alphabet change to frozen version bold on input lin
e 297.
LaTeX Font Info:    No math alphabet change to frozen version bold on input lin
e 298.
LaTeX Font Info:    No math alphabet change to frozen version bold on input lin
e 299.
LaTeX Font Info:    No math alphabet change to frozen version bold on input lin
e 300.
LaTeX Font Info:    No math alphabet change to frozen version bold on input lin
e 300.
LaTeX Font Info:    No math alphabet change to frozen version bold on input lin
e 304.
LaTeX Font Info:    Nested math: keeping math alphabet allocation in version bo
ld on input line 304.
LaTeX Font Info:    Nested math: keeping math alphabet allocation in version bo
ld on input line 304.
LaTeX Font Info:    Nested math: keeping math alphabet allocation in version bo
ld on input line 304.
LaTeX Font Info:    Nested math: keeping math alphabet allocation in version bo
ld on input line 304.
LaTeX Font Info:    No math alphabet change to frozen version bold on input lin
e 304.
LaTeX Font Info:    No math alphabet change to frozen version bold on input lin
e 305.
LaTeX Font Info:    No math alphabet change to frozen version bold on input lin
e 306.
LaTeX Font Info:    Nested math: keeping math alphabet allocation in version bo
ld on input line 315.
LaTeX Font Info:    Nested math: keeping math alphabet allocation in version bo
ld on input line 315.
LaTeX Font Info:    Nested math: keeping math alphabet allocation in version bo
ld on input line 315.
LaTeX Font Info:    Nested math: keeping math alphabet allocation in version bo
ld on input line 315.
LaTeX Font Info:    Nested math: keeping math alphabet allocation in version bo
ld on input line 315.
LaTeX Font Info:    Nested math: keeping math alphabet allocation in version bo
ld on input line 315.
LaTeX Font Info:    Nested math: keeping math alphabet allocation in version bo
ld on input line 315.
LaTeX Font Info:    Nested math: keeping math alphabet allocation in version bo
ld on input line 315.
LaTeX Font Info:    Nested math: keeping math alphabet allocation in version bo
ld on input line 315.
LaTeX Font Info:    Nested math: keeping math alphabet allocation in version bo
ld on input line 315.
LaTeX Font Info:    Nested math: keeping math alphabet allocation in version bo
ld on input line 315.
LaTeX Font Info:    Nested math: keeping math alphabet allocation in version bo
ld on input line 315.
LaTeX Font Info:    Nested math: keeping math alphabet allocation in version bo
ld on input line 315.
LaTeX Font Info:    Nested math: keeping math alphabet allocation in version bo
ld on input line 315.
LaTeX Font Info:    Nested math: keeping math alphabet allocation in version bo
ld on input line 315.
LaTeX Font Info:    Nested math: keeping math alphabet allocation in version bo
ld on input line 315.
LaTeX Font Info:    Nested math: keeping math alphabet allocation in version bo
ld on input line 315.
LaTeX Font Info:    Nested math: keeping math alphabet allocation in version bo
ld on input line 315.
LaTeX Font Info:    Nested math: keeping math alphabet allocation in version bo
ld on input line 315.
LaTeX Font Info:    Nested math: keeping math alphabet allocation in version bo
ld on input line 315.
LaTeX Font Info:    Nested math: keeping math alphabet allocation in version bo
ld on input line 315.
LaTeX Font Info:    Nested math: keeping math alphabet allocation in version bo
ld on input line 315.
LaTeX Font Info:    Nested math: keeping math alphabet allocation in version bo
ld on input line 315.
LaTeX Font Info:    Nested math: keeping math alphabet allocation in version bo
ld on input line 315.
LaTeX Font Info:    Nested math: keeping math alphabet allocation in version bo
ld on input line 315.
LaTeX Font Info:    Nested math: keeping math alphabet allocation in version bo
ld on input line 315.
LaTeX Font Info:    Nested math: keeping math alphabet allocation in version bo
ld on input line 315.
LaTeX Font Info:    Nested math: keeping math alphabet allocation in version bo
ld on input line 315.
LaTeX Font Info:    Nested math: keeping math alphabet allocation in version bo
ld on input line 315.
LaTeX Font Info:    No math alphabet change to frozen version bold on input lin
e 315.
LaTeX Font Info:    No math alphabet change to frozen version bold on input lin
e 324.
LaTeX Font Info:    No math alphabet change to frozen version bold on input lin
e 324.
LaTeX Font Info:    No math alphabet change to frozen version bold on input lin
e 329.
LaTeX Font Info:    No math alphabet change to frozen version bold on input lin
e 332.


LaTeX Warning: Reference `sec:coarsening' on page 1 undefined on input line 334
.

[11]

LaTeX Warning: Reference `app:emission' on page 1 undefined on input line 338.

LaTeX Font Info:    Nested math: keeping math alphabet allocation in version bo
ld on input line 342.
LaTeX Font Info:    Nested math: keeping math alphabet allocation in version bo
ld on input line 342.
LaTeX Font Info:    Nested math: keeping math alphabet allocation in version bo
ld on input line 342.
LaTeX Font Info:    Nested math: keeping math alphabet allocation in version bo
ld on input line 342.
LaTeX Font Info:    Undo math alphabet allocation in version bold on input line
 342.
LaTeX Font Info:    ... but do not reset the top-level math alphabet definition
s on input line 342.
LaTeX Font Info:    Nested math: keeping math alphabet allocation in version bo
ld on input line 348.
LaTeX Font Info:    Nested math: keeping math alphabet allocation in version bo
ld on input line 348.
LaTeX Font Info:    Nested math: keeping math alphabet allocation in version bo
ld on input line 348.
LaTeX Font Info:    Nested math: keeping math alphabet allocation in version bo
ld on input line 348.
LaTeX Font Info:    Nested math: keeping math alphabet allocation in version bo
ld on input line 348.
LaTeX Font Info:    Nested math: keeping math alphabet allocation in version bo
ld on input line 348.
LaTeX Font Info:    Nested math: keeping math alphabet allocation in version bo
ld on input line 348.
LaTeX Font Info:    Nested math: keeping math alphabet allocation in version bo
ld on input line 348.
LaTeX Font Info:    Nested math: keeping math alphabet allocation in version bo
ld on input line 348.
LaTeX Font Info:    Nested math: keeping math alphabet allocation in version bo
ld on input line 348.
LaTeX Font Info:    Nested math: keeping math alphabet allocation in version bo
ld on input line 348.
LaTeX Font Info:    Nested math: keeping math alphabet allocation in version bo
ld on input line 348.
LaTeX Font Info:    Nested math: keeping math alphabet allocation in version bo
ld on input line 349.
LaTeX Font Info:    Nested math: keeping math alphabet allocation in version bo
ld on input line 349.
LaTeX Font Info:    Nested math: keeping math alphabet allocation in version bo
ld on input line 349.
LaTeX Font Info:    Nested math: keeping math alphabet allocation in version bo
ld on input line 349.
LaTeX Font Info:    Nested math: keeping math alphabet allocation in version bo
ld on input line 349.
LaTeX Font Info:    Nested math: keeping math alphabet allocation in version bo
ld on input line 349.
LaTeX Font Info:    Nested math: keeping math alphabet allocation in version bo
ld on input line 349.
LaTeX Font Info:    Nested math: keeping math alphabet allocation in version bo
ld on input line 349.
LaTeX Font Info:    Nested math: keeping math alphabet allocation in version bo
ld on input line 349.
LaTeX Font Info:    Nested math: keeping math alphabet allocation in version bo
ld on input line 349.
LaTeX Font Info:    Nested math: keeping math alphabet allocation in version bo
ld on input line 349.
LaTeX Font Info:    Nested math: keeping math alphabet allocation in version bo
ld on input line 349.
LaTeX Font Info:    No math alphabet change to frozen version bold on input lin
e 351.
LaTeX Font Info:    No math alphabet change to frozen version bold on input lin
e 351.
LaTeX Font Info:    No math alphabet change to frozen version bold on input lin
e 357.

LaTeX Warning: Reference `sec:results' on page 1 undefined on input line 363.


LaTeX Warning: Reference `sec:conclusions' on page 1 undefined on input line 36
4.

LaTeX Font Info:    No math alphabet change to frozen version bold on input lin
e 369.
LaTeX Font Info:    No math alphabet change to frozen version bold on input lin
e 369.
LaTeX Font Info:    No math alphabet change to frozen version bold on input lin
e 371.
LaTeX Font Info:    Nested math: keeping math alphabet allocation in version bo
ld on input line 374.
LaTeX Font Info:    Nested math: keeping math alphabet allocation in version bo
ld on input line 375.
LaTeX Font Info:    Nested math: keeping math alphabet allocation in version bo
ld on input line 375.
LaTeX Font Info:    Nested math: keeping math alphabet allocation in version bo
ld on input line 375.
LaTeX Font Info:    Nested math: keeping math alphabet allocation in version bo
ld on input line 375.
LaTeX Font Info:    Nested math: keeping math alphabet allocation in version bo
ld on input line 375.
LaTeX Font Info:    Nested math: keeping math alphabet allocation in version bo
ld on input line 377.
LaTeX Font Info:    Nested math: keeping math alphabet allocation in version bo
ld on input line 377.
LaTeX Font Info:    Nested math: keeping math alphabet allocation in version bo
ld on input line 377.
LaTeX Font Info:    Nested math: keeping math alphabet allocation in version bo
ld on input line 377.
LaTeX Font Info:    Nested math: keeping math alphabet allocation in version bo
ld on input line 377.
LaTeX Font Info:    Nested math: keeping math alphabet allocation in version bo
ld on input line 378.
LaTeX Font Info:    No math alphabet change to frozen version bold on input lin
e 380.
LaTeX Font Info:    No math alphabet change to frozen version bold on input lin
e 380.
LaTeX Font Info:    No math alphabet change to frozen version bold on input lin
e 382.
LaTeX Font Info:    No math alphabet change to frozen version bold on input lin
e 382.
LaTeX Font Info:    No math alphabet change to frozen version bold on input lin
e 382.
LaTeX Font Info:    Nested math: keeping math alphabet allocation in version bo
ld on input line 385.
LaTeX Font Info:    Nested math: keeping math alphabet allocation in version bo
ld on input line 385.
LaTeX Font Info:    No math alphabet change to frozen version bold on input lin
e 389.
LaTeX Font Info:    No math alphabet change to frozen version bold on input lin
e 389.
LaTeX Font Info:    No math alphabet change to frozen version bold on input lin
e 391.
LaTeX Font Info:    No math alphabet change to frozen version bold on input lin
e 392.
LaTeX Font Info:    No math alphabet change to frozen version bold on input lin
e 397.
LaTeX Font Info:    Nested math: keeping math alphabet allocation in version bo
ld on input line 402.
LaTeX Font Info:    Nested math: keeping math alphabet allocation in version bo
ld on input line 402.
LaTeX Font Info:    No math alphabet change to frozen version bold on input lin
e 406.
LaTeX Font Info:    No math alphabet change to frozen version bold on input lin
e 406.
LaTeX Font Info:    No math alphabet change to frozen version bold on input lin
e 407.
LaTeX Font Info:    No math alphabet change to frozen version bold on input lin
e 408.
LaTeX Font Info:    No math alphabet change to frozen version bold on input lin
e 410.

LaTeX Warning: Reference `app:moments' on page 1 undefined on input line 411.

LaTeX Font Info:    No math alphabet change to frozen version bold on input lin
e 414.
LaTeX Font Info:    No math alphabet change to frozen version bold on input lin
e 414.
LaTeX Font Info:    No math alphabet change to frozen version bold on input lin
e 415.
LaTeX Font Info:    No math alphabet change to frozen version bold on input lin
e 419.

LaTeX Warning: Reference `sec:conversion' on page 1 undefined on input line 420
.

[12]
LaTeX Font Info:    Nested math: keeping math alphabet allocation in version bo
ld on input line 430.
LaTeX Font Info:    Nested math: keeping math alphabet allocation in version bo
ld on input line 430.
LaTeX Font Info:    Nested math: keeping math alphabet allocation in version bo
ld on input line 430.
LaTeX Font Info:    Nested math: keeping math alphabet allocation in version bo
ld on input line 430.
LaTeX Font Info:    Nested math: keeping math alphabet allocation in version bo
ld on input line 430.
LaTeX Font Info:    Nested math: keeping math alphabet allocation in version bo
ld on input line 430.
LaTeX Font Info:    Nested math: keeping math alphabet allocation in version bo
ld on input line 430.
LaTeX Font Info:    Nested math: keeping math alphabet allocation in version bo
ld on input line 430.
LaTeX Font Info:    Nested math: keeping math alphabet allocation in version bo
ld on input line 430.
LaTeX Font Info:    Nested math: keeping math alphabet allocation in version bo
ld on input line 430.
LaTeX Font Info:    Nested math: keeping math alphabet allocation in version bo
ld on input line 430.
LaTeX Font Info:    Nested math: keeping math alphabet allocation in version bo
ld on input line 430.
LaTeX Font Info:    Nested math: keeping math alphabet allocation in version bo
ld on input line 430.
LaTeX Font Info:    Nested math: keeping math alphabet allocation in version bo
ld on input line 430.
LaTeX Font Info:    Nested math: keeping math alphabet allocation in version bo
ld on input line 431.
LaTeX Font Info:    Nested math: keeping math alphabet allocation in version bo
ld on input line 431.
LaTeX Font Info:    Nested math: keeping math alphabet allocation in version bo
ld on input line 431.
LaTeX Font Info:    Nested math: keeping math alphabet allocation in version bo
ld on input line 431.
LaTeX Font Info:    Nested math: keeping math alphabet allocation in version bo
ld on input line 432.
LaTeX Font Info:    Nested math: keeping math alphabet allocation in version bo
ld on input line 432.
LaTeX Font Info:    Nested math: keeping math alphabet allocation in version bo
ld on input line 432.
LaTeX Font Info:    Nested math: keeping math alphabet allocation in version bo
ld on input line 432.
LaTeX Font Info:    Nested math: keeping math alphabet allocation in version bo
ld on input line 432.
LaTeX Font Info:    Nested math: keeping math alphabet allocation in version bo
ld on input line 432.
LaTeX Font Info:    Nested math: keeping math alphabet allocation in version bo
ld on input line 432.
LaTeX Font Info:    Nested math: keeping math alphabet allocation in version bo
ld on input line 432.
LaTeX Font Info:    Nested math: keeping math alphabet allocation in version bo
ld on input line 432.
LaTeX Font Info:    Nested math: keeping math alphabet allocation in version bo
ld on input line 432.
LaTeX Font Info:    Nested math: keeping math alphabet allocation in version bo
ld on input line 432.
LaTeX Font Info:    Nested math: keeping math alphabet allocation in version bo
ld on input line 432.
LaTeX Font Info:    Nested math: keeping math alphabet allocation in version bo
ld on input line 432.
LaTeX Font Info:    Nested math: keeping math alphabet allocation in version bo
ld on input line 432.
LaTeX Font Info:    Nested math: keeping math alphabet allocation in version bo
ld on input line 432.
LaTeX Font Info:    Nested math: keeping math alphabet allocation in version bo
ld on input line 432.
LaTeX Font Info:    Nested math: keeping math alphabet allocation in version bo
ld on input line 433.
LaTeX Font Info:    Nested math: keeping math alphabet allocation in version bo
ld on input line 433.
LaTeX Font Info:    Nested math: keeping math alphabet allocation in version bo
ld on input line 433.
LaTeX Font Info:    Nested math: keeping math alphabet allocation in version bo
ld on input line 433.
LaTeX Font Info:    Nested math: keeping math alphabet allocation in version bo
ld on input line 433.
LaTeX Font Info:    Nested math: keeping math alphabet allocation in version bo
ld on input line 433.
LaTeX Font Info:    Nested math: keeping math alphabet allocation in version bo
ld on input line 433.
LaTeX Font Info:    Nested math: keeping math alphabet allocation in version bo
ld on input line 433.
LaTeX Font Info:    Nested math: keeping math alphabet allocation in version bo
ld on input line 433.
LaTeX Font Info:    Nested math: keeping math alphabet allocation in version bo
ld on input line 433.
LaTeX Font Info:    Nested math: keeping math alphabet allocation in version bo
ld on input line 433.
LaTeX Font Info:    Nested math: keeping math alphabet allocation in version bo
ld on input line 433.
LaTeX Font Info:    Nested math: keeping math alphabet allocation in version bo
ld on input line 433.
LaTeX Font Info:    Nested math: keeping math alphabet allocation in version bo
ld on input line 433.
LaTeX Font Info:    Nested math: keeping math alphabet allocation in version bo
ld on input line 433.
LaTeX Font Info:    Nested math: keeping math alphabet allocation in version bo
ld on input line 433.
LaTeX Font Info:    Nested math: keeping math alphabet allocation in version bo
ld on input line 435.
LaTeX Font Info:    Nested math: keeping math alphabet allocation in version bo
ld on input line 435.
LaTeX Font Info:    Nested math: keeping math alphabet allocation in version bo
ld on input line 435.
LaTeX Font Info:    Nested math: keeping math alphabet allocation in version bo
ld on input line 435.
LaTeX Font Info:    Nested math: keeping math alphabet allocation in version bo
ld on input line 435.
LaTeX Font Info:    Nested math: keeping math alphabet allocation in version bo
ld on input line 435.
LaTeX Font Info:    Nested math: keeping math alphabet allocation in version bo
ld on input line 435.
LaTeX Font Info:    Nested math: keeping math alphabet allocation in version bo
ld on input line 435.
LaTeX Font Info:    Nested math: keeping math alphabet allocation in version bo
ld on input line 435.
LaTeX Font Info:    No math alphabet change to frozen version bold on input lin
e 437.
LaTeX Font Info:    No math alphabet change to frozen version bold on input lin
e 437.
LaTeX Font Info:    No math alphabet change to frozen version bold on input lin
e 438.
LaTeX Font Info:    No math alphabet change to frozen version bold on input lin
e 442.
LaTeX Font Info:    Nested math: keeping math alphabet allocation in version bo
ld on input line 455.
LaTeX Font Info:    Nested math: keeping math alphabet allocation in version bo
ld on input line 455.
LaTeX Font Info:    Nested math: keeping math alphabet allocation in version bo
ld on input line 455.
LaTeX Font Info:    Nested math: keeping math alphabet allocation in version bo
ld on input line 455.
LaTeX Font Info:    Nested math: keeping math alphabet allocation in version bo
ld on input line 455.
LaTeX Font Info:    Nested math: keeping math alphabet allocation in version bo
ld on input line 455.
LaTeX Font Info:    Nested math: keeping math alphabet allocation in version bo
ld on input line 455.
LaTeX Font Info:    Nested math: keeping math alphabet allocation in version bo
ld on input line 455.
LaTeX Font Info:    Nested math: keeping math alphabet allocation in version bo
ld on input line 455.
LaTeX Font Info:    Nested math: keeping math alphabet allocation in version bo
ld on input line 455.
LaTeX Font Info:    Nested math: keeping math alphabet allocation in version bo
ld on input line 455.
LaTeX Font Info:    Nested math: keeping math alphabet allocation in version bo
ld on input line 455.
LaTeX Font Info:    Nested math: keeping math alphabet allocation in version bo
ld on input line 455.
LaTeX Font Info:    Nested math: keeping math alphabet allocation in version bo
ld on input line 455.
LaTeX Font Info:    Nested math: keeping math alphabet allocation in version bo
ld on input line 455.
LaTeX Font Info:    No math alphabet change to frozen version bold on input lin
e 455.
LaTeX Font Info:    No math alphabet change to frozen version bold on input lin
e 456.


LaTeX Warning: Reference `sec:gb-loops' on page 1 undefined on input line 456.

LaTeX Font Info:    No math alphabet change to frozen version bold on input lin
e 457.
LaTeX Font Info:    No math alphabet change to frozen version bold on input lin
e 458.

LaTeX Warning: Reference `sec:conservation' on page 1 undefined on input line 4
59.

LaTeX Font Info:    No math alphabet change to frozen version bold on input lin
e 460.

LaTeX Warning: Reference `sec:split' on page 1 undefined on input line 463.

) (sections/operator_split.tex) (sections/continuum_discrete.tex)
(sections/calibration.tex) (sections/results.tex) (sections/conclusions.tex)
(sections/appendices.tex) (SC_manuscript.bbl
LaTeX Font Info:    No math alphabet change to frozen version bold on input lin
e 27.
 [13]
LaTeX Font Info:    No math alphabet change to frozen version bold on input lin
e 122.
LaTeX Font Info:    No math alphabet change to frozen version bold on input lin
e 122.
LaTeX Font Info:    No math alphabet change to frozen version bold on input lin
e 122.
LaTeX Font Info:    No math alphabet change to frozen version bold on input lin
e 122.
 [14]
Underfull \hbox (badness 2556) in paragraph at lines 238--243
\T1/lmr/m/n/10 zir-co-nium al-loys -- a re-view, Nu-clear En-gi-neer-ing and Te
ch-nol-ogy 45 (3) (2013) 385--392.
 []

[15]
Underfull \hbox (badness 2538) in paragraph at lines 271--276
[]\T1/lmr/m/n/10 J. F. March-Rico, B. D. Wirth, Stress states and point de-fect
 cap-ture radii of dis-lo-ca-
 []

) [16] (SC_manuscript.aux)
 ***********
LaTeX2e <2025-11-01>
L3 programming layer <2026-03-20>
 ***********


LaTeX Warning: There were undefined references.

 ) 
Here is how much of TeX's memory you used:
 24911 strings out of 467691
 538960 string characters out of 5414988
 909202 words of memory out of 5000000
 53488 multiletter control sequences out of 15000+600000
 744884 words of font info for 148 fonts, out of 8000000 for 9000
 1141 hyphenation exceptions out of 8191
 84i,15n,94p,1481b,850s stack positions out of 10000i,1000n,20000p,200000b,200000s
<C:/Users/Owner/AppData/Local/Programs/MiKTeX/fonts/type1/public/lm/lmbx10.pf
b><C:/Users/Owner/AppData/Local/Programs/MiKTeX/fonts/type1/public/lm/lmbx8.pfb
><C:/Users/Owner/AppData/Local/Programs/MiKTeX/fonts/type1/public/lm/lmbx9.pfb>
<C:/Users/Owner/AppData/Local/Programs/MiKTeX/fonts/type1/public/lm/lmex10.pfb>
<C:/Users/Owner/AppData/Local/Programs/MiKTeX/fonts/type1/public/lm/lmmi10.pfb>
<C:/Users/Owner/AppData/Local/Programs/MiKTeX/fonts/type1/public/lm/lmmi5.pfb><
C:/Users/Owner/AppData/Local/Programs/MiKTeX/fonts/type1/public/lm/lmmi6.pfb><C
:/Users/Owner/AppData/Local/Programs/MiKTeX/fonts/type1/public/lm/lmmi7.pfb><C:
/Users/Owner/AppData/Local/Programs/MiKTeX/fonts/type1/public/lm/lmmi8.pfb><C:/
Users/Owner/AppData/Local/Programs/MiKTeX/fonts/type1/public/lm/lmmi9.pfb><C:/U
sers/Owner/AppData/Local/Programs/MiKTeX/fonts/type1/public/lm/lmmib10.pfb><C:/
Users/Owner/AppData/Local/Programs/MiKTeX/fonts/type1/public/lm/lmr10.pfb><C:/U
sers/Owner/AppData/Local/Programs/MiKTeX/fonts/type1/public/lm/lmr12.pfb><C:/Us
ers/Owner/AppData/Local/Programs/MiKTeX/fonts/type1/public/lm/lmr5.pfb><C:/User
s/Owner/AppData/Local/Programs/MiKTeX/fonts/type1/public/lm/lmr6.pfb><C:/Users/
Owner/AppData/Local/Programs/MiKTeX/fonts/type1/public/lm/lmr7.pfb><C:/Users/Ow
ner/AppData/Local/Programs/MiKTeX/fonts/type1/public/lm/lmr8.pfb><C:/Users/Owne
r/AppData/Local/Programs/MiKTeX/fonts/type1/public/lm/lmr9.pfb><C:/Users/Owner/
AppData/Local/Programs/MiKTeX/fonts/type1/public/lm/lmri10.pfb><C:/Users/Owner/
AppData/Local/Programs/MiKTeX/fonts/type1/public/lm/lmri7.pfb><C:/Users/Owner/A
ppData/Local/Programs/MiKTeX/fonts/type1/public/lm/lmri8.pfb><C:/Users/Owner/Ap
pData/Local/Programs/MiKTeX/fonts/type1/public/lm/lmri9.pfb><C:/Users/Owner/App
Data/Local/Programs/MiKTeX/fonts/type1/public/lm/lmssbx10.pfb><C:/Users/Owner/A
ppData/Local/Programs/MiKTeX/fonts/type1/public/lm/lmsy10.pfb><C:/Users/Owner/A
ppData/Local/Programs/MiKTeX/fonts/type1/public/lm/lmsy5.pfb><C:/Users/Owner/Ap
pData/Local/Programs/MiKTeX/fonts/type1/public/lm/lmsy6.pfb><C:/Users/Owner/App
Data/Local/Programs/MiKTeX/fonts/type1/public/lm/lmsy7.pfb><C:/Users/Owner/AppD
ata/Local/Programs/MiKTeX/fonts/type1/public/lm/lmsy8.pfb><C:/Users/Owner/AppDa
ta/Local/Programs/MiKTeX/fonts/type1/public/lm/lmsy9.pfb><C:/Users/Owner/AppDat
a/Local/Programs/MiKTeX/fonts/type1/public/lm/lmtt8.pfb><C:/Users/Owner/AppData
/Local/Programs/MiKTeX/fonts/type1/public/txfonts/txexa.pfb>
Output written on SC_manuscript.pdf (16 pages, 897898 bytes).
PDF statistics:
 230 PDF objects out of 1000 (max. 8388607)
 0 named destinations out of 1000 (max. 500000)
 18 words of extra memory for PDF output out of 10000 (max. 10000000)

