$MeshFormat
2.2 0 8
$EndMeshFormat
$Nodes
4555
1 0 0 1
2 0 0 0
3 0 1 1
4 0 1 0
5 1 0 1
6 1 0 0
7 1 1 1
8 1 1 0
9 0 0 0.058823529411764774
10 0 0 0.11764705882352959
11 0 0 0.17647058823529432
12 0 0 0.23529411764705904
13 0 0 0.29411764705882393
14 0 0 0.35294117647058887
15 0 0 0.41176470588235375
16 0 0 0.4705882352941187
17 0 0 0.52941176470588336
18 0 0 0.58823529411764786
19 0 0 0.64705882352941235
20 0 0 0.70588235294117685
21 0 0 0.76470588235294135
22 0 0 0.82352941176470595
23 0 0 0.88235294117647034
24 0 0 0.94117647058823495
25 0 0.058823529411764774 1
26 0 0.11764705882352959 1
27 0 0.17647058823529432 1
28 0 0.23529411764705904 1
29 0 0.29411764705882393 1
30 0 0.35294117647058887 1
31 0 0.41176470588235375 1
32 0 0.4705882352941187 1
33 0 0.52941176470588336 1
34 0 0.58823529411764786 1
35 0 0.64705882352941235 1
36 0 0.70588235294117685 1
37 0 0.76470588235294135 1
38 0 0.82352941176470595 1
39 0 0.88235294117647034 1
40 0 0.94117647058823495 1
41 0 1 0.058823529411764774
42 0 1 0.11764705882352959
43 0 1 0.17647058823529432
44 0 1 0.23529411764705904
45 0 1 0.29411764705882393
46 0 1 0.35294117647058887
47 0 1 0.41176470588235375
48 0 1 0.4705882352941187
49 0 1 0.52941176470588336
50 0 1 0.58823529411764786
51 0 1 0.64705882352941235
52 0 1 0.70588235294117685
53 0 1 0.76470588235294135
54 0 1 0.82352941176470595
55 0 1 0.88235294117647034
56 0 1 0.94117647058823495
57 0 0.058823529411764774 0
58 0 0.11764705882352959 0
59 0 0.17647058823529432 0
60 0 0.23529411764705904 0
61 0 0.29411764705882393 0
62 0 0.35294117647058887 0
63 0 0.41176470588235375 0
64 0 0.4705882352941187 0
65 0 0.52941176470588336 0
66 0 0.58823529411764786 0
67 0 0.64705882352941235 0
68 0 0.70588235294117685 0
69 0 0.76470588235294135 0
70 0 0.82352941176470595 0
71 0 0.88235294117647034 0
72 0 0.94117647058823495 0
73 1 0 0.058823529411764774
74 1 0 0.11764705882352959
75 1 0 0.17647058823529432
76 1 0 0.23529411764705904
77 1 0 0.29411764705882393
78 1 0 0.35294117647058887
79 1 0 0.41176470588235375
80 1 0 0.4705882352941187
81 1 0 0.52941176470588336
82 1 0 0.58823529411764786
83 1 0 0.64705882352941235
84 1 0 0.70588235294117685
85 1 0 0.76470588235294135
86 1 0 0.82352941176470595
87 1 0 0.88235294117647034
88 1 0 0.94117647058823495
89 1 0.058823529411764774 1
90 1 0.11764705882352959 1
91 1 0.17647058823529432 1
92 1 0.23529411764705904 1
93 1 0.29411764705882393 1
94 1 0.35294117647058887 1
95 1 0.41176470588235375 1
96 1 0.4705882352941187 1
97 1 0.52941176470588336 1
98 1 0.58823529411764786 1
99 1 0.64705882352941235 1
100 1 0.70588235294117685 1
101 1 0.76470588235294135 1
102 1 0.82352941176470595 1
103 1 0.88235294117647034 1
104 1 0.94117647058823495 1
105 1 1 0.058823529411764774
106 1 1 0.11764705882352959
107 1 1 0.17647058823529432
108 1 1 0.23529411764705904
109 1 1 0.29411764705882393
110 1 1 0.35294117647058887
111 1 1 0.41176470588235375
112 1 1 0.4705882352941187
113 1 1 0.52941176470588336
114 1 1 0.58823529411764786
115 1 1 0.64705882352941235
116 1 1 0.70588235294117685
117 1 1 0.76470588235294135
118 1 1 0.82352941176470595
119 1 1 0.88235294117647034
120 1 1 0.94117647058823495
121 1 0.058823529411764774 0
122 1 0.11764705882352959 0
123 1 0.17647058823529432 0
124 1 0.23529411764705904 0
125 1 0.29411764705882393 0
126 1 0.35294117647058887 0
127 1 0.41176470588235375 0
128 1 0.4705882352941187 0
129 1 0.52941176470588336 0
130 1 0.58823529411764786 0
131 1 0.64705882352941235 0
132 1 0.70588235294117685 0
133 1 0.76470588235294135 0
134 1 0.82352941176470595 0
135 1 0.88235294117647034 0
136 1 0.94117647058823495 0
137 0.058823529411764774 0 0
138 0.11764705882352959 0 0
139 0.17647058823529432 0 0
140 0.23529411764705904 0 0
141 0.29411764705882393 0 0
142 0.35294117647058887 0 0
143 0.41176470588235375 0 0
144 0.4705882352941187 0 0
145 0.52941176470588336 0 0
146 0.58823529411764786 0 0
147 0.64705882352941235 0 0
148 0.70588235294117685 0 0
149 0.76470588235294135 0 0
150 0.82352941176470595 0 0
151 0.88235294117647034 0 0
152 0.94117647058823495 0 0
153 0.058823529411764774 0 1
154 0.11764705882352959 0 1
155 0.17647058823529432 0 1
156 0.23529411764705904 0 1
157 0.29411764705882393 0 1
158 0.35294117647058887 0 1
159 0.41176470588235375 0 1
160 0.4705882352941187 0 1
161 0.52941176470588336 0 1
162 0.58823529411764786 0 1
163 0.64705882352941235 0 1
164 0.70588235294117685 0 1
165 0.76470588235294135 0 1
166 0.82352941176470595 0 1
167 0.88235294117647034 0 1
168 0.94117647058823495 0 1
169 0.058823529411764774 1 0
170 0.11764705882352959 1 0
171 0.17647058823529432 1 0
172 0.23529411764705904 1 0
173 0.29411764705882393 1 0
174 0.35294117647058887 1 0
175 0.41176470588235375 1 0
176 0.4705882352941187 1 0
177 0.52941176470588336 1 0
178 0.58823529411764786 1 0
179 0.64705882352941235 1 0
180 0.70588235294117685 1 0
181 0.76470588235294135 1 0
182 0.82352941176470595 1 0
183 0.88235294117647034 1 0
184 0.94117647058823495 1 0
185 0.058823529411764774 1 1
186 0.11764705882352959 1 1
187 0.17647058823529432 1 1
188 0.23529411764705904 1 1
189 0.29411764705882393 1 1
190 0.35294117647058887 1 1
191 0.41176470588235375 1 1
192 0.4705882352941187 1 1
193 0.52941176470588336 1 1
194 0.58823529411764786 1 1
195 0.64705882352941235 1 1
196 0.70588235294117685 1 1
197 0.76470588235294135 1 1
198 0.82352941176470595 1 1
199 0.88235294117647034 1 1
200 0.94117647058823495 1 1
201 0 0.49815539937476855 0.94795277076928874
202 0 0.49786324607729265 0.050307934883839937
203 0 0.051103803352291227 0.49951566522723589
204 0 0.94905732918915076 0.500000000000001
205 0 0.050942670810849508 0.3235294117647064
206 0 0.30902979061009533 0.9428806905443603
207 0 0.94549429129375051 0.31878657019837686
208 0 0.67740590187905148 0.95163275994714902
209 0 0.9506874352964314 0.67261018094719749
210 0 0.055291340333798844 0.67475666287489811
211 0 0.67551119015034833 0.050971301423786398
212 0 0.3202160660278614 0.049662185729486857
213 0 0.19994361983046166 0.95240212899426946
214 0 0.94834877005339513 0.2061366831238671
215 0 0.20178463069573677 0.049241425779623059
216 0 0.05567408317234783 0.20346630452508999
217 0 0.047163564205486723 0.79414357733078678
218 0 0.79643104271037513 0.95338518759439195
219 0 0.79393391675094571 0.051218141313295606
220 0 0.94905732918915087 0.79411764705882337
221 0 0.91397445219495432 0.95477460899711486
222 0 0.91001620384202941 0.049841389956700552
223 0 0.04488090964659381 0.91108074462901623
224 0 0.050204017923139041 0.087531370590168328
225 0 0.85284610228942992 0.051272903754416066
226 0 0.82342634512756485 0.10306501939779264
227 0 0.76378557073061504 0.10291005440449379
228 0 0.79323982898193357 0.15475595691511751
229 0 0.73326964057660515 0.15454370744227985
230 0 0.76289463430725069 0.20649210649913863
231 0 0.70289068193015192 0.20607486474624093
232 0 0.73253743037626373 0.2582071723958152
233 0 0.67253127561611536 0.25778595177205588
234 0 0.70217194608939548 0.30993809549125251
235 0 0.64217385837239638 0.30952973957767177
236 0 0.67181714535736048 0.36169347618668146
237 0 0.6118185633069998 0.3612829395386864
238 0 0.6414621879265654 0.41344817967425423
239 0 0.58146359626373767 0.41303759518761063
240 0 0.61110728898766153 0.46520313668626551
241 0 0.55110869366634474 0.46479253572209933
242 0 0.52146498597299729 0.41262692808905205
243 0 0.49111009603192962 0.46438192449988414
244 0 0.58075239744977736 0.51695812608237546
245 0 0.46146638795077644 0.41221631518503138
246 0 0.43111150005684123 0.46397132060034485
247 0 0.40146779225113854 0.41180571250782355
248 0 0.63903241134900857 0.51834533286968776
249 0 0.61010967491030887 0.56928650132255032
250 0 0.37111290474540998 0.46356071962571549
251 0 0.4007566123785874 0.51572632695851051
252 0 0.34075801728327976 0.51531572693470318
253 0 0.37040172491105866 0.56748133424364711
254 0 0.43182267962371318 0.36005070479745077
255 0 0.37182408439847098 0.35964010421066239
256 0 0.66834194974823635 0.57070083305205777
257 0 0.63964994932165675 0.62151088550081635
258 0 0.31040312986353691 0.56707073443003542
259 0 0.34004683751057568 0.61923634182367293
260 0 0.40217897182513834 0.30788509674373493
261 0 0.3421803767521176 0.30747449681969413
262 0 0.69659902464572554 0.62365440998781785
263 0 0.67076291036985547 0.67477911313721384
264 0 0.60979984644613339 0.67330196673658582
265 0 0.69992074083274836 0.41060250862841741
266 0 0.31111430962420722 0.46315011948813684
267 0 0.61253025099691227 0.2573643832064933
268 0 0.28004824246203303 0.61882574200557283
269 0 0.30969195011220285 0.67099134941297922
270 0 0.36969054516086319 0.67140194923159668
271 0 0.73193813416586107 0.67565552482220859
272 0 0.72658178360691017 0.57375666121818003
273 0 0.6412452825803644 0.7264350822647031
274 0 0.57966863307104022 0.7250464801937615
275 0 0.33933565776350055 0.72315695682534697
276 0 0.2793370627150083 0.72274635700747025
277 0 0.37253526415013632 0.2557194892287703
278 0 0.31253666909684652 0.25530888939012925
279 0 0.28218178169971092 0.30706389698487502
280 0 0.25040453481075464 0.56666013459329156
281 0 0.25253807404747702 0.25489828956845489
282 0 0.76224642202812087 0.3087000859530275
283 0 0.43253385919874177 0.25613008904648632
284 0 0.39933425281249085 0.72356755664337169
285 0 0.42968914021026205 0.67181254904912346
286 0 0.60934961972667245 0.77721033858255695
287 0 0.67561135225171531 0.7779832350890945
288 0 0.54900614759826138 0.77657573062000185
289 0 0.40289015154354008 0.20396448161776382
290 0 0.46288887092078979 0.2043750107811407
291 0 0.36897936541483162 0.77532256423752022
292 0 0.22004964741283584 0.61841514218459404
293 0 0.2221831866504384 0.30665329716362077
294 0 0.55034977168797827 0.56874026164861469
295 0 0.28289296144482784 0.20314328197464093
296 0 0.22289436639623753 0.20273268215633891
297 0 0.5786866700746689 0.82876442810320128
298 0 0.19040593976144821 0.56624953477183237
299 0 0.51863673131692845 0.82832034194066828
300 0 0.82289765425073669 0.20684624620632097
301 0 0.43324518399033318 0.15220939159043614
302 0 0.49253247543224471 0.25654067679225356
303 0 0.52288734163853623 0.20478568124502072
304 0 0.5497619163421168 0.67271787240631309
305 0 0.25182689430172994 0.35881890457596199
306 0 0.19182829925313494 0.35840830475764063
307 0 0.22147200690436222 0.41057391216970379
308 0 0.16147341185588965 0.41016331235191195
309 0 0.43040031996846401 0.56789193410003935
310 0 0.67324521346594657 0.15410827423790599
311 0 0.15769355409510849 0.61862908338445477
312 0 0.18930184363718414 0.67027423994759983
313 0 0.16263952973592757 0.30598417350720247
314 0 0.3732417800123608 0.15248389882417354
315 0 0.25324356632242234 0.15180875206312619
316 0 0.19324402336210075 0.15153666516215311
317 0 0.16354170187884412 0.20211599483369624
318 0 0.42897796046550551 0.77573316405591486
319 0 0.3986230730659987 0.82748817164965216
320 0 0.33862447801755025 0.82707757183191033
321 0 0.19111711950714103 0.46232891976407953
322 0 0.12784865676336407 0.56622921758571143
323 0 0.13758978244626943 0.15189131135466896
324 0 0.40619848500352312 0.10087842154470121
325 0 0.13427295576681059 0.46381706418788327
326 0 0.10050272680537867 0.41089872538586236
327 0 0.55114006396841864 0.87885782574083104
328 0 0.60967132018678061 0.87927704098114301
329 0 0.37129598431337252 0.87752259776718688
330 0 0.42879543950709043 0.87585628074034561
331 0 0.12833815294727127 0.67018834655639181
332 0 0.15904805121846977 0.72201397183306848
333 0 0.30988070172073573 0.88102908018673509
334 0 0.27889440148580502 0.82703305547420325
335 0 0.24840333151327543 0.87592256333737806
336 0 0.21869409699696127 0.82590081672785498
337 0 0.18829399876957706 0.87599398119214
338 0 0.15902889067471943 0.82523123610024984
339 0 0.12827380547494113 0.87760077997309416
340 0 0.40368498920665652 0.93387841956839213
341 0 0.10045972780431056 0.72336720511156449
342 0 0.092972052168860869 0.61901851375286143
343 0 0.58478839171047126 0.92295129482564287
344 0 0.059232627152839369 0.56229182743391648
345 0 0.16832312966764532 0.10041048878518476
346 0 0.46588455262515144 0.10133531389228001
347 0 0.85351736900244179 0.15502188125311051
348 0 0.88413951875119234 0.20681991522952334
349 0 0.85278268886113551 0.25840584078910689
350 0 0.91240987741762547 0.2605248065091173
351 0 0.88089719584627479 0.31226676046035062
352 0 0.90434380899463351 0.36858101737139648
353 0 0.84627188696333355 0.36028039906396192
354 0 0.86851359745977852 0.41571215744851497
355 0 0.81050404608774462 0.40811578131626935
356 0 0.83194106079826646 0.46299149764398528
357 0 0.77334538841775402 0.45515702985527151
358 0 0.79756172201767783 0.5091940676869694
359 0 0.85339088216632408 0.51886560484208799
360 0 0.82014225752509273 0.56460570787489273
361 0 0.87572356172383525 0.57449649338387665
362 0 0.83987052496050463 0.62076953005807178
363 0 0.92929717050209049 0.41942075696001158
364 0 0.73634374216105902 0.50393687634210027
365 0 0.78404881272465676 0.60189876453562785
366 0 0.79422543201683049 0.66439114331495341
367 0 0.7685671805638673 0.72427989727909936
368 0 0.82938692440287809 0.72254033254566818
369 0 0.80077911944618085 0.77482010027213111
370 0 0.85857570185044341 0.77353729510602831
371 0 0.83051645451694367 0.82653798121192412
372 0 0.77135115180936664 0.82711928383281308
373 0 0.88525657040619332 0.72566937875106208
374 0 0.80099425047517347 0.8787523108090094
375 0 0.7409941429100726 0.87887142272254104
376 0 0.8609943626524722 0.87863554530399868
377 0 0.90331760827118535 0.63328808661141689
378 0 0.93291576424401235 0.58290296253526364
379 0 0.71089042812450443 0.82696985116659405
380 0 0.6775050345558864 0.87452838338256789
381 0 0.91248574069773269 0.15334685997588901
382 0 0.70744408047894669 0.72863100227368749
383 0 0.79260540191696383 0.25772243321384303
384 0 0.64288749386577637 0.20566165110201143
385 0 0.61324289542316024 0.15349245987043564
386 0 0.64447209275621242 0.10217429547792041
387 0 0.58516801857402079 0.10192748965685917
388 0 0.55350135875145268 0.15359896197368272
389 0 0.58293006547392612 0.20530907073952737
390 0 0.73112602533808202 0.35867344415048436
391 0 0.58217495937095398 0.30911775817830422
392 0 0.55181992354004483 0.36087213683994684
393 0 0.67759135869305287 0.47006801083515892
394 0 0.55253854245601541 0.25697064439546563
395 0 0.49182128429253558 0.36046134625880571
396 0 0.49366447634233473 0.15331277004874214
397 0 0.49264075814911146 0.8845875156537828
398 0 0.48898446637946591 0.77614915347110058
399 0 0.5207458468655054 0.51655205137678661
400 0 0.49038963268955316 0.56830780938317493
401 0 0.52004262265683465 0.62046814127221162
402 0 0.22076082715862708 0.5144945271772754
403 0 0.46075233466514681 0.5161385611531234
404 0 0.24903806324998656 0.77450311926717386
405 0 0.13221443147670339 0.77218234226307747
406 0 0.16076223210994103 0.51408392735854613
407 0 0.281470601956197 0.41098451200227898
408 0 0.2511157145595676 0.46273951959925635
409 0 0.57995229689417149 0.62100427148118198
410 0 0.48970033293194637 0.67223716948714607
411 0 0.45944307148068336 0.82802243791857721
412 0 0.45933626595205834 0.72398139149760687
413 0 0.30903483810778037 0.77497327077393741
414 0 0.34146919705423828 0.41139511203792017
415 0 0.31324143556351591 0.15232599643062406
416 0 0.28642549658341698 0.10139847715355178
417 0 0.28075942221666217 0.51490512703711633
418 0 0.34289061455882008 0.20369187045804091
419 0 0.40004543255909936 0.61964694164140333
420 0 0.192722957109912 0.25441025452704197
421 0 0.1366627546415429 0.25128934436633932
422 0 0.13455987426525196 0.35718994260817238
423 0 0.31182548936041077 0.35922950443856538
424 0 0.24962786900096717 0.6705980979579842
425 0 0.21922274501515915 0.72237109179957515
426 0 0.64219003723297485 0.82793412470374828
427 0 0.18954104643866654 0.77370042966516661
428 0 0.51940962704581484 0.72445129961265498
429 0 0.46004402760626839 0.620057541454063
430 0 0.46217756684416206 0.30829569643015869
431 0 0.52217745865599263 0.30870970981582241
432 0 0.89765705037079235 0.82313834693146126
433 0 0.92098703058031495 0.87851527425659115
434 0 0.89942514932965623 0.47196976696087917
435 0 0.88254424659138209 0.10231970247312416
436 0 0.9463149597533943 0.096014168054336171
437 0 0.046191406243044714 0.85293008750588428
438 0 0.85639990791247844 0.95491984884382031
439 0 0.25575252264440035 0.95205573667543286
440 0 0.050707454094965333 0.14078394931677721
441 0 0.050151616373181274 0.26698795954199528
442 0 0.047980895094684381 0.44095141804336008
443 0 0.14864957179509289 0.96221818626271094
444 0 0.94264531237120786 0.7301977863474739
445 0 0.73456775824693354 0.05139976218094728
446 0 0.73775727257406942 0.95468263528267405
447 0 0.70398354686429021 0.10286014017061815
448 0 0.04757099088237883 0.38224827044909998
449 0 0.6172453700236169 0.050208222256470765
450 0 0.55691720727103455 0.051002651267843729
451 0 0.10094287731662285 0.82412090895785561
452 0 0.52549980994021439 0.10191418695387461
453 0 0.43969948755603311 0.049606530980184922
454 0 0.82147280526895727 0.30850793852817776
455 0 0.10147620247259762 0.29994633409910704
456 0 0.85949215329107231 0.67455724233562586
457 0 0.37906575480968174 0.050648439202855576
458 0 0.10482786122815158 0.1048143359446264
459 0 0.73910721877909691 0.77663389498556989
460 0 0.3463981696667266 0.10123290314756549
461 0 0.097945559646047967 0.93726961144729715
462 0 0.087744030505513021 0.0470191276361515
463 0 0.26023489655482152 0.050683436803269213
464 0 0.11242036130917615 0.20163205131948578
465 0 0.10394801366064942 0.5143368314078911
466 0 0.22720929053102396 0.100846540957818
467 0 0.047131545660340626 0.73660032015731303
468 0 0.14279954985931176 0.05024756302426428
469 0 0.78942583393677113 0.35753528596157047
470 0 0.44844959444182247 0.95851723367142094
471 0 0.90976935084755384 0.53141617351632853
472 0 0.9558270541580951 0.37429884537654556
473 0 0.6169558254714681 0.95917799566404238
474 0 0.95508860161662068 0.91099432784650658
475 0 0.75589637356966632 0.40696153264466123
476 0 0.68957824911165344 0.52736154286343695
477 0 0.95457512003922484 0.84530476086233752
478 0 0.96106641566094952 0.26470588235294146
479 0 0.95490017033143504 0.62776715654252013
480 0 0.040498966017700339 0.61809360562225668
481 0 0.96181705095885295 0.14852017460756053
482 0 0.90720456403192351 0.76886980192741616
483 0 0.72621422592382778 0.45313057456280897
484 0 0.64600017150238409 0.91480981061371658
485 0 0.77293566360707933 0.55067841553155406
486 0 0.95693818779006656 0.043061812209933208
487 0 0.040329999740881306 0.95790536533290971
488 0 0.042762309679709287 0.042762309679709273
489 0 0.95734968999192827 0.95734968999192827
490 0 0.085999652583360481 0.35340418514772914
491 0 0.086104647769322085 0.47058823529411881
492 0 0.084823461576758769 0.76426996679157055
493 0 0.090346545783630716 0.24298681002944075
494 0 0.95784137704558048 0.54360911222831265
495 0 0.70973004505771053 0.9130614927901145
496 0 0.95806413709994509 0.45677671950374554
497 0 0.083646911665450088 0.88060042650262949
498 0 0.90662236797372797 0.68404189715399777
499 0 0.7706513961981023 0.91225705610088592
500 0 0.53653012388934951 0.92133295769954093
501 0 0.83105695004934788 0.9108833675521586
502 0 0.89038912300861617 0.91267553770196563
503 0 0.35265480357028045 0.92393360595471097
504 0 0.74529711752147809 0.62917930392386268
505 0 0.45616208820870208 0.91555266478535369
506 0 0.092243908450182058 0.16051759049212966
507 0 0.55895872260212198 0.96184598276547195
508 0 0.16196812472118247 0.9158256280836492
509 0 0.22010916937211694 0.91096192709835466
510 0 0.27560984487633367 0.90972184375790166
511 1 0.49815539937476855 0.94795277076928874
512 1 0.49786324607729265 0.050307934883839937
513 1 0.051103803352291227 0.49951566522723589
514 1 0.94905732918915076 0.500000000000001
515 1 0.050942670810849508 0.3235294117647064
516 1 0.30902979061009533 0.9428806905443603
517 1 0.94549429129375051 0.31878657019837686
518 1 0.67740590187905148 0.95163275994714902
519 1 0.9506874352964314 0.67261018094719749
520 1 0.055291340333798844 0.67475666287489811
521 1 0.67551119015034833 0.050971301423786398
522 1 0.3202160660278614 0.049662185729486857
523 1 0.19994361983046166 0.95240212899426946
524 1 0.94834877005339513 0.2061366831238671
525 1 0.20178463069573677 0.049241425779623059
526 1 0.05567408317234783 0.20346630452508999
527 1 0.047163564205486723 0.79414357733078678
528 1 0.79643104271037513 0.95338518759439195
529 1 0.79393391675094571 0.051218141313295606
530 1 0.94905732918915087 0.79411764705882337
531 1 0.91397445219495432 0.95477460899711486
532 1 0.91001620384202941 0.049841389956700552
533 1 0.04488090964659381 0.91108074462901623
534 1 0.050204017923139041 0.087531370590168328
535 1 0.85284610228942992 0.051272903754416066
536 1 0.82342634512756485 0.10306501939779264
537 1 0.76378557073061504 0.10291005440449379
538 1 0.79323982898193357 0.15475595691511751
539 1 0.73326964057660515 0.15454370744227985
540 1 0.76289463430725069 0.20649210649913863
541 1 0.70289068193015192 0.20607486474624093
542 1 0.73253743037626373 0.2582071723958152
543 1 0.67253127561611536 0.25778595177205588
544 1 0.70217194608939548 0.30993809549125251
545 1 0.64217385837239638 0.30952973957767177
546 1 0.67181714535736048 0.36169347618668146
547 1 0.6118185633069998 0.3612829395386864
548 1 0.6414621879265654 0.41344817967425423
549 1 0.58146359626373767 0.41303759518761063
550 1 0.61110728898766153 0.46520313668626551
551 1 0.55110869366634474 0.46479253572209933
552 1 0.52146498597299729 0.41262692808905205
553 1 0.49111009603192962 0.46438192449988414
554 1 0.58075239744977736 0.51695812608237546
555 1 0.46146638795077644 0.41221631518503138
556 1 0.43111150005684123 0.46397132060034485
557 1 0.40146779225113854 0.41180571250782355
558 1 0.63903241134900857 0.51834533286968776
559 1 0.61010967491030887 0.56928650132255032
560 1 0.37111290474540998 0.46356071962571549
561 1 0.4007566123785874 0.51572632695851051
562 1 0.34075801728327976 0.51531572693470318
563 1 0.37040172491105866 0.56748133424364711
564 1 0.43182267962371318 0.36005070479745077
565 1 0.37182408439847098 0.35964010421066239
566 1 0.66834194974823635 0.57070083305205777
567 1 0.63964994932165675 0.62151088550081635
568 1 0.31040312986353691 0.56707073443003542
569 1 0.34004683751057568 0.61923634182367293
570 1 0.40217897182513834 0.30788509674373493
571 1 0.3421803767521176 0.30747449681969413
572 1 0.69659902464572554 0.62365440998781785
573 1 0.67076291036985547 0.67477911313721384
574 1 0.60979984644613339 0.67330196673658582
575 1 0.69992074083274836 0.41060250862841741
576 1 0.31111430962420722 0.46315011948813684
577 1 0.61253025099691227 0.2573643832064933
578 1 0.28004824246203303 0.61882574200557283
579 1 0.30969195011220285 0.67099134941297922
580 1 0.36969054516086319 0.67140194923159668
581 1 0.73193813416586107 0.67565552482220859
582 1 0.72658178360691017 0.57375666121818003
583 1 0.6412452825803644 0.7264350822647031
584 1 0.57966863307104022 0.7250464801937615
585 1 0.33933565776350055 0.72315695682534697
586 1 0.2793370627150083 0.72274635700747025
587 1 0.37253526415013632 0.2557194892287703
588 1 0.31253666909684652 0.25530888939012925
589 1 0.28218178169971092 0.30706389698487502
590 1 0.25040453481075464 0.56666013459329156
591 1 0.25253807404747702 0.25489828956845489
592 1 0.76224642202812087 0.3087000859530275
593 1 0.43253385919874177 0.25613008904648632
594 1 0.39933425281249085 0.72356755664337169
595 1 0.42968914021026205 0.67181254904912346
596 1 0.60934961972667245 0.77721033858255695
597 1 0.67561135225171531 0.7779832350890945
598 1 0.54900614759826138 0.77657573062000185
599 1 0.40289015154354008 0.20396448161776382
600 1 0.46288887092078979 0.2043750107811407
601 1 0.36897936541483162 0.77532256423752022
602 1 0.22004964741283584 0.61841514218459404
603 1 0.2221831866504384 0.30665329716362077
604 1 0.55034977168797827 0.56874026164861469
605 1 0.28289296144482784 0.20314328197464093
606 1 0.22289436639623753 0.20273268215633891
607 1 0.5786866700746689 0.82876442810320128
608 1 0.19040593976144821 0.56624953477183237
609 1 0.51863673131692845 0.82832034194066828
610 1 0.82289765425073669 0.20684624620632097
611 1 0.43324518399033318 0.15220939159043614
612 1 0.49253247543224471 0.25654067679225356
613 1 0.52288734163853623 0.20478568124502072
614 1 0.5497619163421168 0.67271787240631309
615 1 0.25182689430172994 0.35881890457596199
616 1 0.19182829925313494 0.35840830475764063
617 1 0.22147200690436222 0.41057391216970379
618 1 0.16147341185588965 0.41016331235191195
619 1 0.43040031996846401 0.56789193410003935
620 1 0.67324521346594657 0.15410827423790599
621 1 0.15769355409510849 0.61862908338445477
622 1 0.18930184363718414 0.67027423994759983
623 1 0.16263952973592757 0.30598417350720247
624 1 0.3732417800123608 0.15248389882417354
625 1 0.25324356632242234 0.15180875206312619
626 1 0.19324402336210075 0.15153666516215311
627 1 0.16354170187884412 0.20211599483369624
628 1 0.42897796046550551 0.77573316405591486
629 1 0.3986230730659987 0.82748817164965216
630 1 0.33862447801755025 0.82707757183191033
631 1 0.19111711950714103 0.46232891976407953
632 1 0.12784865676336407 0.56622921758571143
633 1 0.13758978244626943 0.15189131135466896
634 1 0.40619848500352312 0.10087842154470121
635 1 0.13427295576681059 0.46381706418788327
636 1 0.10050272680537867 0.41089872538586236
637 1 0.55114006396841864 0.87885782574083104
638 1 0.60967132018678061 0.87927704098114301
639 1 0.37129598431337252 0.87752259776718688
640 1 0.42879543950709043 0.87585628074034561
641 1 0.12833815294727127 0.67018834655639181
642 1 0.15904805121846977 0.72201397183306848
643 1 0.30988070172073573 0.88102908018673509
644 1 0.27889440148580502 0.82703305547420325
645 1 0.24840333151327543 0.87592256333737806
646 1 0.21869409699696127 0.82590081672785498
647 1 0.18829399876957706 0.87599398119214
648 1 0.15902889067471943 0.82523123610024984
649 1 0.12827380547494113 0.87760077997309416
650 1 0.40368498920665652 0.93387841956839213
651 1 0.10045972780431056 0.72336720511156449
652 1 0.092972052168860869 0.61901851375286143
653 1 0.58478839171047126 0.92295129482564287
654 1 0.059232627152839369 0.56229182743391648
655 1 0.16832312966764532 0.10041048878518476
656 1 0.46588455262515144 0.10133531389228001
657 1 0.85351736900244179 0.15502188125311051
658 1 0.88413951875119234 0.20681991522952334
659 1 0.85278268886113551 0.25840584078910689
660 1 0.91240987741762547 0.2605248065091173
661 1 0.88089719584627479 0.31226676046035062
662 1 0.90434380899463351 0.36858101737139648
663 1 0.84627188696333355 0.36028039906396192
664 1 0.86851359745977852 0.41571215744851497
665 1 0.81050404608774462 0.40811578131626935
666 1 0.83194106079826646 0.46299149764398528
667 1 0.77334538841775402 0.45515702985527151
668 1 0.79756172201767783 0.5091940676869694
669 1 0.85339088216632408 0.51886560484208799
670 1 0.82014225752509273 0.56460570787489273
671 1 0.87572356172383525 0.57449649338387665
672 1 0.83987052496050463 0.62076953005807178
673 1 0.92929717050209049 0.41942075696001158
674 1 0.73634374216105902 0.50393687634210027
675 1 0.78404881272465676 0.60189876453562785
676 1 0.79422543201683049 0.66439114331495341
677 1 0.7685671805638673 0.72427989727909936
678 1 0.82938692440287809 0.72254033254566818
679 1 0.80077911944618085 0.77482010027213111
680 1 0.85857570185044341 0.77353729510602831
681 1 0.83051645451694367 0.82653798121192412
682 1 0.77135115180936664 0.82711928383281308
683 1 0.88525657040619332 0.72566937875106208
684 1 0.80099425047517347 0.8787523108090094
685 1 0.7409941429100726 0.87887142272254104
686 1 0.8609943626524722 0.87863554530399868
687 1 0.90331760827118535 0.63328808661141689
688 1 0.93291576424401235 0.58290296253526364
689 1 0.71089042812450443 0.82696985116659405
690 1 0.6775050345558864 0.87452838338256789
691 1 0.91248574069773269 0.15334685997588901
692 1 0.70744408047894669 0.72863100227368749
693 1 0.79260540191696383 0.25772243321384303
694 1 0.64288749386577637 0.20566165110201143
695 1 0.61324289542316024 0.15349245987043564
696 1 0.64447209275621242 0.10217429547792041
697 1 0.58516801857402079 0.10192748965685917
698 1 0.55350135875145268 0.15359896197368272
699 1 0.58293006547392612 0.20530907073952737
700 1 0.73112602533808202 0.35867344415048436
701 1 0.58217495937095398 0.30911775817830422
702 1 0.55181992354004483 0.36087213683994684
703 1 0.67759135869305287 0.47006801083515892
704 1 0.55253854245601541 0.25697064439546563
705 1 0.49182128429253558 0.36046134625880571
706 1 0.49366447634233473 0.15331277004874214
707 1 0.49264075814911146 0.8845875156537828
708 1 0.48898446637946591 0.77614915347110058
709 1 0.5207458468655054 0.51655205137678661
710 1 0.49038963268955316 0.56830780938317493
711 1 0.52004262265683465 0.62046814127221162
712 1 0.22076082715862708 0.5144945271772754
713 1 0.46075233466514681 0.5161385611531234
714 1 0.24903806324998656 0.77450311926717386
715 1 0.13221443147670339 0.77218234226307747
716 1 0.16076223210994103 0.51408392735854613
717 1 0.281470601956197 0.41098451200227898
718 1 0.2511157145595676 0.46273951959925635
719 1 0.57995229689417149 0.62100427148118198
720 1 0.48970033293194637 0.67223716948714607
721 1 0.45944307148068336 0.82802243791857721
722 1 0.45933626595205834 0.72398139149760687
723 1 0.30903483810778037 0.77497327077393741
724 1 0.34146919705423828 0.41139511203792017
725 1 0.31324143556351591 0.15232599643062406
726 1 0.28642549658341698 0.10139847715355178
727 1 0.28075942221666217 0.51490512703711633
728 1 0.34289061455882008 0.20369187045804091
729 1 0.40004543255909936 0.61964694164140333
730 1 0.192722957109912 0.25441025452704197
731 1 0.1366627546415429 0.25128934436633932
732 1 0.13455987426525196 0.35718994260817238
733 1 0.31182548936041077 0.35922950443856538
734 1 0.24962786900096717 0.6705980979579842
735 1 0.21922274501515915 0.72237109179957515
736 1 0.64219003723297485 0.82793412470374828
737 1 0.18954104643866654 0.77370042966516661
738 1 0.51940962704581484 0.72445129961265498
739 1 0.46004402760626839 0.620057541454063
740 1 0.46217756684416206 0.30829569643015869
741 1 0.52217745865599263 0.30870970981582241
742 1 0.89765705037079235 0.82313834693146126
743 1 0.92098703058031495 0.87851527425659115
744 1 0.89942514932965623 0.47196976696087917
745 1 0.88254424659138209 0.10231970247312416
746 1 0.9463149597533943 0.096014168054336171
747 1 0.046191406243044714 0.85293008750588428
748 1 0.85639990791247844 0.95491984884382031
749 1 0.25575252264440035 0.95205573667543286
750 1 0.050707454094965333 0.14078394931677721
751 1 0.050151616373181274 0.26698795954199528
752 1 0.047980895094684381 0.44095141804336008
753 1 0.14864957179509289 0.96221818626271094
754 1 0.94264531237120786 0.7301977863474739
755 1 0.73456775824693354 0.05139976218094728
756 1 0.73775727257406942 0.95468263528267405
757 1 0.70398354686429021 0.10286014017061815
758 1 0.04757099088237883 0.38224827044909998
759 1 0.6172453700236169 0.050208222256470765
760 1 0.55691720727103455 0.051002651267843729
761 1 0.10094287731662285 0.82412090895785561
762 1 0.52549980994021439 0.10191418695387461
763 1 0.43969948755603311 0.049606530980184922
764 1 0.82147280526895727 0.30850793852817776
765 1 0.10147620247259762 0.29994633409910704
766 1 0.85949215329107231 0.67455724233562586
767 1 0.37906575480968174 0.050648439202855576
768 1 0.10482786122815158 0.1048143359446264
769 1 0.73910721877909691 0.77663389498556989
770 1 0.3463981696667266 0.10123290314756549
771 1 0.097945559646047967 0.93726961144729715
772 1 0.087744030505513021 0.0470191276361515
773 1 0.26023489655482152 0.050683436803269213
774 1 0.11242036130917615 0.20163205131948578
775 1 0.10394801366064942 0.5143368314078911
776 1 0.22720929053102396 0.100846540957818
777 1 0.047131545660340626 0.73660032015731303
778 1 0.14279954985931176 0.05024756302426428
779 1 0.78942583393677113 0.35753528596157047
780 1 0.44844959444182247 0.95851723367142094
781 1 0.90976935084755384 0.53141617351632853
782 1 0.9558270541580951 0.37429884537654556
783 1 0.6169558254714681 0.95917799566404238
784 1 0.95508860161662068 0.91099432784650658
785 1 0.75589637356966632 0.40696153264466123
786 1 0.68957824911165344 0.52736154286343695
787 1 0.95457512003922484 0.84530476086233752
788 1 0.96106641566094952 0.26470588235294146
789 1 0.95490017033143504 0.62776715654252013
790 1 0.040498966017700339 0.61809360562225668
791 1 0.96181705095885295 0.14852017460756053
792 1 0.90720456403192351 0.76886980192741616
793 1 0.72621422592382778 0.45313057456280897
794 1 0.64600017150238409 0.91480981061371658
795 1 0.77293566360707933 0.55067841553155406
796 1 0.95693818779006656 0.043061812209933208
797 1 0.040329999740881306 0.95790536533290971
798 1 0.042762309679709287 0.042762309679709273
799 1 0.95734968999192827 0.95734968999192827
800 1 0.085999652583360481 0.35340418514772914
801 1 0.086104647769322085 0.47058823529411881
802 1 0.084823461576758769 0.76426996679157055
803 1 0.090346545783630716 0.24298681002944075
804 1 0.95784137704558048 0.54360911222831265
805 1 0.70973004505771053 0.9130614927901145
806 1 0.95806413709994509 0.45677671950374554
807 1 0.083646911665450088 0.88060042650262949
808 1 0.90662236797372797 0.68404189715399777
809 1 0.7706513961981023 0.91225705610088592
810 1 0.53653012388934951 0.92133295769954093
811 1 0.83105695004934788 0.9108833675521586
812 1 0.89038912300861617 0.91267553770196563
813 1 0.35265480357028045 0.92393360595471097
814 1 0.74529711752147809 0.62917930392386268
815 1 0.45616208820870208 0.91555266478535369
816 1 0.092243908450182058 0.16051759049212966
817 1 0.55895872260212198 0.96184598276547195
818 1 0.16196812472118247 0.9158256280836492
819 1 0.22010916937211694 0.91096192709835466
820 1 0.27560984487633367 0.90972184375790166
821 0.94795277076928874 0 0.49815539937476855
822 0.050307934883839937 0 0.49786324607729265
823 0.49951566522723589 0 0.051103803352291227
824 0.500000000000001 0 0.94905732918915076
825 0.049662185729486857 0 0.3202160660278614
826 0.9428806905443603 0 0.30902979061009533
827 0.31878657019837686 0 0.94549429129375051
828 0.95163275994714902 0 0.67740590187905148
829 0.67261018094719749 0 0.9506874352964314
830 0.050971301423786398 0 0.67551119015034833
831 0.67475666287489811 0 0.055291340333798844
832 0.3235294117647064 0 0.050942670810849508
833 0.95240212899426946 0 0.19994361983046166
834 0.2061366831238671 0 0.94834877005339513
835 0.049241425779623059 0 0.20178463069573677
836 0.20346630452508999 0 0.05567408317234783
837 0.79414357733078678 0 0.047163564205486723
838 0.051218141313295606 0 0.79393391675094571
839 0.95338518759439195 0 0.79643104271037513
840 0.79411764705882337 0 0.94905732918915087
841 0.95477460899711486 0 0.91397445219495432
842 0.91108074462901623 0 0.044880909646593838
843 0.049841389956700552 0 0.91001620384202941
844 0.087531370590168328 0 0.050204017923139041
845 0.051272903754416066 0 0.85284610228942992
846 0.10306501939779264 0 0.82342634512756485
847 0.10291005440449379 0 0.76378557073061504
848 0.15475595691511751 0 0.79323982898193357
849 0.15454370744227985 0 0.73326964057660515
850 0.20649210649913863 0 0.76289463430725069
851 0.20607486474624093 0 0.70289068193015192
852 0.2582071723958152 0 0.73253743037626373
853 0.25778595177205588 0 0.67253127561611536
854 0.30993809549125251 0 0.70217194608939548
855 0.30952973957767177 0 0.64217385837239638
856 0.36169347618668146 0 0.67181714535736048
857 0.3612829395386864 0 0.6118185633069998
858 0.41344817967425423 0 0.6414621879265654
859 0.41303759518761063 0 0.58146359626373767
860 0.46520313668626551 0 0.61110728898766153
861 0.46479253572209933 0 0.55110869366634474
862 0.41262692808905205 0 0.52146498597299729
863 0.46438192449988414 0 0.49111009603192962
864 0.51695812608237546 0 0.58075239744977736
865 0.41221631518503138 0 0.46146638795077644
866 0.46397132060034485 0 0.43111150005684123
867 0.41180571250782355 0 0.40146779225113854
868 0.51834533286968776 0 0.63903241134900857
869 0.56928650132255032 0 0.61010967491030887
870 0.46356071962571549 0 0.37111290474540998
871 0.51572632695851051 0 0.4007566123785874
872 0.51531572693470318 0 0.34075801728327976
873 0.56748133424364711 0 0.37040172491105866
874 0.36005070479745077 0 0.43182267962371318
875 0.35964010421066239 0 0.37182408439847098
876 0.57070083305205777 0 0.66834194974823635
877 0.62151088550081635 0 0.63964994932165675
878 0.56707073443003542 0 0.31040312986353691
879 0.61923634182367293 0 0.34004683751057568
880 0.30788509674373493 0 0.40217897182513834
881 0.30747449681969413 0 0.3421803767521176
882 0.62365440998781785 0 0.69659902464572554
883 0.67477911313721384 0 0.67076291036985547
884 0.67330196673658582 0 0.60979984644613339
885 0.41060250862841741 0 0.69992074083274836
886 0.46315011948813684 0 0.31111430962420722
887 0.2573643832064933 0 0.61253025099691227
888 0.61882574200557283 0 0.28004824246203303
889 0.67099134941297922 0 0.30969195011220285
890 0.67140194923159668 0 0.36969054516086319
891 0.67565552482220859 0 0.73193813416586107
892 0.57375666121818003 0 0.72658178360691017
893 0.7264350822647031 0 0.6412452825803644
894 0.7250464801937615 0 0.57966863307104022
895 0.72315695682534697 0 0.33933565776350055
896 0.72274635700747025 0 0.2793370627150083
897 0.2557194892287703 0 0.37253526415013632
898 0.25530888939012925 0 0.31253666909684652
899 0.30706389698487502 0 0.28218178169971092
900 0.56666013459329156 0 0.25040453481075464
901 0.25489828956845489 0 0.25253807404747702
902 0.3087000859530275 0 0.76224642202812087
903 0.25613008904648632 0 0.43253385919874177
904 0.72356755664337169 0 0.39933425281249085
905 0.67181254904912346 0 0.42968914021026205
906 0.77721033858255695 0 0.60934961972667245
907 0.7779832350890945 0 0.67561135225171531
908 0.77657573062000185 0 0.54900614759826138
909 0.20396448161776382 0 0.40289015154354008
910 0.2043750107811407 0 0.46288887092078979
911 0.77532256423752022 0 0.36897936541483162
912 0.61841514218459404 0 0.22004964741283584
913 0.30665329716362077 0 0.2221831866504384
914 0.56874026164861469 0 0.55034977168797827
915 0.20314328197464093 0 0.28289296144482784
916 0.20273268215633891 0 0.22289436639623753
917 0.82876442810320128 0 0.5786866700746689
918 0.56624953477183237 0 0.19040593976144821
919 0.82832034194066828 0 0.51863673131692845
920 0.20684624620632097 0 0.82289765425073669
921 0.15220939159043614 0 0.43324518399033318
922 0.25654067679225356 0 0.49253247543224471
923 0.20478568124502072 0 0.52288734163853623
924 0.67271787240631309 0 0.5497619163421168
925 0.35881890457596199 0 0.25182689430172994
926 0.35840830475764063 0 0.19182829925313494
927 0.41057391216970379 0 0.22147200690436222
928 0.41016331235191195 0 0.16147341185588965
929 0.56789193410003935 0 0.43040031996846401
930 0.15410827423790599 0 0.67324521346594657
931 0.61862908338445477 0 0.15769355409510849
932 0.67027423994759983 0 0.18930184363718414
933 0.30598417350720247 0 0.16263952973592757
934 0.15248389882417354 0 0.3732417800123608
935 0.15180875206312619 0 0.25324356632242234
936 0.15153666516215311 0 0.19324402336210075
937 0.20211599483369624 0 0.16354170187884412
938 0.77573316405591486 0 0.42897796046550551
939 0.82748817164965216 0 0.3986230730659987
940 0.82707757183191033 0 0.33862447801755025
941 0.46232891976407953 0 0.19111711950714103
942 0.56622921758571143 0 0.12784865676336407
943 0.15189131135466896 0 0.13758978244626943
944 0.10087842154470121 0 0.40619848500352312
945 0.46381706418788327 0 0.13427295576681059
946 0.41089872538586236 0 0.10050272680537867
947 0.87885782574083104 0 0.55114006396841864
948 0.87927704098114301 0 0.60967132018678061
949 0.87752259776718688 0 0.37129598431337252
950 0.87585628074034561 0 0.42879543950709043
951 0.67018834655639181 0 0.12833815294727127
952 0.72201397183306848 0 0.15904805121846977
953 0.88102908018673509 0 0.30988070172073573
954 0.82703305547420325 0 0.27889440148580502
955 0.87592256333737806 0 0.24840333151327543
956 0.82590081672785498 0 0.21869409699696127
957 0.87599398119214 0 0.18829399876957706
958 0.82523123610024984 0 0.15902889067471948
959 0.87760077997309427 0 0.12827380547494119
960 0.93387841956839213 0 0.40368498920665652
961 0.72336720511156449 0 0.10045972780431056
962 0.61901851375286143 0 0.092972052168860869
963 0.92295129482564287 0 0.58478839171047126
964 0.56229182743391648 0 0.059232627152839369
965 0.10041048878518476 0 0.16832312966764532
966 0.10133531389228001 0 0.46588455262515144
967 0.15502188125311051 0 0.85351736900244179
968 0.20681991522952334 0 0.88413951875119234
969 0.25840584078910689 0 0.85278268886113551
970 0.2605248065091173 0 0.91240987741762547
971 0.31226676046035062 0 0.88089719584627479
972 0.36858101737139648 0 0.90434380899463351
973 0.36028039906396192 0 0.84627188696333355
974 0.41571215744851497 0 0.86851359745977852
975 0.40811578131626935 0 0.81050404608774462
976 0.46299149764398528 0 0.83194106079826646
977 0.45515702985527151 0 0.77334538841775402
978 0.5091940676869694 0 0.79756172201767783
979 0.51886560484208799 0 0.85339088216632408
980 0.56460570787489273 0 0.82014225752509273
981 0.57449649338387665 0 0.87572356172383525
982 0.62076953005807178 0 0.83987052496050463
983 0.41942075696001158 0 0.92929717050209049
984 0.50393687634210027 0 0.73634374216105902
985 0.60189876453562785 0 0.78404881272465676
986 0.66439114331495341 0 0.79422543201683049
987 0.72427989727909936 0 0.7685671805638673
988 0.72254033254566818 0 0.82938692440287809
989 0.77482010027213111 0 0.80077911944618085
990 0.77353729510602831 0 0.85857570185044341
991 0.82653798121192412 0 0.83051645451694367
992 0.82711928383281308 0 0.77135115180936664
993 0.72566937875106208 0 0.88525657040619332
994 0.8787523108090094 0 0.80099425047517347
995 0.87887142272254104 0 0.7409941429100726
996 0.87863554530399868 0 0.8609943626524722
997 0.63328808661141689 0 0.90331760827118535
998 0.58290296253526364 0 0.93291576424401235
999 0.82696985116659405 0 0.71089042812450443
1000 0.87452838338256789 0 0.6775050345558864
1001 0.15334685997588901 0 0.91248574069773269
1002 0.72863100227368749 0 0.70744408047894669
1003 0.25772243321384303 0 0.79260540191696383
1004 0.20566165110201143 0 0.64288749386577637
1005 0.15349245987043564 0 0.61324289542316024
1006 0.10217429547792041 0 0.64447209275621242
1007 0.10192748965685917 0 0.58516801857402079
1008 0.15359896197368272 0 0.55350135875145268
1009 0.20530907073952737 0 0.58293006547392612
1010 0.35867344415048436 0 0.73112602533808202
1011 0.30911775817830422 0 0.58217495937095398
1012 0.36087213683994684 0 0.55181992354004483
1013 0.47006801083515892 0 0.67759135869305287
1014 0.25697064439546563 0 0.55253854245601541
1015 0.36046134625880571 0 0.49182128429253558
1016 0.15331277004874214 0 0.49366447634233473
1017 0.8845875156537828 0 0.49264075814911146
1018 0.77614915347110058 0 0.48898446637946591
1019 0.51655205137678661 0 0.5207458468655054
1020 0.56830780938317493 0 0.49038963268955316
1021 0.62046814127221162 0 0.52004262265683465
1022 0.5144945271772754 0 0.22076082715862708
1023 0.5161385611531234 0 0.46075233466514681
1024 0.77450311926717386 0 0.24903806324998656
1025 0.77218234226307747 0 0.13221443147670339
1026 0.51408392735854613 0 0.16076223210994103
1027 0.41098451200227898 0 0.281470601956197
1028 0.46273951959925635 0 0.2511157145595676
1029 0.62100427148118198 0 0.57995229689417149
1030 0.67223716948714607 0 0.48970033293194637
1031 0.82802243791857721 0 0.45944307148068336
1032 0.72398139149760687 0 0.45933626595205834
1033 0.77497327077393741 0 0.30903483810778037
1034 0.41139511203792017 0 0.34146919705423828
1035 0.15232599643062406 0 0.31324143556351591
1036 0.10139847715355178 0 0.28642549658341698
1037 0.51490512703711633 0 0.28075942221666217
1038 0.20369187045804091 0 0.34289061455882008
1039 0.61964694164140333 0 0.40004543255909936
1040 0.25441025452704197 0 0.192722957109912
1041 0.25128934436633932 0 0.1366627546415429
1042 0.35718994260817238 0 0.13455987426525196
1043 0.35922950443856538 0 0.31182548936041077
1044 0.6705980979579842 0 0.24962786900096717
1045 0.72237109179957515 0 0.21922274501515915
1046 0.82793412470374828 0 0.64219003723297485
1047 0.77370042966516661 0 0.18954104643866662
1048 0.72445129961265498 0 0.51940962704581484
1049 0.620057541454063 0 0.46004402760626839
1050 0.30829569643015869 0 0.46217756684416206
1051 0.30870970981582241 0 0.52217745865599263
1052 0.82313834693146126 0 0.89765705037079235
1053 0.87851527425659115 0 0.92098703058031495
1054 0.47196976696087917 0 0.89942514932965623
1055 0.10231970247312416 0 0.88254424659138209
1056 0.096014168054336171 0 0.9463149597533943
1057 0.85293008750588428 0 0.046191406243044755
1058 0.95491984884382031 0 0.85639990791247844
1059 0.95205573667543286 0 0.25575252264440035
1060 0.14078394931677721 0 0.050707454094965333
1061 0.26698795954199528 0 0.050151616373181274
1062 0.44095141804336008 0 0.047980895094684381
1063 0.96221818626271094 0 0.14864957179509281
1064 0.7301977863474739 0 0.94264531237120786
1065 0.05139976218094728 0 0.73456775824693354
1066 0.95468263528267405 0 0.73775727257406942
1067 0.10286014017061815 0 0.70398354686429021
1068 0.38224827044909998 0 0.04757099088237883
1069 0.050208222256470765 0 0.6172453700236169
1070 0.051002651267843729 0 0.55691720727103455
1071 0.82412090895785561 0 0.10094287731662285
1072 0.10191418695387461 0 0.52549980994021439
1073 0.049606530980184922 0 0.43969948755603311
1074 0.30850793852817776 0 0.82147280526895727
1075 0.29994633409910704 0 0.10147620247259762
1076 0.67455724233562586 0 0.85949215329107231
1077 0.050648439202855576 0 0.37906575480968174
1078 0.1048143359446264 0 0.10482786122815158
1079 0.77663389498556989 0 0.73910721877909691
1080 0.10123290314756549 0 0.3463981696667266
1081 0.93726961144729715 0 0.097945559646047967
1082 0.0470191276361515 0 0.087744030505513021
1083 0.050683436803269213 0 0.26023489655482152
1084 0.20163205131948578 0 0.11242036130917615
1085 0.5143368314078911 0 0.10394801366064942
1086 0.100846540957818 0 0.22720929053102396
1087 0.73660032015731303 0 0.047131545660340626
1088 0.05024756302426428 0 0.14279954985931176
1089 0.35753528596157047 0 0.78942583393677113
1090 0.95851723367142094 0 0.44844959444182247
1091 0.53141617351632853 0 0.90976935084755384
1092 0.37429884537654556 0 0.9558270541580951
1093 0.95917799566404238 0 0.6169558254714681
1094 0.91099432784650658 0 0.95508860161662068
1095 0.40696153264466123 0 0.75589637356966632
1096 0.52736154286343695 0 0.68957824911165344
1097 0.84530476086233752 0 0.95457512003922484
1098 0.26470588235294146 0 0.96106641566094952
1099 0.62776715654252013 0 0.95490017033143504
1100 0.61809360562225668 0 0.040498966017700339
1101 0.14852017460756053 0 0.96181705095885295
1102 0.76886980192741616 0 0.90720456403192351
1103 0.45313057456280897 0 0.72621422592382778
1104 0.91480981061371658 0 0.64600017150238409
1105 0.55067841553155406 0 0.77293566360707933
1106 0.043061812209933208 0 0.95693818779006656
1107 0.95790536533290971 0 0.040329999740881313
1108 0.042762309679709273 0 0.042762309679709287
1109 0.95734968999192827 0 0.95734968999192827
1110 0.35340418514772914 0 0.085999652583360481
1111 0.47058823529411881 0 0.086104647769322085
1112 0.76426996679157055 0 0.084823461576758769
1113 0.24298681002944075 0 0.090346545783630716
1114 0.54360911222831265 0 0.95784137704558048
1115 0.9130614927901145 0 0.70973004505771053
1116 0.45677671950374554 0 0.95806413709994509
1117 0.88060042650262949 0 0.083646911665450116
1118 0.68404189715399777 0 0.90662236797372797
1119 0.91225705610088592 0 0.7706513961981023
1120 0.92133295769954093 0 0.53653012388934951
1121 0.9108833675521586 0 0.83105695004934788
1122 0.91267553770196563 0 0.89038912300861617
1123 0.92393360595471097 0 0.35265480357028045
1124 0.62917930392386268 0 0.74529711752147809
1125 0.91555266478535369 0 0.45616208820870208
1126 0.16051759049212966 0 0.092243908450182058
1127 0.96184598276547195 0 0.55895872260212198
1128 0.9158256280836492 0 0.16196812472118241
1129 0.91096192709835466 0 0.22010916937211691
1130 0.90972184375790166 0 0.27560984487633367
1131 0.94795277076928874 1 0.49815539937476855
1132 0.050307934883839937 1 0.49786324607729265
1133 0.49951566522723589 1 0.051103803352291227
1134 0.500000000000001 1 0.94905732918915076
1135 0.049662185729486857 1 0.3202160660278614
1136 0.9428806905443603 1 0.30902979061009533
1137 0.31878657019837686 1 0.94549429129375051
1138 0.95163275994714902 1 0.67740590187905148
1139 0.67261018094719749 1 0.9506874352964314
1140 0.050971301423786398 1 0.67551119015034833
1141 0.67475666287489811 1 0.055291340333798844
1142 0.3235294117647064 1 0.050942670810849508
1143 0.95240212899426946 1 0.19994361983046166
1144 0.2061366831238671 1 0.94834877005339513
1145 0.049241425779623059 1 0.20178463069573677
1146 0.20346630452508999 1 0.05567408317234783
1147 0.79414357733078678 1 0.047163564205486723
1148 0.051218141313295606 1 0.79393391675094571
1149 0.95338518759439195 1 0.79643104271037513
1150 0.79411764705882337 1 0.94905732918915087
1151 0.95477460899711486 1 0.91397445219495432
1152 0.91108074462901623 1 0.044880909646593838
1153 0.049841389956700552 1 0.91001620384202941
1154 0.087531370590168328 1 0.050204017923139041
1155 0.051272903754416066 1 0.85284610228942992
1156 0.10306501939779264 1 0.82342634512756485
1157 0.10291005440449379 1 0.76378557073061504
1158 0.15475595691511751 1 0.79323982898193357
1159 0.15454370744227985 1 0.73326964057660515
1160 0.20649210649913863 1 0.76289463430725069
1161 0.20607486474624093 1 0.70289068193015192
1162 0.2582071723958152 1 0.73253743037626373
1163 0.25778595177205588 1 0.67253127561611536
1164 0.30993809549125251 1 0.70217194608939548
1165 0.30952973957767177 1 0.64217385837239638
1166 0.36169347618668146 1 0.67181714535736048
1167 0.3612829395386864 1 0.6118185633069998
1168 0.41344817967425423 1 0.6414621879265654
1169 0.41303759518761063 1 0.58146359626373767
1170 0.46520313668626551 1 0.61110728898766153
1171 0.46479253572209933 1 0.55110869366634474
1172 0.41262692808905205 1 0.52146498597299729
1173 0.46438192449988414 1 0.49111009603192962
1174 0.51695812608237546 1 0.58075239744977736
1175 0.41221631518503138 1 0.46146638795077644
1176 0.46397132060034485 1 0.43111150005684123
1177 0.41180571250782355 1 0.40146779225113854
1178 0.51834533286968776 1 0.63903241134900857
1179 0.56928650132255032 1 0.61010967491030887
1180 0.46356071962571549 1 0.37111290474540998
1181 0.51572632695851051 1 0.4007566123785874
1182 0.51531572693470318 1 0.34075801728327976
1183 0.56748133424364711 1 0.37040172491105866
1184 0.36005070479745077 1 0.43182267962371318
1185 0.35964010421066239 1 0.37182408439847098
1186 0.57070083305205777 1 0.66834194974823635
1187 0.62151088550081635 1 0.63964994932165675
1188 0.56707073443003542 1 0.31040312986353691
1189 0.61923634182367293 1 0.34004683751057568
1190 0.30788509674373493 1 0.40217897182513834
1191 0.30747449681969413 1 0.3421803767521176
1192 0.62365440998781785 1 0.69659902464572554
1193 0.67477911313721384 1 0.67076291036985547
1194 0.67330196673658582 1 0.60979984644613339
1195 0.41060250862841741 1 0.69992074083274836
1196 0.46315011948813684 1 0.31111430962420722
1197 0.2573643832064933 1 0.61253025099691227
1198 0.61882574200557283 1 0.28004824246203303
1199 0.67099134941297922 1 0.30969195011220285
1200 0.67140194923159668 1 0.36969054516086319
1201 0.67565552482220859 1 0.73193813416586107
1202 0.57375666121818003 1 0.72658178360691017
1203 0.7264350822647031 1 0.6412452825803644
1204 0.7250464801937615 1 0.57966863307104022
1205 0.72315695682534697 1 0.33933565776350055
1206 0.72274635700747025 1 0.2793370627150083
1207 0.2557194892287703 1 0.37253526415013632
1208 0.25530888939012925 1 0.31253666909684652
1209 0.30706389698487502 1 0.28218178169971092
1210 0.56666013459329156 1 0.25040453481075464
1211 0.25489828956845489 1 0.25253807404747702
1212 0.3087000859530275 1 0.76224642202812087
1213 0.25613008904648632 1 0.43253385919874177
1214 0.72356755664337169 1 0.39933425281249085
1215 0.67181254904912346 1 0.42968914021026205
1216 0.77721033858255695 1 0.60934961972667245
1217 0.7779832350890945 1 0.67561135225171531
1218 0.77657573062000185 1 0.54900614759826138
1219 0.20396448161776382 1 0.40289015154354008
1220 0.2043750107811407 1 0.46288887092078979
1221 0.77532256423752022 1 0.36897936541483162
1222 0.61841514218459404 1 0.22004964741283584
1223 0.30665329716362077 1 0.2221831866504384
1224 0.56874026164861469 1 0.55034977168797827
1225 0.20314328197464093 1 0.28289296144482784
1226 0.20273268215633891 1 0.22289436639623753
1227 0.82876442810320128 1 0.5786866700746689
1228 0.56624953477183237 1 0.19040593976144821
1229 0.82832034194066828 1 0.51863673131692845
1230 0.20684624620632097 1 0.82289765425073669
1231 0.15220939159043614 1 0.43324518399033318
1232 0.25654067679225356 1 0.49253247543224471
1233 0.20478568124502072 1 0.52288734163853623
1234 0.67271787240631309 1 0.5497619163421168
1235 0.35881890457596199 1 0.25182689430172994
1236 0.35840830475764063 1 0.19182829925313494
1237 0.41057391216970379 1 0.22147200690436222
1238 0.41016331235191195 1 0.16147341185588965
1239 0.56789193410003935 1 0.43040031996846401
1240 0.15410827423790599 1 0.67324521346594657
1241 0.61862908338445477 1 0.15769355409510849
1242 0.67027423994759983 1 0.18930184363718414
1243 0.30598417350720247 1 0.16263952973592757
1244 0.15248389882417354 1 0.3732417800123608
1245 0.15180875206312619 1 0.25324356632242234
1246 0.15153666516215311 1 0.19324402336210075
1247 0.20211599483369624 1 0.16354170187884412
1248 0.77573316405591486 1 0.42897796046550551
1249 0.82748817164965216 1 0.3986230730659987
1250 0.82707757183191033 1 0.33862447801755025
1251 0.46232891976407953 1 0.19111711950714103
1252 0.56622921758571143 1 0.12784865676336407
1253 0.15189131135466896 1 0.13758978244626943
1254 0.10087842154470121 1 0.40619848500352312
1255 0.46381706418788327 1 0.13427295576681059
1256 0.41089872538586236 1 0.10050272680537867
1257 0.87885782574083104 1 0.55114006396841864
1258 0.87927704098114301 1 0.60967132018678061
1259 0.87752259776718688 1 0.37129598431337252
1260 0.87585628074034561 1 0.42879543950709043
1261 0.67018834655639181 1 0.12833815294727127
1262 0.72201397183306848 1 0.15904805121846977
1263 0.88102908018673509 1 0.30988070172073573
1264 0.82703305547420325 1 0.27889440148580502
1265 0.87592256333737806 1 0.24840333151327543
1266 0.82590081672785498 1 0.21869409699696127
1267 0.87599398119214 1 0.18829399876957706
1268 0.82523123610024984 1 0.15902889067471948
1269 0.87760077997309427 1 0.12827380547494119
1270 0.93387841956839213 1 0.40368498920665652
1271 0.72336720511156449 1 0.10045972780431056
1272 0.61901851375286143 1 0.092972052168860869
1273 0.92295129482564287 1 0.58478839171047126
1274 0.56229182743391648 1 0.059232627152839369
1275 0.10041048878518476 1 0.16832312966764532
1276 0.10133531389228001 1 0.46588455262515144
1277 0.15502188125311051 1 0.85351736900244179
1278 0.20681991522952334 1 0.88413951875119234
1279 0.25840584078910689 1 0.85278268886113551
1280 0.2605248065091173 1 0.91240987741762547
1281 0.31226676046035062 1 0.88089719584627479
1282 0.36858101737139648 1 0.90434380899463351
1283 0.36028039906396192 1 0.84627188696333355
1284 0.41571215744851497 1 0.86851359745977852
1285 0.40811578131626935 1 0.81050404608774462
1286 0.46299149764398528 1 0.83194106079826646
1287 0.45515702985527151 1 0.77334538841775402
1288 0.5091940676869694 1 0.79756172201767783
1289 0.51886560484208799 1 0.85339088216632408
1290 0.56460570787489273 1 0.82014225752509273
1291 0.57449649338387665 1 0.87572356172383525
1292 0.62076953005807178 1 0.83987052496050463
1293 0.41942075696001158 1 0.92929717050209049
1294 0.50393687634210027 1 0.73634374216105902
1295 0.60189876453562785 1 0.78404881272465676
1296 0.66439114331495341 1 0.79422543201683049
1297 0.72427989727909936 1 0.7685671805638673
1298 0.72254033254566818 1 0.82938692440287809
1299 0.77482010027213111 1 0.80077911944618085
1300 0.77353729510602831 1 0.85857570185044341
1301 0.82653798121192412 1 0.83051645451694367
1302 0.82711928383281308 1 0.77135115180936664
1303 0.72566937875106208 1 0.88525657040619332
1304 0.8787523108090094 1 0.80099425047517347
1305 0.87887142272254104 1 0.7409941429100726
1306 0.87863554530399868 1 0.8609943626524722
1307 0.63328808661141689 1 0.90331760827118535
1308 0.58290296253526364 1 0.93291576424401235
1309 0.82696985116659405 1 0.71089042812450443
1310 0.87452838338256789 1 0.6775050345558864
1311 0.15334685997588901 1 0.91248574069773269
1312 0.72863100227368749 1 0.70744408047894669
1313 0.25772243321384303 1 0.79260540191696383
1314 0.20566165110201143 1 0.64288749386577637
1315 0.15349245987043564 1 0.61324289542316024
1316 0.10217429547792041 1 0.64447209275621242
1317 0.10192748965685917 1 0.58516801857402079
1318 0.15359896197368272 1 0.55350135875145268
1319 0.20530907073952737 1 0.58293006547392612
1320 0.35867344415048436 1 0.73112602533808202
1321 0.30911775817830422 1 0.58217495937095398
1322 0.36087213683994684 1 0.55181992354004483
1323 0.47006801083515892 1 0.67759135869305287
1324 0.25697064439546563 1 0.55253854245601541
1325 0.36046134625880571 1 0.49182128429253558
1326 0.15331277004874214 1 0.49366447634233473
1327 0.8845875156537828 1 0.49264075814911146
1328 0.77614915347110058 1 0.48898446637946591
1329 0.51655205137678661 1 0.5207458468655054
1330 0.56830780938317493 1 0.49038963268955316
1331 0.62046814127221162 1 0.52004262265683465
1332 0.5144945271772754 1 0.22076082715862708
1333 0.5161385611531234 1 0.46075233466514681
1334 0.77450311926717386 1 0.24903806324998656
1335 0.77218234226307747 1 0.13221443147670339
1336 0.51408392735854613 1 0.16076223210994103
1337 0.41098451200227898 1 0.281470601956197
1338 0.46273951959925635 1 0.2511157145595676
1339 0.62100427148118198 1 0.57995229689417149
1340 0.67223716948714607 1 0.48970033293194637
1341 0.82802243791857721 1 0.45944307148068336
1342 0.72398139149760687 1 0.45933626595205834
1343 0.77497327077393741 1 0.30903483810778037
1344 0.41139511203792017 1 0.34146919705423828
1345 0.15232599643062406 1 0.31324143556351591
1346 0.10139847715355178 1 0.28642549658341698
1347 0.51490512703711633 1 0.28075942221666217
1348 0.20369187045804091 1 0.34289061455882008
1349 0.61964694164140333 1 0.40004543255909936
1350 0.25441025452704197 1 0.192722957109912
1351 0.25128934436633932 1 0.1366627546415429
1352 0.35718994260817238 1 0.13455987426525196
1353 0.35922950443856538 1 0.31182548936041077
1354 0.6705980979579842 1 0.24962786900096717
1355 0.72237109179957515 1 0.21922274501515915
1356 0.82793412470374828 1 0.64219003723297485
1357 0.77370042966516661 1 0.18954104643866662
1358 0.72445129961265498 1 0.51940962704581484
1359 0.620057541454063 1 0.46004402760626839
1360 0.30829569643015869 1 0.46217756684416206
1361 0.30870970981582241 1 0.52217745865599263
1362 0.82313834693146126 1 0.89765705037079235
1363 0.87851527425659115 1 0.92098703058031495
1364 0.47196976696087917 1 0.89942514932965623
1365 0.10231970247312416 1 0.88254424659138209
1366 0.096014168054336171 1 0.9463149597533943
1367 0.85293008750588428 1 0.046191406243044755
1368 0.95491984884382031 1 0.85639990791247844
1369 0.95205573667543286 1 0.25575252264440035
1370 0.14078394931677721 1 0.050707454094965333
1371 0.26698795954199528 1 0.050151616373181274
1372 0.44095141804336008 1 0.047980895094684381
1373 0.96221818626271094 1 0.14864957179509281
1374 0.7301977863474739 1 0.94264531237120786
1375 0.05139976218094728 1 0.73456775824693354
1376 0.95468263528267405 1 0.73775727257406942
1377 0.10286014017061815 1 0.70398354686429021
1378 0.38224827044909998 1 0.04757099088237883
1379 0.050208222256470765 1 0.6172453700236169
1380 0.051002651267843729 1 0.55691720727103455
1381 0.82412090895785561 1 0.10094287731662285
1382 0.10191418695387461 1 0.52549980994021439
1383 0.049606530980184922 1 0.43969948755603311
1384 0.30850793852817776 1 0.82147280526895727
1385 0.29994633409910704 1 0.10147620247259762
1386 0.67455724233562586 1 0.85949215329107231
1387 0.050648439202855576 1 0.37906575480968174
1388 0.1048143359446264 1 0.10482786122815158
1389 0.77663389498556989 1 0.73910721877909691
1390 0.10123290314756549 1 0.3463981696667266
1391 0.93726961144729715 1 0.097945559646047967
1392 0.0470191276361515 1 0.087744030505513021
1393 0.050683436803269213 1 0.26023489655482152
1394 0.20163205131948578 1 0.11242036130917615
1395 0.5143368314078911 1 0.10394801366064942
1396 0.100846540957818 1 0.22720929053102396
1397 0.73660032015731303 1 0.047131545660340626
1398 0.05024756302426428 1 0.14279954985931176
1399 0.35753528596157047 1 0.78942583393677113
1400 0.95851723367142094 1 0.44844959444182247
1401 0.53141617351632853 1 0.90976935084755384
1402 0.37429884537654556 1 0.9558270541580951
1403 0.95917799566404238 1 0.6169558254714681
1404 0.91099432784650658 1 0.95508860161662068
1405 0.40696153264466123 1 0.75589637356966632
1406 0.52736154286343695 1 0.68957824911165344
1407 0.84530476086233752 1 0.95457512003922484
1408 0.26470588235294146 1 0.96106641566094952
1409 0.62776715654252013 1 0.95490017033143504
1410 0.61809360562225668 1 0.040498966017700339
1411 0.14852017460756053 1 0.96181705095885295
1412 0.76886980192741616 1 0.90720456403192351
1413 0.45313057456280897 1 0.72621422592382778
1414 0.91480981061371658 1 0.64600017150238409
1415 0.55067841553155406 1 0.77293566360707933
1416 0.043061812209933208 1 0.95693818779006656
1417 0.95790536533290971 1 0.040329999740881313
1418 0.042762309679709273 1 0.042762309679709287
1419 0.95734968999192827 1 0.95734968999192827
1420 0.35340418514772914 1 0.085999652583360481
1421 0.47058823529411881 1 0.086104647769322085
1422 0.76426996679157055 1 0.084823461576758769
1423 0.24298681002944075 1 0.090346545783630716
1424 0.54360911222831265 1 0.95784137704558048
1425 0.9130614927901145 1 0.70973004505771053
1426 0.45677671950374554 1 0.95806413709994509
1427 0.88060042650262949 1 0.083646911665450116
1428 0.68404189715399777 1 0.90662236797372797
1429 0.91225705610088592 1 0.7706513961981023
1430 0.92133295769954093 1 0.53653012388934951
1431 0.9108833675521586 1 0.83105695004934788
1432 0.91267553770196563 1 0.89038912300861617
1433 0.92393360595471097 1 0.35265480357028045
1434 0.62917930392386268 1 0.74529711752147809
1435 0.91555266478535369 1 0.45616208820870208
1436 0.16051759049212966 1 0.092243908450182058
1437 0.96184598276547195 1 0.55895872260212198
1438 0.9158256280836492 1 0.16196812472118241
1439 0.91096192709835466 1 0.22010916937211691
1440 0.90972184375790166 1 0.27560984487633367
1441 0.94905732918915076 0.500000000000001 0
1442 0.051103803352291227 0.49951566522723589 0
1443 0.49786324607729265 0.050307934883839937 0
1444 0.49815539937476855 0.94795277076928874 0
1445 0.050942670810849508 0.3235294117647064 0
1446 0.94549429129375051 0.31878657019837686 0
1447 0.30902979061009533 0.9428806905443603 0
1448 0.9506874352964314 0.67261018094719749 0
1449 0.67740590187905148 0.95163275994714902 0
1450 0.055291340333798844 0.67475666287489811 0
1451 0.67551119015034833 0.050971301423786398 0
1452 0.3202160660278614 0.049662185729486857 0
1453 0.94834877005339513 0.2061366831238671 0
1454 0.19994361983046166 0.95240212899426946 0
1455 0.20178463069573677 0.049241425779623059 0
1456 0.05567408317234783 0.20346630452508999 0
1457 0.047163564205486723 0.79414357733078678 0
1458 0.79393391675094571 0.051218141313295606 0
1459 0.79643104271037513 0.95338518759439195 0
1460 0.94905732918915087 0.79411764705882337 0
1461 0.91397445219495432 0.95477460899711486 0
1462 0.91001620384202941 0.049841389956700552 0
1463 0.04488090964659381 0.91108074462901623 0
1464 0.050204017923139041 0.087531370590168328 0
1465 0.85284610228942992 0.051272903754416066 0
1466 0.82342634512756485 0.10306501939779264 0
1467 0.76378557073061504 0.10291005440449379 0
1468 0.79323982898193357 0.15475595691511751 0
1469 0.73326964057660515 0.15454370744227985 0
1470 0.76289463430725069 0.20649210649913863 0
1471 0.70289068193015192 0.20607486474624093 0
1472 0.73253743037626373 0.2582071723958152 0
1473 0.67253127561611536 0.25778595177205588 0
1474 0.70217194608939548 0.30993809549125251 0
1475 0.64217385837239638 0.30952973957767177 0
1476 0.67181714535736048 0.36169347618668146 0
1477 0.6118185633069998 0.3612829395386864 0
1478 0.6414621879265654 0.41344817967425423 0
1479 0.58146359626373767 0.41303759518761063 0
1480 0.61110728898766153 0.46520313668626551 0
1481 0.55110869366634474 0.46479253572209933 0
1482 0.52146498597299729 0.41262692808905205 0
1483 0.49111009603192962 0.46438192449988414 0
1484 0.58075239744977736 0.51695812608237546 0
1485 0.46146638795077644 0.41221631518503138 0
1486 0.43111150005684123 0.46397132060034485 0
1487 0.40146779225113854 0.41180571250782355 0
1488 0.63903241134900857 0.51834533286968776 0
1489 0.61010967491030887 0.56928650132255032 0
1490 0.37111290474540998 0.46356071962571549 0
1491 0.4007566123785874 0.51572632695851051 0
1492 0.34075801728327976 0.51531572693470318 0
1493 0.37040172491105866 0.56748133424364711 0
1494 0.43182267962371318 0.36005070479745077 0
1495 0.37182408439847098 0.35964010421066239 0
1496 0.66834194974823635 0.57070083305205777 0
1497 0.63964994932165675 0.62151088550081635 0
1498 0.31040312986353691 0.56707073443003542 0
1499 0.34004683751057568 0.61923634182367293 0
1500 0.40217897182513834 0.30788509674373493 0
1501 0.3421803767521176 0.30747449681969413 0
1502 0.69659902464572554 0.62365440998781785 0
1503 0.67076291036985547 0.67477911313721384 0
1504 0.60979984644613339 0.67330196673658582 0
1505 0.69992074083274836 0.41060250862841741 0
1506 0.31111430962420722 0.46315011948813684 0
1507 0.61253025099691227 0.2573643832064933 0
1508 0.28004824246203303 0.61882574200557283 0
1509 0.30969195011220285 0.67099134941297922 0
1510 0.36969054516086319 0.67140194923159668 0
1511 0.73193813416586107 0.67565552482220859 0
1512 0.72658178360691017 0.57375666121818003 0
1513 0.6412452825803644 0.7264350822647031 0
1514 0.57966863307104022 0.7250464801937615 0
1515 0.33933565776350055 0.72315695682534697 0
1516 0.2793370627150083 0.72274635700747025 0
1517 0.37253526415013632 0.2557194892287703 0
1518 0.31253666909684652 0.25530888939012925 0
1519 0.28218178169971092 0.30706389698487502 0
1520 0.25040453481075464 0.56666013459329156 0
1521 0.25253807404747702 0.25489828956845489 0
1522 0.76224642202812087 0.3087000859530275 0
1523 0.43253385919874177 0.25613008904648632 0
1524 0.39933425281249085 0.72356755664337169 0
1525 0.42968914021026205 0.67181254904912346 0
1526 0.60934961972667245 0.77721033858255695 0
1527 0.67561135225171531 0.7779832350890945 0
1528 0.54900614759826138 0.77657573062000185 0
1529 0.40289015154354008 0.20396448161776382 0
1530 0.46288887092078979 0.2043750107811407 0
1531 0.36897936541483162 0.77532256423752022 0
1532 0.22004964741283584 0.61841514218459404 0
1533 0.2221831866504384 0.30665329716362077 0
1534 0.55034977168797827 0.56874026164861469 0
1535 0.28289296144482784 0.20314328197464093 0
1536 0.22289436639623753 0.20273268215633891 0
1537 0.5786866700746689 0.82876442810320128 0
1538 0.19040593976144821 0.56624953477183237 0
1539 0.51863673131692845 0.82832034194066828 0
1540 0.82289765425073669 0.20684624620632097 0
1541 0.43324518399033318 0.15220939159043614 0
1542 0.49253247543224471 0.25654067679225356 0
1543 0.52288734163853623 0.20478568124502072 0
1544 0.5497619163421168 0.67271787240631309 0
1545 0.25182689430172994 0.35881890457596199 0
1546 0.19182829925313494 0.35840830475764063 0
1547 0.22147200690436222 0.41057391216970379 0
1548 0.16147341185588965 0.41016331235191195 0
1549 0.43040031996846401 0.56789193410003935 0
1550 0.67324521346594657 0.15410827423790599 0
1551 0.15769355409510849 0.61862908338445477 0
1552 0.18930184363718414 0.67027423994759983 0
1553 0.16263952973592757 0.30598417350720247 0
1554 0.3732417800123608 0.15248389882417354 0
1555 0.25324356632242234 0.15180875206312619 0
1556 0.19324402336210075 0.15153666516215311 0
1557 0.16354170187884412 0.20211599483369624 0
1558 0.42897796046550551 0.77573316405591486 0
1559 0.3986230730659987 0.82748817164965216 0
1560 0.33862447801755025 0.82707757183191033 0
1561 0.19111711950714103 0.46232891976407953 0
1562 0.12784865676336407 0.56622921758571143 0
1563 0.13758978244626943 0.15189131135466896 0
1564 0.40619848500352312 0.10087842154470121 0
1565 0.13427295576681059 0.46381706418788327 0
1566 0.10050272680537867 0.41089872538586236 0
1567 0.55114006396841864 0.87885782574083104 0
1568 0.60967132018678061 0.87927704098114301 0
1569 0.37129598431337252 0.87752259776718688 0
1570 0.42879543950709043 0.87585628074034561 0
1571 0.12833815294727127 0.67018834655639181 0
1572 0.15904805121846977 0.72201397183306848 0
1573 0.30988070172073573 0.88102908018673509 0
1574 0.27889440148580502 0.82703305547420325 0
1575 0.24840333151327543 0.87592256333737806 0
1576 0.21869409699696127 0.82590081672785498 0
1577 0.18829399876957706 0.87599398119214 0
1578 0.15902889067471943 0.82523123610024984 0
1579 0.12827380547494113 0.87760077997309416 0
1580 0.40368498920665652 0.93387841956839213 0
1581 0.10045972780431056 0.72336720511156449 0
1582 0.092972052168860869 0.61901851375286143 0
1583 0.58478839171047126 0.92295129482564287 0
1584 0.059232627152839369 0.56229182743391648 0
1585 0.16832312966764532 0.10041048878518476 0
1586 0.46588455262515144 0.10133531389228001 0
1587 0.85351736900244179 0.15502188125311051 0
1588 0.88413951875119234 0.20681991522952334 0
1589 0.85278268886113551 0.25840584078910689 0
1590 0.91240987741762547 0.2605248065091173 0
1591 0.88089719584627479 0.31226676046035062 0
1592 0.90434380899463351 0.36858101737139648 0
1593 0.84627188696333355 0.36028039906396192 0
1594 0.86851359745977852 0.41571215744851497 0
1595 0.81050404608774462 0.40811578131626935 0
1596 0.83194106079826646 0.46299149764398528 0
1597 0.77334538841775402 0.45515702985527151 0
1598 0.79756172201767783 0.5091940676869694 0
1599 0.85339088216632408 0.51886560484208799 0
1600 0.82014225752509273 0.56460570787489273 0
1601 0.87572356172383525 0.57449649338387665 0
1602 0.83987052496050463 0.62076953005807178 0
1603 0.92929717050209049 0.41942075696001158 0
1604 0.73634374216105902 0.50393687634210027 0
1605 0.78404881272465676 0.60189876453562785 0
1606 0.79422543201683049 0.66439114331495341 0
1607 0.7685671805638673 0.72427989727909936 0
1608 0.82938692440287809 0.72254033254566818 0
1609 0.80077911944618085 0.77482010027213111 0
1610 0.85857570185044341 0.77353729510602831 0
1611 0.83051645451694367 0.82653798121192412 0
1612 0.77135115180936664 0.82711928383281308 0
1613 0.88525657040619332 0.72566937875106208 0
1614 0.80099425047517347 0.8787523108090094 0
1615 0.7409941429100726 0.87887142272254104 0
1616 0.8609943626524722 0.87863554530399868 0
1617 0.90331760827118535 0.63328808661141689 0
1618 0.93291576424401235 0.58290296253526364 0
1619 0.71089042812450443 0.82696985116659405 0
1620 0.6775050345558864 0.87452838338256789 0
1621 0.91248574069773269 0.15334685997588901 0
1622 0.70744408047894669 0.72863100227368749 0
1623 0.79260540191696383 0.25772243321384303 0
1624 0.64288749386577637 0.20566165110201143 0
1625 0.61324289542316024 0.15349245987043564 0
1626 0.64447209275621242 0.10217429547792041 0
1627 0.58516801857402079 0.10192748965685917 0
1628 0.55350135875145268 0.15359896197368272 0
1629 0.58293006547392612 0.20530907073952737 0
1630 0.73112602533808202 0.35867344415048436 0
1631 0.58217495937095398 0.30911775817830422 0
1632 0.55181992354004483 0.36087213683994684 0
1633 0.67759135869305287 0.47006801083515892 0
1634 0.55253854245601541 0.25697064439546563 0
1635 0.49182128429253558 0.36046134625880571 0
1636 0.49366447634233473 0.15331277004874214 0
1637 0.49264075814911146 0.8845875156537828 0
1638 0.48898446637946591 0.77614915347110058 0
1639 0.5207458468655054 0.51655205137678661 0
1640 0.49038963268955316 0.56830780938317493 0
1641 0.52004262265683465 0.62046814127221162 0
1642 0.22076082715862708 0.5144945271772754 0
1643 0.46075233466514681 0.5161385611531234 0
1644 0.24903806324998656 0.77450311926717386 0
1645 0.13221443147670339 0.77218234226307747 0
1646 0.16076223210994103 0.51408392735854613 0
1647 0.281470601956197 0.41098451200227898 0
1648 0.2511157145595676 0.46273951959925635 0
1649 0.57995229689417149 0.62100427148118198 0
1650 0.48970033293194637 0.67223716948714607 0
1651 0.45944307148068336 0.82802243791857721 0
1652 0.45933626595205834 0.72398139149760687 0
1653 0.30903483810778037 0.77497327077393741 0
1654 0.34146919705423828 0.41139511203792017 0
1655 0.31324143556351591 0.15232599643062406 0
1656 0.28642549658341698 0.10139847715355178 0
1657 0.28075942221666217 0.51490512703711633 0
1658 0.34289061455882008 0.20369187045804091 0
1659 0.40004543255909936 0.61964694164140333 0
1660 0.192722957109912 0.25441025452704197 0
1661 0.1366627546415429 0.25128934436633932 0
1662 0.13455987426525196 0.35718994260817238 0
1663 0.31182548936041077 0.35922950443856538 0
1664 0.24962786900096717 0.6705980979579842 0
1665 0.21922274501515915 0.72237109179957515 0
1666 0.64219003723297485 0.82793412470374828 0
1667 0.18954104643866654 0.77370042966516661 0
1668 0.51940962704581484 0.72445129961265498 0
1669 0.46004402760626839 0.620057541454063 0
1670 0.46217756684416206 0.30829569643015869 0
1671 0.52217745865599263 0.30870970981582241 0
1672 0.89765705037079235 0.82313834693146126 0
1673 0.92098703058031495 0.87851527425659115 0
1674 0.89942514932965623 0.47196976696087917 0
1675 0.88254424659138209 0.10231970247312416 0
1676 0.9463149597533943 0.096014168054336171 0
1677 0.046191406243044714 0.85293008750588428 0
1678 0.85639990791247844 0.95491984884382031 0
1679 0.25575252264440035 0.95205573667543286 0
1680 0.050707454094965333 0.14078394931677721 0
1681 0.050151616373181274 0.26698795954199528 0
1682 0.047980895094684381 0.44095141804336008 0
1683 0.14864957179509289 0.96221818626271094 0
1684 0.94264531237120786 0.7301977863474739 0
1685 0.73456775824693354 0.05139976218094728 0
1686 0.73775727257406942 0.95468263528267405 0
1687 0.70398354686429021 0.10286014017061815 0
1688 0.04757099088237883 0.38224827044909998 0
1689 0.6172453700236169 0.050208222256470765 0
1690 0.55691720727103455 0.051002651267843729 0
1691 0.10094287731662285 0.82412090895785561 0
1692 0.52549980994021439 0.10191418695387461 0
1693 0.43969948755603311 0.049606530980184922 0
1694 0.82147280526895727 0.30850793852817776 0
1695 0.10147620247259762 0.29994633409910704 0
1696 0.85949215329107231 0.67455724233562586 0
1697 0.37906575480968174 0.050648439202855576 0
1698 0.10482786122815158 0.1048143359446264 0
1699 0.73910721877909691 0.77663389498556989 0
1700 0.3463981696667266 0.10123290314756549 0
1701 0.097945559646047967 0.93726961144729715 0
1702 0.087744030505513021 0.0470191276361515 0
1703 0.26023489655482152 0.050683436803269213 0
1704 0.11242036130917615 0.20163205131948578 0
1705 0.10394801366064942 0.5143368314078911 0
1706 0.22720929053102396 0.100846540957818 0
1707 0.047131545660340626 0.73660032015731303 0
1708 0.14279954985931176 0.05024756302426428 0
1709 0.78942583393677113 0.35753528596157047 0
1710 0.44844959444182247 0.95851723367142094 0
1711 0.90976935084755384 0.53141617351632853 0
1712 0.9558270541580951 0.37429884537654556 0
1713 0.6169558254714681 0.95917799566404238 0
1714 0.95508860161662068 0.91099432784650658 0
1715 0.75589637356966632 0.40696153264466123 0
1716 0.68957824911165344 0.52736154286343695 0
1717 0.95457512003922484 0.84530476086233752 0
1718 0.96106641566094952 0.26470588235294146 0
1719 0.95490017033143504 0.62776715654252013 0
1720 0.040498966017700339 0.61809360562225668 0
1721 0.96181705095885295 0.14852017460756053 0
1722 0.90720456403192351 0.76886980192741616 0
1723 0.72621422592382778 0.45313057456280897 0
1724 0.64600017150238409 0.91480981061371658 0
1725 0.77293566360707933 0.55067841553155406 0
1726 0.95693818779006656 0.043061812209933208 0
1727 0.040329999740881306 0.95790536533290971 0
1728 0.042762309679709287 0.042762309679709273 0
1729 0.95734968999192827 0.95734968999192827 0
1730 0.085999652583360481 0.35340418514772914 0
1731 0.086104647769322085 0.47058823529411881 0
1732 0.084823461576758769 0.76426996679157055 0
1733 0.090346545783630716 0.24298681002944075 0
1734 0.95784137704558048 0.54360911222831265 0
1735 0.70973004505771053 0.9130614927901145 0
1736 0.95806413709994509 0.45677671950374554 0
1737 0.083646911665450088 0.88060042650262949 0
1738 0.90662236797372797 0.68404189715399777 0
1739 0.7706513961981023 0.91225705610088592 0
1740 0.53653012388934951 0.92133295769954093 0
1741 0.83105695004934788 0.9108833675521586 0
1742 0.89038912300861617 0.91267553770196563 0
1743 0.35265480357028045 0.92393360595471097 0
1744 0.74529711752147809 0.62917930392386268 0
1745 0.45616208820870208 0.91555266478535369 0
1746 0.092243908450182058 0.16051759049212966 0
1747 0.55895872260212198 0.96184598276547195 0
1748 0.16196812472118247 0.9158256280836492 0
1749 0.22010916937211694 0.91096192709835466 0
1750 0.27560984487633367 0.90972184375790166 0
1751 0.94905732918915076 0.500000000000001 1
1752 0.051103803352291477 0.49951566522723617 1
1753 0.49786324607729221 0.050307934883840402 1
1754 0.49815539937476905 0.94795277076928808 1
1755 0.050942670810849508 0.3235294117647064 1
1756 0.30902979061009761 0.94288069054436174 1
1757 0.94549429129375018 0.31878657019837692 1
1758 0.95068743529643052 0.67261018094719593 1
1759 0.67740590187905281 0.95163275994714858 1
1760 0.05529134033380019 0.67475666287489888 1
1761 0.67551119015034833 0.050971301423786378 1
1762 0.32021606602786096 0.049662185729488398 1
1763 0.94834877005339491 0.2061366831238671 1
1764 0.19994361983046283 0.9524021289942699 1
1765 0.20178463069573629 0.049241425779625141 1
1766 0.055674083172347892 0.20346630452509235 1
1767 0.047163564205488014 0.79414357733078833 1
1768 0.79393391675094571 0.051218141313295606 1
1769 0.79643104271038034 0.95338518759438984 1
1770 0.94905732918915087 0.79411764705882337 1
1771 0.91397445219495721 0.95477460899711353 1
1772 0.91001620384202941 0.049841389956700552 1
1773 0.044880909646594261 0.91108074462901623 1
1774 0.050204017923138985 0.087531370590168578 1
1775 0.85284610228942992 0.051272903754416066 1
1776 0.82342634512756485 0.10306501939779264 1
1777 0.76378557073061504 0.10291005440449379 1
1778 0.79323982898193357 0.15475595691511751 1
1779 0.73326964057660515 0.15454370744227985 1
1780 0.7628946343072508 0.20649210649913863 1
1781 0.70289068193015192 0.20607486474624101 1
1782 0.73253743037626418 0.2582071723958152 1
1783 0.67253127561611559 0.25778595177205604 1
1784 0.70217194608939626 0.30993809549125262 1
1785 0.64217385837239682 0.3095297395776721 1
1786 0.67181714535736137 0.36169347618668168 1
1787 0.61181856330700068 0.3612829395386869 1
1788 0.64146218792656706 0.41344817967425462 1
1789 0.58146359626373934 0.41303759518761152 1
1790 0.61110728898766375 0.46520313668626623 1
1791 0.55110869366634696 0.46479253572210072 1
1792 0.52146498597299884 0.41262692808905366 1
1793 0.4911100960319319 0.4643819244998863 1
1794 0.58075239744978047 0.51695812608237646 1
1795 0.46146638795077821 0.41221631518503388 1
1796 0.43111150005684351 0.46397132060034763 1
1797 0.40146779225114032 0.41180571250782672 1
1798 0.63903241134901134 0.51834533286968842 1
1799 0.61010967491031265 0.56928650132255099 1
1800 0.3711129047454122 0.46356071962571888 1
1801 0.40075661237859017 0.51572632695851373 1
1802 0.34075801728328275 0.51531572693470684 1
1803 0.37040172491106188 0.56748133424365055 1
1804 0.43182267962371434 0.36005070479745371 1
1805 0.3718240843984722 0.35964010421066572 1
1806 0.66834194974823968 0.57070083305205832 1
1807 0.63964994932166075 0.62151088550081679 1
1808 0.31040312986354024 0.56707073443003897 1
1809 0.34004683751057924 0.61923634182367648 1
1810 0.40217897182513918 0.30788509674373798 1
1811 0.34218037675211832 0.3074744968196978 1
1812 0.69659902464572887 0.62365440998781851 1
1813 0.6707629103698588 0.67477911313721373 1
1814 0.60979984644613705 0.67330196673658549 1
1815 0.69992074083274902 0.41060250862841724 1
1816 0.31111430962420983 0.46315011948814055 1
1817 0.61253025099691238 0.25736438320649363 1
1818 0.28004824246203658 0.61882574200557683 1
1819 0.30969195011220668 0.67099134941298311 1
1820 0.36969054516086702 0.67140194923160013 1
1821 0.73193813416586195 0.67565552482220825 1
1822 0.72658178360691084 0.57375666121817959 1
1823 0.64124528258036684 0.72643508226470277 1
1824 0.57966863307092709 0.72504648019368922 1
1825 0.33933565776350494 0.72315695682535042 1
1826 0.27933706271501285 0.72274635700747403 1
1827 0.37253526415013638 0.25571948922877358 1
1828 0.3125366690968468 0.25530888939013313 1
1829 0.28218178169971175 0.30706389698487918 1
1830 0.25040453481075814 0.56666013459329545 1
1831 0.25253807404747725 0.25489828956845934 1
1832 0.7622464220281211 0.30870008595302717 1
1833 0.43253385919874199 0.25613008904648887 1
1834 0.39933425281249485 0.72356755664321226 1
1835 0.42968914020988225 0.67181254904865795 1
1836 0.60934961972665458 0.77721033858254462 1
1837 0.67561135225171498 0.77798323508909284 1
1838 0.54900614759822675 0.77657573061997764 1
1839 0.40289015154353947 0.2039644816177667 1
1840 0.4628888709207894 0.20437501078114251 1
1841 0.36897936541483639 0.77532256423749646 1
1842 0.22004964741283936 0.61841514218459814 1
1843 0.22218318665043921 0.30665329716362555 1
1844 0.55034977168798216 0.56874026164861635 1
1845 0.28289296144482756 0.2031432819746451 1
1846 0.22289436639623722 0.20273268215634371 1
1847 0.57868667007465946 0.82876442810319439 1
1848 0.19040593976145145 0.5662495347718367 1
1849 0.51863673131692067 0.82832034194066095 1
1850 0.82289765425073669 0.20684624620632097 1
1851 0.43324518399033218 0.15220939159043842 1
1852 0.49253247543224482 0.25654067679225534 1
1853 0.52288734163853545 0.20478568124502156 1
1854 0.5497619163416021 0.6727178724059516 1
1855 0.25182689430173133 0.35881890457596649 1
1856 0.19182829925313641 0.35840830475764573 1
1857 0.22147200690436428 0.41057391216970851 1
1858 0.16147341185589165 0.41016331235191739 1
1859 0.43040031996846739 0.56789193410004235 1
1860 0.67324521346594657 0.15410827423790596 1
1861 0.1576935540951119 0.61862908338445843 1
1862 0.18930184363718758 0.67027423994760371 1
1863 0.16263952973592852 0.30598417350720786 1
1864 0.37324178001235969 0.15248389882417648 1
1865 0.25324356632242151 0.1518087520631303 1
1866 0.19324402336209989 0.15153666516215775 1
1867 0.16354170187884381 0.20211599483370157 1
1868 0.42897796046550846 0.77573316405572112 1
1869 0.39862307306600353 0.82748817164965549 1
1870 0.33862447801755524 0.82707757183190922 1
1871 0.19111711950714352 0.46232891976408469 1
1872 0.12784865676336712 0.56622921758571498 1
1873 0.13758978244626854 0.15189131135467449 1
1874 0.40619848500352218 0.10087842154470306 1
1875 0.13427295576681236 0.46381706418788748 1
1876 0.10050272680538035 0.41089872538586553 1
1877 0.55114006396841375 0.87885782574082727 1
1878 0.60967132018677894 0.87927704098114301 1
1879 0.3712959843133774 0.87752259776718955 1
1880 0.42879543950709353 0.87585628074034638 1
1881 0.12833815294727446 0.67018834655639536 1
1882 0.15904805121847318 0.72201397183307225 1
1883 0.30988070172074017 0.88102908018673776 1
1884 0.27889440148581018 0.82703305547420503 1
1885 0.2484033315132799 0.87592256333738017 1
1886 0.21869409699696621 0.82590081672785687 1
1887 0.18829399876958144 0.87599398119214145 1
1888 0.1590288906747237 0.82523123610025284 1
1889 0.1282738054749456 0.87760077997309471 1
1890 0.40368498920665957 0.93387841956839379 1
1891 0.10045972780431293 0.72336720511156705 1
1892 0.092972052168864033 0.61901851375286354 1
1893 0.5847883917104687 0.92295129482564142 1
1894 0.059232627152840743 0.56229182743391803 1
1895 0.16832312966764448 0.10041048878518866 1
1896 0.46588455262515099 0.10133531389228094 1
1897 0.85351736900244179 0.15502188125311051 1
1898 0.88413951875119234 0.20681991522952339 1
1899 0.85278268886113551 0.25840584078910683 1
1900 0.91240987741762536 0.26052480650911741 1
1901 0.88089719584627457 0.31226676046035035 1
1902 0.90434380899463307 0.3685810173713962 1
1903 0.84627188696333322 0.36028039906396109 1
1904 0.86851359745977752 0.41571215744851436 1
1905 0.81050404608774351 0.40811578131626824 1
1906 0.83194106079826446 0.46299149764398412 1
1907 0.77334538841775236 0.4551570298552699 1
1908 0.79756172201767617 0.50919406768696773 1
1909 0.85339088216632175 0.51886560484208688 1
1910 0.82014225752509051 0.56460570787489095 1
1911 0.87572356172383214 0.57449649338387598 1
1912 0.83987052496050119 0.62076953005807012 1
1913 0.92929717050209004 0.41942075696001141 1
1914 0.73634374216105858 0.50393687634209905 1
1915 0.78404881272465543 0.60189876453562685 1
1916 0.79422543201682971 0.66439114331495175 1
1917 0.76856718056386897 0.72427989727909747 1
1918 0.82938692440287931 0.72254033254566308 1
1919 0.80077911944618563 0.77482010027212789 1
1920 0.8585757018504484 0.77353729510602076 1
1921 0.83051645451695255 0.82653798121191868 1
1922 0.77135115180937519 0.82711928383281208 1
1923 0.88525657040619421 0.72566937875105497 1
1924 0.80099425047518646 0.87875231080900629 1
1925 0.7409941429100857 0.87887142272254259 1
1926 0.86099436265248552 0.87863554530399035 1
1927 0.90331760827118268 0.63328808661141389 1
1928 0.93291576424401101 0.58290296253526297 1
1929 0.71089042812451342 0.82696985116659805 1
1930 0.67750503455589506 0.87452838338256988 1
1931 0.91248574069773236 0.15334685997588901 1
1932 0.70744408047894836 0.72863100227368638 1
1933 0.79260540191696371 0.25772243321384281 1
1934 0.64288749386577637 0.20566165110201154 1
1935 0.61324289542316013 0.15349245987043558 1
1936 0.64447209275621231 0.10217429547792034 1
1937 0.58516801857402079 0.10192748965685916 1
1938 0.55350135875145245 0.15359896197368295 1
1939 0.5829300654739259 0.20530907073952773 1
1940 0.73112602533808246 0.35867344415048408 1
1941 0.58217495937095431 0.30911775817830478 1
1942 0.55181992354004572 0.36087213683994818 1
1943 0.67759135869305387 0.47006801083515892 1
1944 0.55253854245601541 0.25697064439546652 1
1945 0.49182128429253669 0.36046134625880777 1
1946 0.49366447634233424 0.15331277004874311 1
1947 0.49264075814911046 0.88458751565378058 1
1948 0.48898446637934423 0.77614915347082891 1
1949 0.52074584686550851 0.5165520513767885 1
1950 0.49038963268955676 0.56830780938317726 1
1951 0.5200426226568392 0.62046814127221384 1
1952 0.45944307148066343 0.82802243791849883 1
1953 0.45933416633958091 0.72397905472709434 1
1954 0.4607523346651497 0.51613856115312595 1
1955 0.2207608271586301 0.51449452717727973 1
1956 0.28147060195619905 0.41098451200228309 1
1957 0.13221443147670695 0.77218234226308113 1
1958 0.16076223210994386 0.51408392735855157 1
1959 0.18955101889187018 0.77369424811931209 1
1960 0.25111571455957027 0.46273951959926068 1
1961 0.64219003723297363 0.8279341247037465 1
1962 0.24962786900097086 0.67059809795798808 1
1963 0.21930800346355381 0.72230471324456103 1
1964 0.19272295710991222 0.25441025452704702 1
1965 0.13666275464154357 0.25128934436634465 1
1966 0.40004543255907971 0.61964694164137835 1
1967 0.13455987426525354 0.35718994260817621 1
1968 0.3118254893511338 0.35922950439781004 1
1969 0.34146919705442791 0.4113951120387408 1
1970 0.30902552345242135 0.77497297832972534 1
1971 0.3428907791815976 0.20366805256917006 1
1972 0.31324130601159106 0.15234502489353091 1
1973 0.28642547499142884 0.10140164856403826 1
1974 0.24913501783427242 0.77444202815052232 1
1975 0.28075942221666522 0.51490512703712032 1
1976 0.57995229689408889 0.62100427148112247 1
1977 0.51940717749799159 0.72444857338052193 1
1978 0.46004248055701569 0.62005842071850981 1
1979 0.48971291726715188 0.6722474352588248 1
1980 0.46217756684416306 0.30829569643016119 1
1981 0.5221774586559933 0.30870970981582391 1
1982 0.89765705037079968 0.82313834693145349 1
1983 0.92098703058032794 0.87851527425657905 1
1984 0.89942514932965534 0.47196976696087861 1
1985 0.88254424659138175 0.10231970247312416 1
1986 0.9463149597533943 0.096014168054336171 1
1987 0.046191406243046192 0.8529300875058855 1
1988 0.8563999079124851 0.95491984884381698 1
1989 0.25575252264440224 0.95205573667543375 1
1990 0.050707454094964889 0.14078394931677959 1
1991 0.050151616373181808 0.2669879595419975 1
1992 0.047980895094685269 0.44095141804336074 1
1993 0.14864957179509389 0.96221818626271127 1
1994 0.94264531237120841 0.7301977863474689 1
1995 0.73456775824693354 0.051399762180947266 1
1996 0.73775727257407564 0.95468263528267194 1
1997 0.70398354686429021 0.10286014017061812 1
1998 0.047570990882379587 0.38224827044910048 1
1999 0.6172453700236169 0.050208222256470723 1
2000 0.55691720727103433 0.051002651267843806 1
2001 0.1009428773166272 0.82412090895786139 1
2002 0.52549980994021417 0.10191418695387507 1
2003 0.43969948755603283 0.049606530980185602 1
2004 0.82147280526895727 0.30850793852817726 1
2005 0.10147620247259871 0.29994633409910998 1
2006 0.85949215329107098 0.67455724233562064 1
2007 0.37906575480968113 0.050648439202856596 1
2008 0.10482786122815106 0.10481433594462927 1
2009 0.73910721877910102 0.77663389498556912 1
2010 0.34639814447607392 0.10123660312646561 1
2011 0.097945559646049521 0.93726961144729726 1
2012 0.087744030505512979 0.047019127636151847 1
2013 0.26023489295615637 0.050683965371684653 1
2014 0.11242036130917614 0.20163205131949066 1
2015 0.10394801366065071 0.5143368314078941 1
2016 0.2272092863325812 0.10084715762097077 1
2017 0.047131545660341716 0.73660032015731369 1
2018 0.14279954985931148 0.050247563024265814 1
2019 0.78942583393677113 0.35753528596156969 1
2020 0.44844959444182442 0.95851723367142172 1
2021 0.9097693508475525 0.53141617351632819 1
2022 0.95582705415809466 0.37429884537654545 1
2023 0.61695582547146843 0.95917799566404183 1
2024 0.95508860161662323 0.91099432784650503 1
2025 0.75589637356966599 0.40696153264466045 1
2026 0.689578249111655 0.52736154286343695 1
2027 0.95457512003922929 0.84530476086233008 1
2028 0.96106641566094886 0.26470588235294146 1
2029 0.95490017033143482 0.62776715654251991 1
2030 0.040498966017701817 0.61809360562225746 1
2031 0.96181705095885295 0.14852017460756053 1
2032 0.90720456403192729 0.76886980192740884 1
2033 0.72621422592382756 0.45313057456280809 1
2034 0.64600017150238775 0.91480981061371558 1
2035 0.77293566360707833 0.55067841553155283 1
2036 0.95693818779006656 0.043061812209933208 1
2037 0.040329999740881702 0.95790536533290971 1
2038 0.042762309679709287 0.042762309679709273 1
2039 0.95734968999192882 0.95734968999192882 1
2040 0.085999652583362479 0.35340418514772753 1
2041 0.086104647769322917 0.47058823529411881 1
2042 0.084823461576761294 0.76426996679157388 1
2043 0.090346545783631757 0.24298681002944506 1
2044 0.95784137704557981 0.54360911222831421 1
2045 0.7097300450577223 0.91306149279011217 1
2046 0.9580641370999452 0.45677671950374554 1
2047 0.083646911665452545 0.88060042650263093 1
2048 0.90662236797372642 0.68404189715398911 1
2049 0.77065139619811596 0.91225705610088159 1
2050 0.5365301238893474 0.9213329576995386 1
2051 0.83105695004936486 0.91088336755215082 1
2052 0.89038912300862827 0.91267553770195808 1
2053 0.352654803570284 0.92393360595471397 1
2054 0.74529711752147865 0.62917930392386301 1
2055 0.45616208820870602 0.91555266478535513 1
2056 0.092243908450181711 0.16051759049213327 1
2057 0.55895872260212165 0.96184598276547151 1
2058 0.16196812472118544 0.91582562808364987 1
2059 0.22010916937212016 0.91096192709835599 1
2060 0.27560984487633822 0.90972184375790366 1
2061 0.49715128490149396 0.51275289987944861 0.49490226341513616
2062 0.30737690714896121 0.3013514667697571 0.31149806274477576
2063 0.32367926214162929 0.67428364102743232 0.29112897691599204
2064 0.68980215703494396 0.31291363628022389 0.33426894843072963
2065 0.31564839531196376 0.31360128966235734 0.68966416090115346
2066 0.68375044518858996 0.35280698776858244 0.68861911949776067
2067 0.68313927048834489 0.68900839700692507 0.34130179369212288
2068 0.34431992989206167 0.70540363506495762 0.68513424423949998
2069 0.6387110033333222 0.69219076372945509 0.70099426006618359
2070 0.23480007381378712 0.53781452764504389 0.48187649622255346
2071 0.52192571674865151 0.48116610171346574 0.2333782361329666
2072 0.4732440457309679 0.23091165372283448 0.5357379537103103
2073 0.77903765599031027 0.47421753040089487 0.51619814972787181
2074 0.49093157411684785 0.75203619590113324 0.48573613586547082
2075 0.49952036165360486 0.49012334826486054 0.72777170995231988
2076 0.21727828006607683 0.78427779743812243 0.49159079586616589
2077 0.50855798880089875 0.22552849961949301 0.81184933011542737
2078 0.78348991606032548 0.50917131221196532 0.22329223373031692
2079 0.79135676372546626 0.7819108110209273 0.53823657169793238
2080 0.78860046714024767 0.52696825077903975 0.78389165528717586
2081 0.50415275929314352 0.20969571524269115 0.21820035887189615
2082 0.20654231275020687 0.50403873784498643 0.21243577742408309
2083 0.20997990592296301 0.20824895317611852 0.50642717705980234
2084 0.2174610576225855 0.5276056886266085 0.76190662487906191
2085 0.77645318624905968 0.22950519228144475 0.52810780732919893
2086 0.5195627733085858 0.77705533854419251 0.22743224492681738
2087 0.49260558751504169 0.79393247182708726 0.80222518852353253
2088 0.79591324380302297 0.80218436937028781 0.80151891555477395
2089 0.19822352136695209 0.8065121895832732 0.7954078973623564
2090 0.80281703329846654 0.80283897915381452 0.19705195160243127
2091 0.79561122033786857 0.21188208606961745 0.80268863021628112
2092 0.19655904278696887 0.79112899301596484 0.18493863178947217
2093 0.79344668160906284 0.18471833913523214 0.19930280940992243
2094 0.18705865778625214 0.20124868274538094 0.7937543260914236
2095 0.1828273322311616 0.1786585442644486 0.20048289549547912
2096 0.62225666951777725 0.65069821365212233 0.52616132639383673
2097 0.81804554837630616 0.62631547946799848 0.6285917845389718
2098 0.35721297057829576 0.35724997799985092 0.48723146593648686
2099 0.46569702760063353 0.34835207079881858 0.3666762592764013
2100 0.34682334691546657 0.47440268288806436 0.3772089246966388
2101 0.67104584303036108 0.37693942393080454 0.47927479841529336
2102 0.51299265638221392 0.63610451884488806 0.34709346676117769
2103 0.34377643033784488 0.4956522530910133 0.62820976814267282
2104 0.17722103432515882 0.61718645277839135 0.61711973551804888
2105 0.62729192599843797 0.63488057915362528 0.14373232712998277
2106 0.62445527395627198 0.18089750527376175 0.6131799152735351
2107 0.16546153795105203 0.3804619171548515 0.59010362610581268
2108 0.3789255282826694 0.5890867851153947 0.17716569760245865
2109 0.59270916373220439 0.17482481760632376 0.39024910197899138
2110 0.14673345181804276 0.39383842910076244 0.37910759285735568
2111 0.38608169001254455 0.35469921467903598 0.12279946050776715
2112 0.38096147754985599 0.14630192172285447 0.39450264822272235
2113 0.58586638893910115 0.354868985001769 0.85072097122485191
2114 0.87045923726963648 0.58657501351915953 0.36764502412256567
2115 0.38714363602498747 0.86550522772555805 0.59736314502994148
2116 0.54746620660612777 0.83728695416158261 0.6271305774772632
2117 0.61550865786077946 0.56260629307580634 0.84709472577836742
2118 0.6430345908195203 0.48921947510864067 0.64460724969139538
2119 0.84724492181922118 0.3837004460471044 0.34507786610958308
2120 0.34991689778808449 0.83134496053591755 0.41135265520816011
2121 0.42195283411051104 0.38461098187466491 0.85400952251609619
2122 0.63627490131368802 0.83079430140130506 0.4388365357565861
2123 0.84264974360142741 0.42563660399060588 0.65119302697552828
2124 0.85307093292024627 0.8375727636015331 0.36412370068436684
2125 0.35339818722211819 0.63760951011561295 0.51369625107954719
2126 0.65175278427787386 0.5246582278316515 0.36392712413302136
2127 0.51858365571572074 0.35444529611171777 0.63057791441503275
2128 0.81451015921562575 0.36537302081010442 0.8486693644843144
2129 0.17095659354227408 0.60399190989406404 0.35115469320061443
2130 0.60157802630462109 0.34674002658342545 0.16538463207391696
2131 0.35079605740474307 0.16388651144744315 0.60121297237157745
2132 0.42770921188213151 0.64284757013173266 0.81821724710799437
2133 0.15635184531792068 0.35513418440409333 0.85857747213343938
2134 0.35124861787779649 0.85897789071044139 0.14887315103956444
2135 0.85873808162769028 0.14823447355814304 0.35278259068386703
2136 0.37139610666232309 0.16902608070348404 0.8645665647558286
2137 0.14228947667936434 0.86996138539815615 0.34146065588820579
2138 0.83276331257574043 0.36298374117399684 0.15702077599289629
2139 0.15006831802886997 0.36769362989456239 0.13877570786901389
2140 0.3619254181036568 0.17418329838864055 0.18464098449786143
2141 0.13790376968345294 0.15411816974658138 0.36277100145744934
2142 0.49189709331434367 0.6299914225116825 0.62932254002450061
2143 0.1458886004722614 0.84158111463453866 0.62743205155729775
2144 0.63455593046644898 0.1819713246672037 0.85226783852395538
2145 0.84920636559833984 0.63769814382934376 0.18376350336854161
2146 0.18190080959179117 0.15577049483225264 0.65798082534038671
2147 0.66172625634499271 0.17866211026381038 0.15473315374969604
2148 0.15491816062539848 0.66232592203517016 0.17902360543508378
2149 0.62496175202780502 0.82780710687885495 0.76326196296379267
2150 0.66454625623554964 0.84139105178058859 0.23643182404451546
2151 0.84201586403430462 0.2691423246423218 0.65641835816401262
2152 0.26990230478215904 0.65798646668471727 0.8496170894351881
2153 0.35550414973298355 0.85339017288207919 0.76793250433081506
2154 0.50656160438414388 0.84053013341129856 0.36519595703696489
2155 0.87812218526195074 0.38023741000778116 0.5134251917395819
2156 0.33320984802413856 0.50800937169641702 0.86347793172544662
2157 0.74542997947106127 0.64850473157644017 0.85657591016301238
2158 0.12941968919487545 0.2912363868653392 0.70789062259260549
2159 0.28399884732280373 0.70062802085778353 0.12964981921996382
2160 0.70068759367129829 0.13066039470945021 0.28462505298664048
2161 0.864949067281372 0.76034750195562573 0.66719338179221543
2162 0.69269925933915966 0.87297067600881473 0.62845447279662936
2163 0.59957459026917714 0.72220278842099184 0.87138711904410571
2164 0.66023656909806683 0.7652895185384273 0.14678818703173305
2165 0.76872114635859057 0.14543848128971476 0.66396751938779242
2166 0.87794486037162311 0.70203808792907563 0.44451526777490946
2167 0.69642481837210979 0.42901844457423055 0.86206845658620312
2168 0.15521501923433983 0.66843851124969955 0.7652842609923487
2169 0.27999592639385484 0.14310060083736834 0.29646134484657932
2170 0.12223156263529633 0.29494174130803646 0.28945619838433745
2171 0.28618875141981004 0.31492829204467604 0.12253290238756782
2172 0.37280636273786677 0.7721528676083611 0.86901783844648539
2173 0.87745893347681925 0.72015048057732645 0.28337932047889491
2174 0.87132835660616403 0.64610962166048602 0.75660375644165523
2175 0.2958146162179276 0.27920324867333557 0.86907734146196847
2176 0.87880223331559593 0.28025065018285455 0.28532006091961937
2177 0.31524671759207418 0.88068200663108387 0.28265407815687477
2178 0.49591509303975356 0.13491694792769907 0.65792692929347651
2179 0.65122887141739227 0.47643832915087636 0.13261162459576714
2180 0.12654786097442519 0.65674104790409837 0.47872424887443371
2181 0.71381266954677314 0.27138937503667615 0.88271265684067146
2182 0.12862111680980096 0.50086693376483848 0.67183537862661835
2183 0.64969588932517741 0.12249044164705175 0.49802382267648604
2184 0.48965731882750829 0.6587475997041512 0.12225687055741737
2185 0.29490833733131572 0.11305291702676575 0.71527345620422467
2186 0.11322545765826766 0.71537680123626035 0.29544791601899018
2187 0.71480675614567091 0.29629757940637175 0.11473191727795541
2188 0.88206172944281569 0.55885818888845773 0.50243354954594077
2189 0.13361125949136632 0.58353053113657449 0.86765408068847905
2190 0.30642057544508966 0.39856850536503985 0.14531965744339254
2191 0.4348047024088888 0.12962961554009822 0.28331750168065412
2192 0.12804216712586655 0.2863458933889822 0.43120481748488448
2193 0.88444780797795175 0.70918659381948834 0.88054765667827373
2194 0.51597193474932301 0.13398567866371358 0.12689119321692899
2195 0.12428342083093737 0.50738611210446316 0.1475543482816149
2196 0.14712630938573762 0.1237298793989678 0.50661383336917165
2197 0.86770544568951047 0.12969947992609968 0.57733873707699179
2198 0.49605608819042629 0.1390493665579271 0.87121375157030811
2199 0.13058561156875539 0.8753450522617845 0.51852280994728295
2200 0.87895018393033286 0.49709771335785791 0.13252417557211885
2201 0.58185428265771844 0.86901646797407595 0.13555094758773284
2202 0.11803654409715064 0.44756420123044738 0.49470265712054667
2203 0.45013658903398279 0.47920781366614912 0.11065676194740073
2204 0.48301889750122168 0.11408123358729355 0.46064972094921702
2205 0.8825991672698823 0.5840642302578879 0.88314227699567005
2206 0.7988254049310004 0.28980974746728955 0.41105744959825508
2207 0.42474554653840707 0.82647124991561272 0.2820772012475431
2208 0.56692497506567496 0.4898993578516182 0.86958636102555853
2209 0.72261156023103634 0.89236263820457851 0.8647717644525672
2210 0.53426596943589799 0.88029528078745223 0.49625209200480119
2211 0.88098837441218592 0.88023731188431531 0.73305624891010324
2212 0.86581503483485867 0.87595755580269319 0.58210470246748569
2213 0.54023433322349979 0.66726453455507817 0.76099761331632043
2214 0.28233363636229392 0.38850440712706319 0.75887311739149543
2215 0.56872990320944972 0.88204036281947673 0.87976110492556436
2216 0.58738927642355243 0.12308093808883884 0.26513199706446122
2217 0.26348267614100462 0.5828970460975097 0.12170143891998776
2218 0.11468451616540233 0.26160446084943573 0.57741327566635914
2219 0.47182312939388305 0.77280639980209886 0.66021540079766927
2220 0.46977523058009035 0.30077423669981046 0.12114705965122904
2221 0.113105787554279 0.48042699686253998 0.29954741988046091
2222 0.29616665920405039 0.11089535550262189 0.47831170428547953
2223 0.28119072301066333 0.87953050360560159 0.87516374110121942
2224 0.10799412382343064 0.87543192033677042 0.75752298944397811
2225 0.74385974632898744 0.10957362054523036 0.88082641111660764
2226 0.88738690088513661 0.7426925024961043 0.10809966145760812
2227 0.12235934090576485 0.71755827225049218 0.89015075647879971
2228 0.36395597347385883 0.23240086139719274 0.72621474706836708
2229 0.22537779774064898 0.72585577767396081 0.37275780331022235
2230 0.71852489351896587 0.37495604196188131 0.22582726135517414
2231 0.72775530970984792 0.61908012787926947 0.22493777295608466
2232 0.62071122214413099 0.2372586749817352 0.74490092889978599
2233 0.23199593578715952 0.72615891333895299 0.62446234021791791
2234 0.88909027406084951 0.13016536241126514 0.71904613290460495
2235 0.73014312072474652 0.88141528640223354 0.12254772710776025
2236 0.46980339668621801 0.88973438781452086 0.70495764486115631
2237 0.89257389052854141 0.54239686424779909 0.7042801895396833
2238 0.76450820805037933 0.88621860484641379 0.4648913170885981
2239 0.11490992822093782 0.74461189603094446 0.56766064091049639
2240 0.54868926112827421 0.10812055261790286 0.7297711428040442
2241 0.73180347037950177 0.55173331809728388 0.11135169334461435
2242 0.086533184776154154 0.86800506724692761 0.11164178185177832
2243 0.87636435575350169 0.11491066915620018 0.11013793545100578
2244 0.11194844312864337 0.10554403971132467 0.87079021619383501
2245 0.2907391887174422 0.88712956523727837 0.50174355599877851
2246 0.88350899988314346 0.53710704096049178 0.29975742910809278
2247 0.5289983765357692 0.29306927694819584 0.87067696142879913
2248 0.42317320331454494 0.86053884194624564 0.85712175255260703
2249 0.6206434502072139 0.40596718167551266 0.29275780369585808
2250 0.30377217605559786 0.62765989380987619 0.4044381010279483
2251 0.40978043602757686 0.28613216361586619 0.59403337243139798
2252 0.87724884735139741 0.87185586576280194 0.23502801077587265
2253 0.88231542255195139 0.27262329154072829 0.88050155377871808
2254 0.32963539990154167 0.58883522437936309 0.75230334697469037
2255 0.62960437258751545 0.77137704245663596 0.53165603468144185
2256 0.77945123980855302 0.1296036239188941 0.12734217407908105
2257 0.12492902830124075 0.7779537039797445 0.12974044560814088
2258 0.12661112688077009 0.13026870032044624 0.78104716906969007
2259 0.74955103544240287 0.30807311820781358 0.56755380491950702
2260 0.61209264638443417 0.75102535323289532 0.33412668142406865
2261 0.24914822127029385 0.10715781781594319 0.87323274228628467
2262 0.11108048957392404 0.86250730738302439 0.27053566358500541
2263 0.87185806678611222 0.25178733487845806 0.10845384227303527
2264 0.27989452238974499 0.88690783485991298 0.12217940232066073
2265 0.88702121796809796 0.12067887569077805 0.28093865289553088
2266 0.12173956105474873 0.28043866817709134 0.8883951080235204
2267 0.1330985425411618 0.87059098029166671 0.88604541316790775
2268 0.87776154243774784 0.89405177710807193 0.13489796053599254
2269 0.88749903268841046 0.13507498345948105 0.88574962109852062
2270 0.88877577465396307 0.68781547771779938 0.55430505490637172
2271 0.26036208905112451 0.11104966061121771 0.1234760493821325
2272 0.11662722320215761 0.25944554268343123 0.10703706119866478
2273 0.14496030635821203 0.10578497095348399 0.24452562293047148
2274 0.89733727336172453 0.23570367004179815 0.4680526257533581
2275 0.46181061389801392 0.89056335015981869 0.2445611181354278
2276 0.2243880644668548 0.47542294439775801 0.88973918332896385
2277 0.74705375158929832 0.62616058710791689 0.7080156026305845
2278 0.86833185576470118 0.86785286142935758 0.88680224698575782
2279 0.27555946732681985 0.88207552392338173 0.63982607235411204
2280 0.26685349901695826 0.204777652882976 0.38597812986164642
2281 0.363193863944964 0.26640717243411871 0.17691827653552478
2282 0.22142579149070366 0.39241472277682166 0.26060261576459581
2283 0.75248902420788444 0.68167165019595821 0.62639604042899466
2284 0.89060446366991008 0.37072739936913623 0.7353560625845903
2285 0.11035614302551633 0.46053441234310166 0.79665819061878096
2286 0.79690312922961171 0.10621016436982426 0.46958243411160305
2287 0.46821835936816103 0.79815834488440474 0.10610877350540192
2288 0.72148272412316317 0.39715688359305584 0.41016670466148242
2289 0.42733885298664426 0.71568608291067592 0.39512106721906604
2290 0.76317453771252486 0.639182952994644 0.49010784947384267
2291 0.39640952559090431 0.70123201214976794 0.22219620021234379
2292 0.70189439399761289 0.22339452317407879 0.407751573264312
2293 0.26003963686849629 0.63117712527645953 0.25089899897667295
2294 0.609607199584 0.25340409971472105 0.25725118758453397
2295 0.26726594365812339 0.26752649075920765 0.62956265075406714
2296 0.56467466307092762 0.46391233776203838 0.78713118894971057
2297 0.40700494966703726 0.3912804653923117 0.70911187120828334
2298 0.44244662608716651 0.39050420262359969 0.55585349948135099
2299 0.22274713899212203 0.40149952411190709 0.6872267324905309
2300 0.37414698662295121 0.22428944085488411 0.52662454789724655
2301 0.5023215929650553 0.35489808645822968 0.24214068309523232
2302 0.2420092118692212 0.49578471115371087 0.36109717906873251
2303 0.11807286486419563 0.12481894550236471 0.12379609873275003
2304 0.43308024399560069 0.11315772292943208 0.761708698198717
2305 0.77424210416459915 0.44081790075939881 0.10552467566178121
2306 0.12114904806663383 0.78163768191491634 0.4383973670976466
2307 0.40567314028194751 0.87652675284488102 0.46595675489585237
2308 0.59138062929908919 0.43679504033457361 0.48720504599247877
2309 0.44530694283213457 0.61819530593117133 0.48248345970604717
2310 0.4843365064254383 0.72279989375326337 0.89747153266307889
2311 0.74329788432159749 0.89563170981323847 0.72839279096944343
2312 0.73406070611962781 0.76925561585292701 0.42357093398639079
2313 0.75883606020450867 0.42580124024496507 0.73442898103868359
2314 0.71716236324951521 0.43333551293770717 0.60272168555819405
2315 0.76757197510552155 0.89225463020937168 0.29063681116921403
2316 0.89688477698625413 0.45335867910144045 0.44970362159383026
2317 0.53570179935261253 0.10499746340203095 0.56411870777425466
2318 0.10786475624546085 0.55025101496280504 0.55215508973740057
2319 0.55853079986651522 0.54758899911824899 0.11080547155493241
2320 0.881224105022543 0.82686290842789933 0.4729136622238253
2321 0.76160135844843069 0.55017570826010076 0.87001554643896517
2322 0.22428960328801181 0.40499476926978573 0.48158539731163852
2323 0.48291420191401357 0.22479697219218539 0.40933335778726521
2324 0.40132717283638247 0.46984024990637763 0.22318493150119997
2325 0.0985169162744714 0.40380124449346222 0.25495185138405019
2326 0.3976305370693432 0.26032158773855679 0.10031803643563889
2327 0.2456728322963212 0.097892532466970578 0.4143364112332677
2328 0.89665450765458743 0.46446073112778363 0.80341230010362985
2329 0.74994716077200851 0.66455869971987946 0.10990750738980545
2330 0.68389435075288119 0.11062081716548534 0.75625996539689899
2331 0.78095294177905716 0.52990566003249884 0.6633214298332577
2332 0.5214629046526823 0.61980305289430593 0.89632856754354995
2333 0.38373190819257469 0.26256593620310364 0.89259133431312965
2334 0.26208218081284052 0.89233096696481173 0.39210847106105806
2335 0.89260356693905485 0.40179402849529328 0.25755347706173143
2336 0.10635191407633426 0.5548830627752972 0.43965550770880807
2337 0.55566606753427272 0.43611710246505025 0.10780339147309602
2338 0.43402271428274819 0.10362806222873235 0.55559358814784676
2339 0.6453358858211995 0.89680755506023158 0.52646567378752263
2340 0.11116679398297453 0.76130135250712738 0.68922025570300771
2341 0.68784040511613143 0.73694296464415254 0.7816081240744186
2342 0.44210550129754717 0.37622829165359928 0.2950947681044267
2343 0.28484616686646869 0.40895693114147436 0.38330884196832515
2344 0.38836341721219098 0.27899411400797414 0.39974243992501934
2345 0.39083254313849131 0.54113427971924677 0.46255938968225163
2346 0.5391882997331825 0.4658823495439533 0.38689617134321791
2347 0.89657879268804175 0.25654477223800592 0.75618149785143685
2348 0.22877583422886821 0.9068466028784361 0.7398522297114819
2349 0.78238562081235274 0.31476754917230826 0.75985907034919631
2350 0.87755832240375053 0.11574700552796095 0.43398564546243473
2351 0.4338642582006958 0.87795119414822975 0.11601720582045104
2352 0.13250188789031744 0.43475265146716141 0.87243039485923546
2353 0.60167008150835732 0.25691693896312606 0.10313903032569803
2354 0.10347518273180954 0.60331830869339376 0.25896288369057269
2355 0.25858974201454038 0.10177708412295036 0.60201058599330559
2356 0.75721262196068129 0.77352716461073279 0.31347137508591444
2357 0.49302865522402478 0.59593614095803604 0.22728519105683082
2358 0.59793432919774048 0.24109035788747257 0.49802738323142398
2359 0.2301612343869841 0.49897418516747338 0.58987537184079974
2360 0.25047745046373437 0.76223839548500483 0.89947774253224499
2361 0.59251697093421685 0.71726477617342765 0.43318824341112383
2362 0.90216384456016119 0.60188139184434475 0.25362842034400007
2363 0.58800868306970566 0.24057678426585918 0.88724910916370292
2364 0.10447899674708237 0.56636065896443022 0.72924047846977347
2365 0.54332092793988074 0.89635883865006771 0.27333391394750839
2366 0.89986647107815865 0.27101098674159829 0.54477950612374171
2367 0.28883571612943904 0.38604789819987373 0.58843604236014102
2368 0.37801504604164271 0.60650929121071318 0.30251705485477287
2369 0.59057081067494677 0.30367380997358012 0.39427538270016332
2370 0.60102120973098616 0.57178614632614289 0.70305177503879002
2371 0.3201596990576448 0.4122121252198756 0.90726784348555944
2372 0.73631055009476998 0.098986662265939551 0.56637347879568989
2373 0.5623739150935908 0.73874988692794574 0.10064624584339942
2374 0.26698662992832706 0.54427823889729887 0.8968980125845708
2375 0.74973806904782514 0.76246996102630371 0.87243929465201275
2376 0.11230191667504108 0.3602461789469919 0.48357970182963561
2377 0.36867021846254355 0.48985541816665024 0.1126507176260005
2378 0.48479531303519169 0.10826119521420284 0.34970363599015586
2379 0.90573035284063774 0.32596018629255102 0.4052501091413967
2380 0.41355497151225851 0.89870701658546803 0.32114643243365304
2381 0.52992557755065262 0.71621789752295284 0.65035465819320903
2382 0.44605585691470129 0.44681263673018057 0.88903554479455316
2383 0.67716153521196876 0.27423669943302564 0.54135587857113543
2384 0.54588875031449668 0.69331298131348484 0.25010002226550093
2385 0.71074916961278234 0.60269112444574902 0.60152834805960043
2386 0.91190296197298271 0.75408804176903721 0.76851498789839934
2387 0.89970758571388876 0.52322531252962701 0.59097283192668537
2388 0.23753928137548963 0.64666408716578394 0.72013628440933697
2389 0.30163940483858165 0.60926220694482125 0.62187993748790116
2390 0.22044249266580815 0.66351219720578603 0.54356111148689201
2391 0.46501928092605105 0.89486043924513092 0.59499145046280744
2392 0.22530273185616698 0.28381569874336804 0.22384739003362425
2393 0.39497252448337067 0.7214718281859791 0.80005863016399181
2394 0.76140585399891569 0.19543713024624881 0.33836487864019432
2395 0.33471964176174657 0.76454748173961051 0.19256237619360281
2396 0.19456129884074116 0.34027268838299068 0.75999086891335743
2397 0.62480252634775091 0.53824191309774339 0.24110585671329909
2398 0.51043266904664852 0.2509557574205602 0.61914961008650171
2399 0.31107029977145245 0.72839481877851875 0.76627681042510565
2400 0.087901864145736142 0.38940093410972465 0.64324671888260299
2401 0.40301442046633457 0.64208692425322356 0.10162947690419079
2402 0.6420904426074634 0.10121513572773973 0.4046626632551466
2403 0.19231226533579088 0.89860240840731642 0.56412769657702189
2404 0.44944572657297388 0.60506378865474553 0.7360376449410837
2405 0.81022119085573818 0.47438559942539438 0.89707107357240934
2406 0.33260594258634391 0.76477624886502815 0.49087320632383341
2407 0.75205458230688904 0.4873051879203556 0.39368673767222068
2408 0.52571295929090078 0.36258842978793543 0.78975272119694084
2409 0.74564598534234561 0.79032674445792472 0.70561368909573174
2410 0.21922677506695754 0.76518028184369147 0.11031439329954855
2411 0.76542775148091091 0.11035172161001976 0.22032719672542825
2412 0.11065915210164216 0.22376199034843511 0.76690934894890739
2413 0.68624786559181861 0.8943295319599367 0.37231986004674894
2414 0.37687077788225032 0.49785940579095284 0.7547648527416132
2415 0.43206293225843379 0.73614986477862621 0.55651051989799949
2416 0.50289596107877976 0.51285709067682017 0.62423869593062098
2417 0.23834616895698846 0.31522299976889362 0.40963334980496113
2418 0.30829448706214851 0.41852370235918324 0.22559827263529933
2419 0.40940794633257777 0.23519245441209416 0.3186683092345004
2420 0.094541295686894053 0.78699850811882777 0.78333909176732286
2421 0.92201202219743117 0.78934946807629769 0.22567536054331622
2422 0.78178258639088671 0.091625242822375053 0.78892610859088541
2423 0.78889627474928681 0.78879777631094761 0.092773225891243025
2424 0.78750206683769342 0.22886819029662897 0.9159199195685368
2425 0.63652997761910957 0.70935645752966414 0.26811374107648872
2426 0.70879579745127452 0.23845781094882801 0.65915066509584108
2427 0.54469620021840537 0.90860135410852128 0.78694889846931859
2428 0.93811591440271258 0.373728617857569 0.59980875337875306
2429 0.30592584867880446 0.21778997217538268 0.78035834964362916
2430 0.22181040170110031 0.77971692826755257 0.30832238173328846
2431 0.79334099071656705 0.29311961835030692 0.23212736364148168
2432 0.61946391360099995 0.90585019698814395 0.68819969242296219
2433 0.52470068241965218 0.35301801918496761 0.51641132312780691
2434 0.11117671345639818 0.10909093310573553 0.42872536233857378
2435 0.1103944214452206 0.43255022739379978 0.11422380872818926
2436 0.42847701795125359 0.10537138502417087 0.10755783617582554
2437 0.66036861757309973 0.64205168961500836 0.90375876260607291
2438 0.9003711056995447 0.20184613320206254 0.22668968392682426
2439 0.22536110796121922 0.89679589332694298 0.20604106450477183
2440 0.2050936441260775 0.22592955257930367 0.90075706021954682
2441 0.21715964155130585 0.2378661141204173 0.08785055575011716
2442 0.088902042561482958 0.22316438095345292 0.23020360926129635
2443 0.23501987784712722 0.11372729783281703 0.20324839541995218
2444 0.63511534134991132 0.50459401875923726 0.90448792498233666
2445 0.77615752319645059 0.90385122772346016 0.55589614946680088
2446 0.27367686095746213 0.82004090652110362 0.68298293545279321
2447 0.42796711849679753 0.55062036939137038 0.91258598984720252
2448 0.25125394825938863 0.54467109114106882 0.6753924090534561
2449 0.35069073577015303 0.67853551571755344 0.90393586078478261
2450 0.20887870375124876 0.079798483885084079 0.78572478480963281
2451 0.083537573017584688 0.78249327867359908 0.21282540505502484
2452 0.78455176028042273 0.21173253146699322 0.085839650904058401
2453 0.71779072719977277 0.42410531687811215 0.30150027769030596
2454 0.58621318855512894 0.10754623705254067 0.89246352745871738
2455 0.87722236315722257 0.59883164296135394 0.10980868415819894
2456 0.57942557347352996 0.62120607910150116 0.4372401170938256
2457 0.55592878357997955 0.68366861694136039 0.57501088581707471
2458 0.097303219532297119 0.88895870716397152 0.59560783047168397
2459 0.66253337215736874 0.38837889513722285 0.79621442329193082
2460 0.80401534719059997 0.64075990143997541 0.36157625122905823
2461 0.73378816187616758 0.59064224763249928 0.34020352456686764
2462 0.28413208667135204 0.32079181414032149 0.53834434978529211
2463 0.3256578034655675 0.56951514814029935 0.25934560749631591
2464 0.53476756392350722 0.23725366223870703 0.30140762458628217
2465 0.90989584340477625 0.88755609843562155 0.42628752861211044
2466 0.65300271414375533 0.92471667093162502 0.1814073096676922
2467 0.91253903120742408 0.1753151965524819 0.64858385060987822
2468 0.39333332949515282 0.90719547791779365 0.67250307858684388
2469 0.91134509726819346 0.65790341389227747 0.66288342989608429
2470 0.38104815281925247 0.080069673035560493 0.69497417521853055
2471 0.079188682790226811 0.69462126971069138 0.37861145612070518
2472 0.68921491704694826 0.37688274749749318 0.083709602019437571
2473 0.38885090200440181 0.38395580977834132 0.39341481953882784
2474 0.58436690000651548 0.77833583192584532 0.74317742591330127
2475 0.58564898514376007 0.31578540387304305 0.75368956677373622
2476 0.80010473983992814 0.91818741999055797 0.19796400619405952
2477 0.60936337219060666 0.40304702593844915 0.58155626653744374
2478 0.57691256921010581 0.91948475321834666 0.40258311837270611
2479 0.47759200915425076 0.82160314269751855 0.9008976759749161
2480 0.6336763468834764 0.3114508581396826 0.62254912260092465
2481 0.84997337528635053 0.46591412878219063 0.54907283751453451
2482 0.63024081983140956 0.63180176966284907 0.28707333140386287
2483 0.89403255122852598 0.76979592841966815 0.35601612453724368
2484 0.1146397646760441 0.37318961396458517 0.77087152503763212
2485 0.35618249288082515 0.76460504294573961 0.10728192115740347
2486 0.76401186629416551 0.10790403991858549 0.35746832681125207
2487 0.77342008602839429 0.35477978475586297 0.93706725888836051
2488 0.45152660907491193 0.58608435259473113 0.078715805715629306
2489 0.061794781918716894 0.46954740475134898 0.55658936080741728
2490 0.5850533881142167 0.077353629259695342 0.45012897657117579
2491 0.10602822856020373 0.65824779942906608 0.59164735571463001
2492 0.66271851003955329 0.57827655960773883 0.09765082507587268
2493 0.5717535321644478 0.10260157156910038 0.66527749549655035
2494 0.93787008596032173 0.63986248030027981 0.36419395811956351
2495 0.64078362005339207 0.36339980002809874 0.92722300616518527
2496 0.21192097963536891 0.65874632049703663 0.94982486366826568
2497 0.92452333576880796 0.39670493086286851 0.92748592796233298
2498 0.65735586425606607 0.51345293780413359 0.56579883229732253
2499 0.66727637134246276 0.4933151955764582 0.72845475484128031
2500 0.38405641417207875 0.088659513159814463 0.90613253145750994
2501 0.099072460694647493 0.90382938826889725 0.39743442641923155
2502 0.90410835146097313 0.38525413872133968 0.090735278645151268
2503 0.12262023964168507 0.22303884818529732 0.48978368437718434
2504 0.21685665879188518 0.4914961187705344 0.12307562933747133
2505 0.49493520574530048 0.12402184453708495 0.22224821809594464
2506 0.20736938236662106 0.63322885116060645 0.12195314075725228
2507 0.63500728956879771 0.12174892404339963 0.20754650686402759
2508 0.095348844653597373 0.23418731645423585 0.64684374800598765
2509 0.38605301123296049 0.63056707943754098 0.66431204785095888
2510 0.80827197171429055 0.84512621361789875 0.64623815080483893
2511 0.672621608722067 0.58509292991687734 0.73946990090166376
2512 0.50151193646503689 0.38795554605357974 0.90422415152641067
2513 0.30743847134736235 0.7115814286732367 0.41409551092681318
2514 0.49469183497553837 0.71742417540647885 0.30012903648511419
2515 0.7414404020630927 0.29027534662132826 0.47965509946661777
2516 0.47180891017640636 0.29041260655548856 0.69005275781275521
2517 0.21376734682275264 0.70997966097466214 0.23226782346430822
2518 0.7092226604888745 0.23346746532471457 0.21449527120648848
2519 0.23292712331236318 0.21658401740948868 0.71079066472214281
2520 0.63073958351453163 0.80807681819213384 0.67869127992406753
2521 0.65614894124026768 0.56601933000061788 0.43865569100665991
2522 0.34561099700292053 0.3669633917015892 0.069238504616933483
2523 0.34693618725233139 0.065361735383660705 0.32382639019179926
2524 0.074843484982688252 0.34771855936426405 0.34923776824704761
2525 0.35064364323798419 0.76359439604128543 0.57302426123126238
2526 0.72078605285187458 0.26042451039407849 0.79451629844996474
2527 0.78925426151179523 0.92758774210743711 0.82891657525824913
2528 0.4841887275835593 0.52653298139153937 0.33380760285418642
2529 0.31926010841543245 0.47134206771325093 0.55141512647852764
2530 0.79468507374201214 0.68126310355882269 0.23094165897845137
2531 0.07995745106243797 0.4562721721835325 0.38302875220184435
2532 0.37728410657036743 0.079638954415619009 0.45474766955919799
2533 0.45563661526146526 0.38545817221081136 0.079016101048699661
2534 0.93342393244766253 0.51914716071909595 0.38705237792589903
2535 0.6267283438686897 0.81653765174367399 0.90888989593973857
2536 0.079747478662106672 0.48002818903125016 0.22266495635599032
2537 0.47031499677099525 0.21631525772651272 0.097291969264867176
2538 0.2208519881583598 0.077426776087283711 0.48116476664518637
2539 0.61373136797892536 0.10071489766049561 0.074490578278340325
2540 0.074431434712764546 0.61306087725824976 0.10099036592357916
2541 0.09632723254892514 0.082126192501838932 0.61205573196476803
2542 0.22040423593027059 0.36202974371286289 0.92883150729313868
2543 0.36772026180745238 0.91713235954907779 0.23302168653985844
2544 0.91903887969322484 0.22870793020290028 0.36715890224687076
2545 0.48315880236625913 0.42635681495220396 0.81818358623110299
2546 0.61447016568096657 0.61499369102749291 0.61378110130178176
2547 0.71916116088463489 0.70055973674657102 0.43883370914050102
2548 0.10749147332039766 0.3333880371421421 0.21214818764250318
2549 0.31421445754740784 0.22194073654214869 0.10383471043509233
2550 0.21543111327147577 0.064716568680775091 0.30631622180094831
2551 0.22368071110993268 0.35933965376493604 0.06432472878482963
2552 0.36064827702752367 0.073168169370918801 0.22317209997987886
2553 0.061958588289941004 0.22519891829132044 0.35902893056014629
2554 0.092487365232572533 0.57109198473322154 0.65324178948678924
2555 0.31765234988786095 0.20639341417846901 0.9279107508763722
2556 0.20301604085955127 0.9180721490888456 0.33517630178876312
2557 0.91732131220558744 0.31936988352087503 0.20034739296795612
2558 0.79591812826092145 0.67282673044380226 0.75642389038531599
2559 0.65279633871814702 0.069867138160120537 0.58190977097361785
2560 0.58187203301325485 0.6531931606260778 0.079969891648633579
2561 0.9137533763316974 0.77619053794980952 0.92126338701561716
2562 0.76931756390703576 0.5702773964231872 0.5552979647338252
2563 0.31652870650155607 0.20488578076762998 0.23712310013227481
2564 0.50251289684323919 0.71296338396365366 0.38462396541454602
2565 0.63111655645542342 0.42365353925359173 0.72500788363529189
2566 0.90182802979848764 0.60513112766990951 0.58027856285683255
2567 0.83644775183736597 0.90752074610431444 0.49216836175563483
2568 0.66925642607236269 0.8014892322253091 0.37666853317095056
2569 0.44738126598693817 0.92165132733293675 0.40523084827929357
2570 0.21642459964353794 0.20383070887320567 0.32035621712002998
2571 0.48314558402005353 0.80591778003341219 0.58159832243902632
2572 0.92152092227787774 0.92435598251899498 0.78462882710647619
2573 0.18116421089222695 0.59287720590885051 0.44313429492147477
2574 0.57957292019511442 0.43182671919141552 0.179272191165848
2575 0.43683061802767736 0.17970672283105235 0.58958968915707577
2576 0.41601468167545352 0.26375489508162586 0.79983676073146082
2577 0.25508255208859237 0.8123825625119272 0.40472425303624732
2578 0.79223174493476656 0.42834609298244442 0.26619267549174591
2579 0.80433343785484612 0.3479048161844 0.67220283959727778
2580 0.90584648178101734 0.53696008441135912 0.21623538325919561
2581 0.52538660101225843 0.21225641667291636 0.8970617014796507
2582 0.74738985935490931 0.38381970554462314 0.52697542457913693
2583 0.46057104794044901 0.78683974508268517 0.42928337474789946
2584 0.2703251870456661 0.78355533328883309 0.56350342423828514
2585 0.30988584026946042 0.76697411157157347 0.35431481132351195
2586 0.76635221015282406 0.34756422441359414 0.31916852936899581
2587 0.33582674071588536 0.30724645402525597 0.77964124944106572
2588 0.91163935452831513 0.63127905267321283 0.48938570056624719
2589 0.56798362412749825 0.91657605013343124 0.59142618686296744
2590 0.61687607226148233 0.70021747723786287 0.78853930004338812
2591 0.41431781242983634 0.61673349557349533 0.38168603989727229
2592 0.29323907154533646 0.065322525360100719 0.80464475208506991
2593 0.066622762568104635 0.8028684245217339 0.29738925054917464
2594 0.80152976316439595 0.30360367060110161 0.074205731500538996
2595 0.61207168932763134 0.40916054223043891 0.38206724535978259
2596 0.80503028523634901 0.69008931741812096 0.54039652495808876
2597 0.54308490023400602 0.81190192614372514 0.44062131664117121
2598 0.60747577865066971 0.79514828951150962 0.2114814226870603
2599 0.80569910631085739 0.20077944909567463 0.60787933326138133
2600 0.67405839027735837 0.22071887668990256 0.91422670933132777
2601 0.92976117348078169 0.67263053069643164 0.2105192820198743
2602 0.93188489126534879 0.80435174214144656 0.57259316559958129
2603 0.6956094129376863 0.52769358159283053 0.80931156936868698
2604 0.074190538705003278 0.8031751798616884 0.92166604929875795
2605 0.10969924303246492 0.35928223263194725 0.91967663143549638
2606 0.35825348759930953 0.9202339200064229 0.10790159155694767
2607 0.92041117900365288 0.10742039541218987 0.35855129586277357
2608 0.2726218260238602 0.59446864842553737 0.32995299568234993
2609 0.57985406897522007 0.33939190853129236 0.28179597735041378
2610 0.32959807008157521 0.28190687518828383 0.5750917125314291
2611 0.81556684195847107 0.65274758906675956 0.92289919598710757
2612 0.20707278899248199 0.61420157916213336 0.80462149904817271
2613 0.53177594940755812 0.41951466751888322 0.73522993807706138
2614 0.32260328676824657 0.92287658802358741 0.79390752583164659
2615 0.92462130928182784 0.5782670595161945 0.78423552715238842
2616 0.57917611094915356 0.2792064529906424 0.81463896417611814
2617 0.415034701464637 0.53564246251522352 0.57562917434435057
2618 0.81648447354858733 0.40304835616419166 0.44455762902297807
2619 0.77823754511856202 0.92846561263793137 0.93094066028422862
2620 0.79700144270110507 0.92420363410360618 0.062326718572996785
2621 0.35926796503695529 0.83054851394948559 0.927196915387688
2622 0.91902124180361933 0.070375506679166741 0.80491426724970894
2623 0.9244350261555887 0.45606187688030037 0.69513840985368913
2624 0.81868585524642168 0.58405450009416338 0.29119534172700734
2625 0.1924585150242335 0.72641771374869035 0.71031535826994685
2626 0.4397799093257142 0.54544921660837042 0.80458731681109374
2627 0.21035976896004727 0.074265356787274209 0.69469262109615715
2628 0.69449800598173783 0.21059288936937637 0.073326939374500952
2629 0.072542958453911011 0.69451655064394424 0.2105481316416371
2630 0.70284306450324641 0.76247949247171554 0.23541704871302835
2631 0.19068594662404087 0.56811806460331293 0.54270267044351872
2632 0.19404389821713536 0.90472654144199349 0.47479309567239919
2633 0.64552669901301307 0.93364824254653711 0.82957853768054834
2634 0.44775073589904119 0.15842300881157084 0.16572833916129279
2635 0.17131701626919935 0.44395519022066365 0.15111413600060553
2636 0.14819444855905892 0.1707611585317205 0.44656747293780685
2637 0.29683431609932065 0.43383786552291698 0.69083217179498135
2638 0.66807238040899952 0.069595201927639433 0.92431223178919431
2639 0.92567384697792454 0.66994280839404297 0.071404785343452334
2640 0.92305751549952852 0.18072175119187595 0.80131606374833098
2641 0.18118452771387145 0.93833829985489747 0.061685246726695217
2642 0.93851646761499996 0.061581625884900668 0.18163850357253042
2643 0.055675525649996352 0.1756792638279118 0.93801636891144824
2644 0.070867640030912907 0.93237342764273967 0.66720430706456668
2645 0.33490005270573381 0.9167341728101287 0.58351192190224166
2646 0.79839266987147661 0.90995068464773043 0.37275746965079676
2647 0.32263431126184461 0.59063008583514176 0.86210986745425577
2648 0.92854253174723644 0.32698500384675938 0.80506011433196811
2649 0.70067442451661399 0.71116881626969464 0.51403616251091466
2650 0.93091523012066202 0.82481158873177018 0.63951250533294923
2651 0.31660800599745698 0.22543254170937796 0.66939086737593467
2652 0.22781718362744627 0.66144257588432864 0.31252099078710804
2653 0.66900425981338019 0.30615039709495245 0.2254691423176384
2654 0.18930690865186242 0.80307037025045758 0.93363708266409295
2655 0.8169648040371259 0.20382064341827447 0.69758258590563016
2656 0.33966433052533118 0.062438376246797538 0.57411397684520993
2657 0.064507895541277463 0.57504914079019076 0.34168409595018939
2658 0.5798369657460819 0.34376207144526272 0.068355905408457415
2659 0.68034012103185537 0.81507046344809564 0.51335389996107417
2660 0.66900210834492024 0.69698604573378087 0.091016461702838503
2661 0.92685012039247794 0.4284369864548882 0.18180153491871184
2662 0.42043571721377626 0.18236690606078554 0.92816895488932583
2663 0.68643013922779805 0.078840313561607006 0.6687653490309462
2664 0.11619108905985487 0.63256582571175424 0.67714466185483935
2665 0.53547008107407945 0.55475061354840693 0.81907068534962368
2666 0.21731227614544169 0.92794710955696746 0.82036975174677873
2667 0.65391450296737386 0.92248630429843248 0.087070148002380027
2668 0.9184296255051585 0.083023097789975256 0.65265301592111968
2669 0.19685646803735213 0.43125727627097865 0.78355185863054155
2670 0.67373556376556121 0.32517774268007438 0.40526646963431506
2671 0.50113356369960771 0.42821132474037887 0.17578457815291207
2672 0.18357806675077756 0.50654647933466013 0.43297892057841486
2673 0.43289324028972281 0.17415458900003014 0.50088204049721552
2674 0.40619944383738826 0.6739953570889744 0.29036416376218016
2675 0.19310391309740557 0.71430335717255933 0.82272042512062671
2676 0.54356354399327722 0.1848551413397464 0.69959492898468645
2677 0.69247771185050222 0.53877163111719628 0.19468252658846413
2678 0.55922596007980496 0.78643200184870954 0.91905490200553308
2679 0.74380102065084164 0.37017041274351353 0.80756245700533802
2680 0.36844459122690337 0.79845559397868193 0.66710004415027035
2681 0.55867903760453674 0.16719041451233441 0.85065238540329646
2682 0.8423864705854246 0.55004760602845759 0.16899157580810931
2683 0.91895676662378389 0.1740954811360359 0.52425542425269667
2684 0.48301090578552841 0.6779699600107979 0.69417884207870484
2685 0.52848408503236866 0.91537330141990825 0.18561238433346192
2686 0.18085681675872917 0.54075246451000392 0.9156717449598667
2687 0.7710604437861166 0.20245616929253957 0.43993424286124272
2688 0.43432719183938867 0.77643828292128481 0.19821347351795424
2689 0.067515997691403137 0.19411766410681253 0.54382426851415167
2690 0.1900444294904429 0.54194267241805771 0.064382636076653635
2691 0.55050498022477101 0.066462940276857785 0.19055922761724278
2692 0.24565563385025005 0.35842172642633396 0.19027208913667207
2693 0.93845022733702887 0.50964667631034832 0.9306989592837106
2694 0.69949514882746033 0.46231404443395863 0.23965914233651719
2695 0.3426430708140305 0.90954769026326865 0.43856770631865016
2696 0.91115589569775735 0.43024123750295168 0.33301122463391269
2697 0.41739325459899546 0.34124726108871162 0.91180689622818745
2698 0.93851160170771364 0.63565480191056722 0.93974333404495891
2699 0.31907745497928874 0.21026781677248976 0.31258632333804781
2700 0.81680866189702961 0.60875285029689041 0.061710235063244905
2701 0.61165324288528633 0.064768707286531571 0.81941488735449153
2702 0.070744785561583007 0.075564415501400764 0.34362148804701526
2703 0.075572261688305886 0.33491957563043129 0.063813949275169896
2704 0.33910609957507865 0.068939396268606887 0.081644984024927536
2705 0.080018490178159471 0.65774005638632704 0.92341643045443478
2706 0.42570964244963377 0.3070789088261236 0.51684754218276618
2707 0.20877580513757982 0.2965504093083412 0.30506463321620791
2708 0.80401288363584567 0.52833343206139638 0.44607810972164963
2709 0.30630492986104818 0.4325068975542069 0.45630467102259248
2710 0.44533468754095701 0.45633053224700809 0.29817485863960358
2711 0.067178641718875873 0.80667955370678968 0.61478403777384139
2712 0.45897392467256243 0.94025690799784689 0.94805399629773912
2713 0.61306718746310052 0.67791472389818108 0.35717541430893163
2714 0.92925146192002817 0.86039277432173356 0.34619292653296435
2715 0.33839642935618752 0.66892245624949254 0.79060219174222857
2716 0.58552928735426124 0.82761356944699049 0.30790465724400606
2717 0.18534812374983387 0.58647068315269224 0.27238116920034788
2718 0.57829227440913145 0.26565095127215799 0.17869038192743927
2719 0.27044937617937881 0.1808127424338084 0.58036100766744458
2720 0.28020542020835382 0.43951459832004464 0.30405240100963277
2721 0.31471226857717155 0.27341502306859805 0.45055970669670914
2722 0.43926389988583026 0.30294849838920079 0.289197053308904
2723 0.54278450948496504 0.2697584491620833 0.52840887827340355
2724 0.6619221795188488 0.91692560428133152 0.45446222858505758
2725 0.28367194685637004 0.79130020145911306 0.14535586627205332
2726 0.79025148242442911 0.14420758846679671 0.28592623147089258
2727 0.14675601377192862 0.28883547340039722 0.79394367829635537
2728 0.80510020222746792 0.27992055424025764 0.8436466086871941
2729 0.82260869625152777 0.60223693266640521 0.81463272509372453
2730 0.55225729906372489 0.57265501712298095 0.28894096681909026
2731 0.94161371012345896 0.41342675094661724 0.53159346598664703
2732 0.43380520738064399 0.64474200487122746 0.9142817762469666
2733 0.58165549899837476 0.66551846472805321 0.93139673919624355
2734 0.57226002656357866 0.40837609075321429 0.94277615036326912
2735 0.47883651382690245 0.89757321609487373 0.32010061935987427
2736 0.64051449512958081 0.31133822092776564 0.79165247130117156
2737 0.9263180195082138 0.31339410597685929 0.48131440411629428
2738 0.059176730398357927 0.33399018465747432 0.58760761254827354
2739 0.32736615140475772 0.5926664394575657 0.063872986346122859
2740 0.58979057554429415 0.061251933792434481 0.33451494215464861
2741 0.40877317848565214 0.8053638292036378 0.51575023909002637
2742 0.57713155427651597 0.18817719891645543 0.068943524754237054
2743 0.068413852824833379 0.57804697827969542 0.188713728127372
2744 0.18867014789256997 0.067862730659734721 0.57752470771895403
2745 0.39752712241060539 0.9196867896811225 0.75029907440102328
2746 0.36653702138769512 0.36886943150100671 0.6380026260592454
2747 0.24046095931142225 0.67896420466874141 0.44589886906120241
2748 0.081050419090856612 0.17624081396635707 0.0598618899053137
2749 0.15905566012311412 0.29566810509918801 0.49971001589113273
2750 0.51032044591361703 0.16555447902337717 0.29669302706426193
2751 0.28870546218598953 0.48824118792128035 0.15502689158475119
2752 0.87076204373514376 0.80268115985013333 0.28769334568413857
2753 0.40502701600447094 0.72249165455831288 0.48656875311112974
2754 0.18937049026839922 0.92692484286883414 0.68480566636242834
2755 0.41222053514044127 0.45741532557674747 0.63442701975807247
2756 0.185305786904265 0.067038510730600076 0.067146375894275939
2757 0.83296932812188873 0.80439293201393036 0.92955268778064903
2758 0.91829309226276845 0.92952956606943415 0.66617390372672336
2759 0.73042267896007607 0.50025877743655478 0.31629941334010819
2760 0.82166608649825801 0.66558845740894512 0.68076664809753229
2761 0.34013083525803722 0.63582513519082418 0.22484860878867949
2762 0.6361068354135303 0.24718267489246762 0.36212979256756689
2763 0.31474218918475799 0.55977024323615721 0.51245100316820169
2764 0.20307189055991842 0.89196333881361611 0.93825290597512012
2765 0.52410989319142076 0.92555253180960118 0.65564939309312897
2766 0.79798317908797112 0.43707133371459533 0.80535803683670848
2767 0.36096327947022533 0.67737363282565954 0.60076080699278922
2768 0.18555092694140235 0.83058018154336344 0.45071718745402084
2769 0.83509802185428428 0.43731735335688832 0.1944056209052353
2770 0.44254606707536703 0.19185017394083437 0.81036122689179968
2771 0.15841843341718473 0.81380910909595328 0.72856801818528194
2772 0.49514409394790337 0.91046831656119553 0.83167708929594886
2773 0.71328739255263784 0.16366649158052266 0.81392684043155361
2774 0.30091575910962814 0.48383571147132975 0.92914607762710033
2775 0.84937354797588949 0.33615280745518816 0.93299931866391805
2776 0.81139926868354983 0.5369352761670716 0.069040617991552158
2777 0.53409353258681025 0.070096755689031037 0.81542952831576154
2778 0.072243386065324794 0.81152832855817436 0.54167138973506002
2779 0.32880135562845725 0.34424821298912628 0.18924871068647547
2780 0.54082320908623871 0.54677724299574371 0.18982251204001072
2781 0.56908822837878426 0.17405330133887434 0.54330445955421114
2782 0.84524638462675172 0.46220470213809595 0.7378496936753427
2783 0.16285654962278731 0.18381727778129536 0.56291982104435012
2784 0.56848577926539301 0.15406727922989982 0.18277601340106192
2785 0.18162582575660358 0.56722913076661396 0.15777636477993545
2786 0.08216294670351193 0.66370978145591764 0.8256769328792708
2787 0.87604467435421163 0.82735777376066655 0.7906283754358292
2788 0.22528778645263037 0.33308245183393531 0.61826909513772832
2789 0.69062968514858158 0.35756912632970134 0.56758557952807387
2790 0.27747255316272595 0.81362131194087439 0.79887321326114125
2791 0.4044034138633863 0.80296659765960121 0.80170777918845837
2792 0.40651182862029861 0.45566982818898882 0.82535140546761554
2793 0.93209795991602362 0.94181946193764288 0.53963636259496484
2794 0.18044265494729886 0.80845672228191734 0.55833512285219222
2795 0.83176062749476765 0.16182902688470097 0.49021960144252141
2796 0.48761146331900923 0.83134389803657882 0.16329620708369535
2797 0.066146733572772218 0.17790120727523953 0.84373337443959984
2798 0.17174408614861778 0.84282869064710897 0.066417146742412975
2799 0.84337681229192241 0.065769299278141374 0.17351598159961301
2800 0.81979627367291841 0.077540675438867238 0.66581480084096201
2801 0.6658994507881415 0.82917184977924741 0.081810516348331988
2802 0.70324914423792129 0.77842844631196118 0.57869008205099959
2803 0.73146737683814345 0.87900294871734497 0.20876617166239367
2804 0.17606660210247904 0.49451106939980921 0.837206751887696
2805 0.68669766152396472 0.92073602280041 0.27315134047959272
2806 0.151213395979714 0.27150131854564113 0.18459746881470651
2807 0.49905359185915893 0.81828564861392172 0.71411245161646164
2808 0.064446463689513789 0.38748875981765418 0.84196235231790151
2809 0.38704564677361969 0.84143606828837825 0.066103310433160228
2810 0.84115379196537388 0.066245312046745775 0.38743211662562538
2811 0.62531417235609221 0.15552694772946024 0.70191654468308717
2812 0.74952704519325097 0.84069502685514197 0.37786307711213307
2813 0.69975059194170586 0.61516145548904344 0.15626504647857917
2814 0.61268139895968143 0.58870706281900398 0.93015680125757727
2815 0.57218619558235861 0.73423015165762717 0.18542429517185349
2816 0.62849222513077896 0.8908165305605279 0.93474234156575298
2817 0.73117936219740443 0.18525606617642557 0.58553916164590869
2818 0.29080150060789389 0.48951821712730048 0.78595415483686637
2819 0.64721673644047595 0.72582331638986641 0.93678925845637973
2820 0.93401301802208148 0.2139656426656949 0.93928086619840512
2821 0.17887409628820986 0.25436419366433349 0.3655663081120728
2822 0.60400095233785633 0.17926524416333062 0.93338883001865458
2823 0.87663180695479892 0.92783001996916892 0.34003015797966296
2824 0.93819175126367549 0.94013461258143227 0.20964765798013785
2825 0.9329462665412499 0.61047895255899531 0.18009018201612828
2826 0.067495278876851111 0.074626809857138973 0.805442397069424
2827 0.81089030937028617 0.069864545655344945 0.089248604478965973
2828 0.078751943749316849 0.80634569229152131 0.068754759599691739
2829 0.61273176991908851 0.70020195185230405 0.62685122815218741
2830 0.74020905929040948 0.59682350742311296 0.79041862139350516
2831 0.92418318557663803 0.29372366399976463 0.68298484400083814
2832 0.79040016716762174 0.7269413280920165 0.47972633639771434
2833 0.57921389089653785 0.79382699019454739 0.83415220462759943
2834 0.41761004364434967 0.75246241888380228 0.92657061470724944
2835 0.94273031833518361 0.68788735027408943 0.81472281029952964
2836 0.06908735777221045 0.92806909453700748 0.82243670142008751
2837 0.93091909078557433 0.82460125115751037 0.065486555510027258
2838 0.82317550688904573 0.064706140209491725 0.93401609366200244
2839 0.076946446296878745 0.54154104495454436 0.9308603296054877
2840 0.81736055842609923 0.50600846808476652 0.59968924236050558
2841 0.55782687500050632 0.80333118217881949 0.51408345708290282
2842 0.53869500481088228 0.41409960649466149 0.30333536207625639
2843 0.30244082755009527 0.54334760752262845 0.3958298288447924
2844 0.39440686965554994 0.31233164973010918 0.7047139919058043
2845 0.5604740024246514 0.64317734094457557 0.84454649185048192
2846 0.062884156434196037 0.38559729311374713 0.1757229730082365
2847 0.38099201690689144 0.17838996937352614 0.063297394586203148
2848 0.17768259915747156 0.064563929634674652 0.38101833948463093
2849 0.93310581524834246 0.075703843224574963 0.53178411166904493
2850 0.53208159704371327 0.93358111239591579 0.077322877593933068
2851 0.33191392502564315 0.93741007968355694 0.72642687341788215
2852 0.42937328230956728 0.32355472689246162 0.21093612379469398
2853 0.20330358803189383 0.44114290941690731 0.32342682856447014
2854 0.31766466948340449 0.19601401145318423 0.44992337701494534
2855 0.81454551888041105 0.064027184374764595 0.29913075965674257
2856 0.29864267592698945 0.81457241912129064 0.064315839927998442
2857 0.064505609201999131 0.30012929220353246 0.81547763374142501
2858 0.82629706965150262 0.59264236668076109 0.69885278855956245
2859 0.3553555924638096 0.54561933704770182 0.9341824164272724
2860 0.72993482494820949 0.81359620279764522 0.81412639827211608
2861 0.060494034129522409 0.93541764325604548 0.9212315533587303
2862 0.20239813174024829 0.94016524247075528 0.40356036780830851
2863 0.27742724158299786 0.67635039891910942 0.93424533313781932
2864 0.070334871527435575 0.53433993090159959 0.80705086234578383
2865 0.93583593454059044 0.93696914811425014 0.054468610832482757
2866 0.1937101730847208 0.14791001372555052 0.058531334367636891
2867 0.63442632172739 0.83665809961746673 0.58324219563776336
2868 0.92277278287223807 0.053729925717727833 0.94399542411309101
2869 0.48616013641074823 0.30547591763673282 0.56458911774692078
2870 0.70536550455971259 0.20000985379515229 0.49149481868608119
2871 0.69244041672797241 0.93644398745287161 0.7517405772143978
2872 0.48621358091900369 0.71243735451327328 0.20001081240408702
2873 0.27870797196112257 0.19989154831432185 0.17033677106261993
2874 0.38267702687345651 0.070169062344679511 0.82223089669808513
2875 0.82126137586951431 0.38721851861624962 0.06606458578934421
2876 0.065869491116666234 0.82176413952676919 0.39036358849429204
2877 0.49652271917052099 0.83378609956886585 0.29201819927103695
2878 0.05630276015357235 0.073418644395039631 0.057909400702328813
2879 0.84217871432751257 0.28687584105853209 0.49297534814638155
2880 0.415394126082198 0.066148104413978948 0.17944559728247134
2881 0.18062497034229888 0.41060458416955692 0.068090121309594742
2882 0.063197411965154396 0.17965844476783971 0.40574653405676914
2883 0.073675923858716505 0.40042910521906633 0.44838429274417652
2884 0.44647556814419032 0.082118047439533298 0.39696484870591231
2885 0.39193394424624939 0.4329190637217703 0.063754674030205821
2886 0.13171645804642204 0.76115623528509879 0.36728596629368515
2887 0.75355110508289591 0.37113907164818521 0.13010005354158985
2888 0.36416976431821596 0.13247045296803303 0.75510775635476324
2889 0.444081164731982 0.71514770666853478 0.071500177616795779
2890 0.070844736976243369 0.44816689496762174 0.70538577664250612
2891 0.71337753366427237 0.07150326177652809 0.44509938179599373
2892 0.93504548810286547 0.75050748462749572 0.46852806061462654
2893 0.17892022370572028 0.57123310454980969 0.6893730009683573
2894 0.83587758511524268 0.37219423863176293 0.597942287297898
2895 0.84325935783345274 0.80593673248271736 0.60139012252571045
2896 0.94304689577609258 0.94312613518412425 0.94350428101776651
2897 0.80866910281670157 0.065982630686286306 0.53688569055601865
2898 0.44925302884121132 0.17993825612582459 0.72775695209012337
2899 0.53630617515994694 0.80954111363985304 0.066393632661495131
2900 0.06585412462332034 0.69494660476943337 0.503148068472692
2901 0.50214827430888542 0.055904334707553759 0.69306960263888706
2902 0.69047036510796633 0.50476411085256423 0.06658662816456612
2903 0.072449363712857637 0.92477905559139051 0.31728376472069081
2904 0.92724341613831907 0.31260099392772256 0.069484083110177688
2905 0.31224260992063341 0.069230517881543593 0.92744020700838625
2906 0.056463910453269019 0.92153246201210148 0.15345763809551444
2907 0.92055792137767378 0.15315335944239167 0.057164592407300485
2908 0.15449378660869842 0.057046082157704507 0.92215249133553479
2909 0.93045545448078382 0.48994013933732972 0.5320256590839425
2910 0.87049793025191757 0.62410925023577613 0.43714760449106876
2911 0.56748192757065385 0.32787920032935169 0.93025228090554579
2912 0.67514032238442367 0.41377325449654967 0.16718233497198309
2913 0.16893884112497295 0.67521000050724944 0.4164380311485642
2914 0.5931511028733536 0.94133385549418769 0.48161838410102631
2915 0.32001634612052299 0.35201845089635564 0.94149732282323806
2916 0.51328954971677188 0.0724053537329407 0.93822768796498079
2917 0.070194608395849553 0.93762082418427672 0.52614145135723467
2918 0.93666131333502312 0.52041104240074232 0.063777903817366935
2919 0.17855480066974916 0.30072151393312818 0.93980374028973157
2920 0.81409360621547788 0.81212971649475452 0.71751169513924185
2921 0.30453302198298488 0.93305767441817689 0.18232592405570167
2922 0.93842676889240939 0.17808206950921382 0.30114988869333681
2923 0.34443811067915597 0.92312308816530286 0.88373533325414932
2924 0.68419604253191091 0.57555122141914128 0.94417240195236485
2925 0.69908600576989288 0.19552558846880683 0.7197745138324998
2926 0.76006105603077967 0.921112533741549 0.64725327323920867
2927 0.92902204737810556 0.73866863642922354 0.62362219074890546
2928 0.93973344343253817 0.58163172077055736 0.64651493326223253
2929 0.7112745607001727 0.69587198136452366 0.18953425341781327
2930 0.93985038431965318 0.3661790076318916 0.35153385003247056
2931 0.35712748664583288 0.94440539489123154 0.31607479579810888
2932 0.7778556132917378 0.63494242788511401 0.28412997812792784
2933 0.43548457301722565 0.24567629411046715 0.45718538940549908
2934 0.17197757312764175 0.68591451259168168 0.59654072104686562
2935 0.066719213497934721 0.082758629778880349 0.19207005406347344
2936 0.74596886923053385 0.47409150032227698 0.92971776095155234
2937 0.52532183938728017 0.94141612671633201 0.4558362315147706
2938 0.79637952688453373 0.80305671232526366 0.46314377208067248
2939 0.81373624408038558 0.71689910455892647 0.14564389931928814
2940 0.27468300034339238 0.19164326585964345 0.85875403530845584
2941 0.18434323836503758 0.84183227950133577 0.25733705962120557
2942 0.86022715369619662 0.27074383999332757 0.19334239111334026
2943 0.058519235695469157 0.93982737673176642 0.068493089184499589
2944 0.94086219787876746 0.065152956136085127 0.057363260099936302
2945 0.065174790242531727 0.056361005683773169 0.93858773643401816
2946 0.61294832235906793 0.92021524505407082 0.32635366735906213
2947 0.61792534338657001 0.4210131920788166 0.86287155608200061
2948 0.2956000747067693 0.057515148799933129 0.67186784095984686
2949 0.057531677894040928 0.67198316728004992 0.29579406782115297
2950 0.67147884188173967 0.29597126884985475 0.058171391701732293
2951 0.064320750327630877 0.50722831983204242 0.065862616882039302
2952 0.50910108744598814 0.064983608390093456 0.064788199919127973
2953 0.065471932302056252 0.06388544137130725 0.5072600568341652
2954 0.24626318142622322 0.46601622654267882 0.72149818385944975
2955 0.81525493905827273 0.69509255809809845 0.84214303540456126
2956 0.7486709536609657 0.07875528309314006 0.70229915889743499
2957 0.93247196511047103 0.17319651915199541 0.42276609492584316
2958 0.71046378266655685 0.77025110232858229 0.069719062023487668
2959 0.42242811293778959 0.93141090362532053 0.17451975889126997
2960 0.66079634636904383 0.7680507173412664 0.4568321408195028
2961 0.17796734370492434 0.42683475688185935 0.93312798572358258
2962 0.14826235689707234 0.47474782568143975 0.55758348272900282
2963 0.82741226929851119 0.75893210850159032 0.34013628792323569
2964 0.69906378737589425 0.1212109587490551 0.059166490985201929
2965 0.058815144261725565 0.69869627942987111 0.12156439916477747
2966 0.12148845958314659 0.061246713664973834 0.69801987572728763
2967 0.1697701522770155 0.34634023832435712 0.44385579539132825
2968 0.44533411705805859 0.16348332210917196 0.35511156417855783
2969 0.35969897193351219 0.44509904724168325 0.16897887606884793
2970 0.48652345925902551 0.70843513339821984 0.81890849329515414
2971 0.56010022534539394 0.28451155596713401 0.69018059137265342
2972 0.93483224283336952 0.3879852649811612 0.44159793591181284
2973 0.64583174568897972 0.92335268374767754 0.60131834960676422
2974 0.38752562722032319 0.19623215059584337 0.24677128188719405
2975 0.46299507153278485 0.77336212774300306 0.34618676531526077
2976 0.2952506569791965 0.65673618627008146 0.06520705082763889
2977 0.65632759936098428 0.065591269115887862 0.29617003715687595
2978 0.062853278419967101 0.29791515235530308 0.65648652192062773
2979 0.94441312712418901 0.58349619589508139 0.41976695715821616
2980 0.2980639402737531 0.052520375910906261 0.4119973634241218
2981 0.047818252305584771 0.40895338984976654 0.30591262882772141
2982 0.43836638453109689 0.31735591637235389 0.052592496348580736
2983 0.69966028201514474 0.079430296311366569 0.83408296692579442
2984 0.85822085171748375 0.48603800436345368 0.36813544102254303
2985 0.14512273540936912 0.1751727873410267 0.2695837719120156
2986 0.51939380921230738 0.20001960709492864 0.46592605915523733
2987 0.46649727017088055 0.49534067196111697 0.2003798503238681
2988 0.1521767825000343 0.058810102996874065 0.18104834615262352
2989 0.94476902884938918 0.58563216138545648 0.3202198810918751
2990 0.81267522702074491 0.93039890483986609 0.74887887914759077
2991 0.061917580897216648 0.15927540645295568 0.308307478246582
2992 0.16002754697798743 0.30924012290315156 0.055710849245781777
2993 0.31581809230318397 0.062888620973335765 0.16994022092834515
2994 0.062003452311773968 0.63498932202670022 0.45004061769964926
2995 0.63396375544802486 0.44929436745917906 0.062098850140445215
2996 0.44818876888955528 0.064360138110197293 0.63686467364072008
2997 0.75021803753175842 0.69848961234546858 0.93720102410845929
2998 0.3845229779636124 0.44430665864662511 0.49176364485709617
2999 0.44948434624258699 0.47627398687154249 0.39218249224948115
3000 0.84740544780041616 0.53448215702140844 0.93588459240339095
3001 0.070709157129929312 0.8268170162744386 0.69759141830143478
3002 0.5406949407176177 0.93359411510021739 0.945112221034074
3003 0.47160455771350573 0.93866818904579574 0.50416974640471146
3004 0.14171931468192875 0.73966400409391941 0.50036873103888579
3005 0.27161570943812635 0.56422017099700383 0.82091958923822628
3006 0.43386194861812438 0.84553958089894787 0.64659448030085098
3007 0.056638699596181272 0.17240004964660352 0.16520137539015256
3008 0.8519775815041376 0.63077079518572976 0.53161013059385132
3009 0.82499782393428411 0.26164885286973966 0.57331685895005136
3010 0.57268223232880888 0.49331342726058347 0.692986267592549
3011 0.37650537302428222 0.38217178289421394 0.77887040999569224
3012 0.94025846212621966 0.75958891931653394 0.83137829140887043
3013 0.13668914548246891 0.31585312374489349 0.62291533465662108
3014 0.32502253077433158 0.62187909679680697 0.14191109435446123
3015 0.62494028509657418 0.14477826780619132 0.32838436357063766
3016 0.94064551156739029 0.81148474264671944 0.1513683954880034
3017 0.80921044865458125 0.14991364884683037 0.93619758316671842
3018 0.72612726122152971 0.65117004711531612 0.54737534289779344
3019 0.06944032007897892 0.51341881111857701 0.49027551681930764
3020 0.5180268796621128 0.48340607086465787 0.073865652890367714
3021 0.48317063774561969 0.071446643090327916 0.519073373494084
3022 0.93991441517249363 0.18698824622086579 0.72544846766339033
3023 0.33336171038314522 0.7419523277936072 0.93958460704885738
3024 0.67063472396367585 0.62614485926108965 0.37563199071468184
3025 0.94455681779888467 0.18698690984529892 0.14592125104319578
3026 0.15010077223799506 0.94442170698178474 0.18511674768060624
3027 0.18689992227884475 0.14627462227156843 0.94470445776214684
3028 0.084181256208280375 0.71091715810186784 0.7553547666568452
3029 0.87305771377084163 0.74698596736781853 0.51037453577080172
3030 0.93334104647657901 0.8182007721857173 0.41924370224538043
3031 0.55793106574121887 0.77052790785306469 0.59046463880179634
3032 0.93618613504611603 0.67343400583311619 0.28838201346590775
3033 0.18644736434177583 0.73242510740679001 0.94341340631478532
3034 0.67915070461046168 0.2977505539671188 0.94553757159756358
3035 0.21956972763626648 0.31391433896779908 0.6887823567182082
3036 0.71423599619687506 0.14541939868098727 0.19113227677152503
3037 0.19050127602342196 0.71375576566112697 0.14511239366320167
3038 0.14378660821572986 0.19655929993040105 0.71079478346264968
3039 0.6522837733364123 0.18196578481077455 0.24876752233499308
3040 0.25411637943215598 0.64979426742292834 0.18197468421418228
3041 0.17762159994961779 0.25213641793256863 0.65230433320668257
3042 0.68175833393622365 0.22535326255436741 0.30210474166224288
3043 0.30680489218275625 0.69235278155749869 0.21236342903273961
3044 0.57947667191268448 0.49274482331550223 0.30255221444637548
3045 0.27033889762831353 0.17010119718055652 0.65100698380765376
3046 0.16669441051002917 0.65665164574587787 0.26674739157556804
3047 0.65069545844084231 0.2677056821615858 0.16920778971478345
3048 0.65303872173964206 0.7833801626154322 0.82425999204832712
3049 0.94126288955934778 0.41017556804855043 0.76359161166595035
3050 0.32613429652384962 0.28701866121208341 0.06437941288237671
3051 0.058154344488125106 0.33089069444890057 0.28065552263692262
3052 0.27930713105678551 0.064561564736813556 0.33845221094972683
3053 0.13280621289280695 0.68504564160137138 0.085331335861430227
3054 0.087230106281318151 0.14051057944063522 0.68288452356477125
3055 0.68552132365797724 0.085193410721242854 0.1330295954941792
3056 0.17522912162343668 0.54122881785839616 0.62055814863440084
3057 0.71056694185379665 0.42866819218458896 0.67887905995636477
3058 0.30007411972486209 0.73932106096862082 0.058532259812090044
3059 0.73925851296019607 0.058557221761311187 0.30060767278642542
3060 0.058977153773028076 0.30243387951537981 0.74055632578509456
3061 0.72384508135785575 0.7168414952428509 0.70440724425767298
3062 0.82870952986362056 0.23026934309719108 0.36472323851380711
3063 0.36346542608831151 0.8270622935722417 0.2265193781637051
3064 0.54757381325165055 0.60475021257678185 0.14885736679886746
3065 0.44534844405795615 0.41375574246963864 0.22481298573810185
3066 0.22201383302870611 0.43622220896409125 0.41653953855993797
3067 0.82213644130937946 0.93407115264146667 0.61394665779120305
3068 0.48787152442514159 0.71509672478246744 0.5923354179648882
3069 0.1467638653952259 0.52681019057382106 0.48980539844591631
3070 0.84442844422869379 0.69558003006890123 0.077079212773186967
3071 0.68598307800264069 0.56171297630216599 0.26985085317244606
3072 0.27088388331520902 0.73040305802166472 0.51325076622063859
3073 0.85371290525270216 0.068971844845110097 0.86324525503488425
3074 0.15338509065247891 0.36604111896610686 0.29199065224919735
3075 0.24571760584197086 0.34636035957433486 0.82040345667027881
3076 0.67446447448081792 0.85487931498895975 0.71297193145344162
3077 0.71909283507369681 0.61955382389377345 0.07567132000475725
3078 0.075728526816945904 0.29784662981183829 0.47838723815638434
3079 0.29233069176202336 0.46869328969314983 0.071452784900422381
3080 0.47778820363319546 0.076895543029871158 0.29321693306520052
3081 0.61981275541686442 0.075808282131139396 0.72139760112601303
3082 0.9328247598434275 0.32875956716263166 0.9334835743608404
3083 0.85716680787994137 0.87118967264374991 0.055780135919210966
3084 0.50763935461234 0.54213103711651467 0.93523531444703745
3085 0.45170638014706033 0.7684950183790058 0.85400125460497422
3086 0.94323509569473762 0.44942382280716459 0.60854724109946812
3087 0.44167793723664528 0.23228862691219898 0.1738073822249761
3088 0.16082641071718218 0.45215699332018588 0.24293331788820174
3089 0.24114843002750064 0.15306790390774758 0.4638481595713318
3090 0.62256938759826674 0.5323021501780113 0.068016587881025964
3091 0.53182175909820795 0.064483299936902994 0.62270875935453807
3092 0.067882644368690293 0.62393273058681387 0.53450176740195843
3093 0.084910178221585086 0.83319785737721686 0.84567114409299338
3094 0.25076018833010899 0.82431820805262968 0.94047792086201454
3095 0.064518723365395048 0.72277027775954417 0.62295702998867486
3096 0.41744663146890548 0.14670232559967833 0.67037122089331447
3097 0.55877956666023076 0.86797699543457041 0.71742001042139236
3098 0.71199006609206428 0.93091168832296933 0.93293421781695884
3099 0.76046660341178041 0.29230939426097269 0.68460203421734567
3100 0.44164091039816433 0.65460195439120639 0.18148101682091078
3101 0.93591113556453964 0.69090815908682846 0.74538379356685103
3102 0.64844676958508674 0.18868303304526551 0.43962885402214252
3103 0.23604903461758528 0.43856240126499185 0.19429365709097202
3104 0.28428914824129142 0.92621133104347064 0.94588377257409861
3105 0.81622121065543218 0.84873988978208748 0.5212279033198467
3106 0.84268047064610319 0.52103803715139729 0.83445589496896488
3107 0.18301660845813353 0.32763944389571675 0.22882013867428658
3108 0.3282391346968288 0.37740176612627269 0.32092879615321174
3109 0.32312078134621747 0.32436331330839335 0.38988706902421327
3110 0.3822637439209553 0.31525847341055957 0.33223469129194688
3111 0.72307245638579853 0.48680344603795406 0.15001015948294277
3112 0.4180743013674017 0.82968740349048176 0.71746626258026713
3113 0.94322340240708824 0.75200940214461831 0.28999081379517977
3114 0.30517041466687828 0.13332991046502435 0.39236061722971055
3115 0.61533304328073324 0.64119634714457296 0.72825218034264216
3116 0.45218175766700325 0.25282759967144036 0.93676763893493353
3117 0.93842964750453162 0.46038089314641506 0.25226354308367172
3118 0.38684312343393573 0.66287499665124283 0.74126354411191542
3119 0.34284843527913261 0.83776838952786536 0.47751898936832737
3120 0.06872891382070942 0.64123392863878859 0.75428975430114797
3121 0.7417199195245523 0.30054835501655641 0.94705438345575221
3122 0.22628779851168143 0.42808069509896562 0.55731759155204996
3123 0.41843768656028185 0.93865317333764131 0.55637950384588142
3124 0.94849717778524023 0.76231907022760759 0.70123427723869136
3125 0.31686324395079724 0.51719671993007077 0.71520020621029623
3126 0.18046084521767586 0.45258170131279907 0.62699010290058088
3127 0.59687014148725226 0.23506967937065582 0.65410246347557588
3128 0.9452258403281697 0.24738661667834638 0.29350652051630088
3129 0.28923656566903094 0.94205439260349588 0.25696723540598815
3130 0.24984286986990872 0.29646192741701122 0.94085900131791922
3131 0.35748184916007147 0.23294928110072555 0.8304173849889892
3132 0.84706644816239618 0.34704080737801862 0.24719022612242592
3133 0.23871298920376252 0.86080617208531285 0.30896292274196158
3134 0.68004732462389494 0.67335725570734373 0.59044110241785697
3135 0.85632392340958208 0.34200811256126035 0.43576128854379215
3136 0.73077689749669261 0.69997227201832168 0.27398084116486926
3137 0.24465076498001737 0.65705463191283786 0.62629530319732507
3138 0.33115263917144022 0.05269934854879206 0.73721746099898378
3139 0.73227746762861323 0.34330625710257673 0.05214189809105526
3140 0.052807010117952149 0.73704421393128039 0.33136483418992496
3141 0.15923846341599435 0.74864029780654961 0.63437012026021522
3142 0.65658234835127416 0.24522342547936593 0.83359957435657084
3143 0.055691207664373688 0.52179213639888611 0.69003833652411273
3144 0.36150468606913971 0.76269372518492529 0.73528567261744615
3145 0.69332638391150492 0.056020070259521625 0.52469522391621126
3146 0.52413895422273804 0.69981467753268967 0.059259288512952826
3147 0.88404921458212526 0.64590032767076866 0.85031384127747611
3148 0.94798268186098256 0.50138158361629359 0.74324353931542952
3149 0.93516259274269997 0.7084996433272116 0.94023627535490473
3150 0.8534043982198356 0.19678929707159371 0.29252052088674524
3151 0.28944315361004858 0.85380565745794723 0.2055285731443017
3152 0.20392077416857651 0.29177921361211107 0.86080934040117885
3153 0.72107032779065305 0.93559934491004515 0.5081841045258545
3154 0.71640501476845553 0.14779975538065598 0.42565690525381478
3155 0.53533886919804996 0.68100311610188058 0.47664633065400974
3156 0.4788608321164966 0.68818830640001838 0.52179340563993104
3157 0.52038635481159123 0.60589725000601691 0.5501745546477721
3158 0.42256364368783927 0.71918191891151073 0.1467848127496956
3159 0.38824578743351895 0.47674523191150325 0.94186018908015823
3160 0.72300819634272162 0.80329148375056547 0.16532036716504075
3161 0.15603239260243124 0.94146503200235654 0.77607816192963353
3162 0.48729212985213488 0.14397859280948064 0.52924463805439514
3163 0.52412882715725295 0.48502773834038432 0.14936009559908339
3164 0.14799079059740242 0.43029012571116959 0.70732629494069221
3165 0.74824526198083219 0.84622547803733139 0.92866327194877785
3166 0.41583231316546043 0.52225366209749235 0.056189769669010937
3167 0.050428415563061803 0.40999733006554773 0.5200015701703089
3168 0.52246960722949731 0.058011113320563419 0.41291534691994114
3169 0.67952736754951426 0.44184812745012508 0.940755599680696
3170 0.6997419817319307 0.66420759562744047 0.76053016377079796
3171 0.46837217770742218 0.86163748734980339 0.77553425180723257
3172 0.50260457571259876 0.14083083371443442 0.78097117651626313
3173 0.64842141113380414 0.78967192515977325 0.28439181458865231
3174 0.68322126573710507 0.69152559500091915 0.85109885048817302
3175 0.30548392485923492 0.1335603945190352 0.20284647681305476
3176 0.85745563003743985 0.77606891311335813 0.85033995498528625
3177 0.050647947161854841 0.73634986664077351 0.94598544394516293
3178 0.94813106543831238 0.25383985520698943 0.8116842720789994
3179 0.73574809017805809 0.51496608700512336 0.59302706827888518
3180 0.9472909870667835 0.87770105726666769 0.4797797972027486
3181 0.93904314967608993 0.5323376963498595 0.84025689419046057
3182 0.14338802615072599 0.50144614389368314 0.74158697987325084
3183 0.30689312856224649 0.60664604973863567 0.94267437694278577
3184 0.73577835333511243 0.94661514533998781 0.049731894797011504
3185 0.74817913675371406 0.61232090522236893 0.93504093552468126
3186 0.94615032273751654 0.050463281454783411 0.73596878300197621
3187 0.060728414067243011 0.54144439200300143 0.2707926428964188
3188 0.54238163675944262 0.26944343169371421 0.062319186488372889
3189 0.27009380807469768 0.059267150978308057 0.54115781852008216
3190 0.1304910108456005 0.53323282757662283 0.37616256814529914
3191 0.53148104564700172 0.37245132403326409 0.12889551224844842
3192 0.37247515598057696 0.12084941614206288 0.53222819383092546
3193 0.48614276502793757 0.50028763691422373 0.853514803893483
3194 0.22494983543092256 0.1297605578492243 0.54043888473475932
3195 0.5371087486268542 0.21823789233416652 0.13928590589079376
3196 0.13667321968838642 0.54422475874637088 0.22317947265537405
3197 0.71511898821168851 0.94738466728206316 0.81658044370040683
3198 0.93920035501930454 0.26232770160867913 0.62078992906415353
3199 0.50966021346815249 0.74306777922707956 0.73684446089522482
3200 0.55688944267257023 0.15971532760366991 0.62648678761832521
3201 0.61929568261392887 0.55278429422565278 0.15930812410580064
3202 0.2658364401101766 0.94118658901298535 0.58739047664651978
3203 0.68623858429902118 0.49064775233012692 0.46089372520012201
3204 0.26200833139901386 0.61333789068903932 0.48977220740661881
3205 0.76211720713809439 0.056871266857342201 0.63040689506095859
3206 0.62999797913563771 0.76422455824726365 0.059941482076256693
3207 0.29613556478109354 0.443203530916979 0.86399162031674015
3208 0.68587605707556687 0.64254051821654445 0.66631640003316495
3209 0.80485420689047305 0.85960596694565872 0.13623176638800222
3210 0.74340788371261668 0.64791727661942877 0.40064255431089957
3211 0.24940426718452133 0.2947333187175738 0.055770254177192016
3212 0.054734829031528043 0.25246821814055814 0.29281578438930678
3213 0.28493287750432916 0.063728547242399361 0.25624553043427351
3214 0.16474561983605165 0.32580303253992643 0.37242692553513423
3215 0.84933069083546076 0.14236459066141333 0.80213177159826299
3216 0.64223762950211805 0.70318057188636096 0.1816915376124198
3217 0.94397478657240386 0.92409640298807449 0.30669512092425782
3218 0.68837804478100506 0.16762223197596576 0.6489503403941449
3219 0.44197857347931374 0.69948954921562967 0.63074171005930557
3220 0.74070207933940768 0.94268471315180502 0.17967002542991048
3221 0.22096383945857898 0.83379197652507075 0.8637802552041588
3222 0.94317195511406993 0.1390443327956262 0.59030628882700387
3223 0.79566831441027008 0.85361069556986413 0.85960242630798156
3224 0.14154317265693711 0.057678048928891876 0.82720626433752964
3225 0.056622141188861205 0.81469601221509735 0.16124484631478841
3226 0.82387369541596889 0.151072911217666 0.056896358506411643
3227 0.94368301433760948 0.067856711948105844 0.2980896516035681
3228 0.29798034713123167 0.94359921409063208 0.068055145905147579
3229 0.065067212908968469 0.29186139792168736 0.94404636395519614
3230 0.58248044347487382 0.94674044633145882 0.15229106665981806
3231 0.51154985610619186 0.94103017534581901 0.38246652940042242
3232 0.49618330253133197 0.62045062410155283 0.8129427746279283
3233 0.81776224804135667 0.46412675481690407 0.05743200554904606
3234 0.45941805335429931 0.058823630040943917 0.8123158385267969
3235 0.15715541212743714 0.77807068734214402 0.86283048073990687
3236 0.15265664734932127 0.94975661339275719 0.52513228486673991
3237 0.54663703360468419 0.27573092391345316 0.44611236496466594
3238 0.82959226773875538 0.94474373117341837 0.26426481517886707
3239 0.48450739124780889 0.35236616099623691 0.84661770009592097
3240 0.82930763653570516 0.71109558629879677 0.61853036790602123
3241 0.35188128038078476 0.9471579256041881 0.50022378654314303
3242 0.19220360618025259 0.25929702175732616 0.43638183905621458
3243 0.18315439306776871 0.11994408082808512 0.14776183276318083
3244 0.49129414546219874 0.93414135384364305 0.75964383573541039
3245 0.94771479937934355 0.80942806344517071 0.75017717302492792
3246 0.21674109098589048 0.85078135459826998 0.51341758292228423
3247 0.38277919581422404 0.39769389219848311 0.93305570918093506
3248 0.46068133983787957 0.14156542095941183 0.058323809101668567
3249 0.05350997536205894 0.4624624989654943 0.13943908209780981
3250 0.13926375385887593 0.053125857562627075 0.46213788441056586
3251 0.34203339148768003 0.85106833860905817 0.83952634314504015
3252 0.41581966721281372 0.70332441708078763 0.86332306829161432
3253 0.74117515520084942 0.135906835096611 0.50574463064532704
3254 0.50171748003686667 0.74426964889627634 0.13575089473939081
3255 0.26551736386062363 0.44794724792319313 0.62348427400656359
3256 0.95641237177208627 0.94065580914699731 0.72569932598780784
3257 0.30473223137426797 0.59560345277353399 0.69048785427752057
3258 0.4773579857501874 0.056508926508709388 0.14679606879468751
3259 0.14192874112883699 0.47423853628063162 0.05976536319667785
3260 0.058752299287870062 0.14138620713840849 0.47293957171756162
3261 0.29332684208737991 0.67932537387624059 0.56884718142372215
3262 0.55933833372044928 0.43204990377805574 0.65369196485048342
3263 0.85501895762202373 0.57148343765623388 0.75774937030317913
3264 0.622994059179239 0.94935779111978091 0.26061086991970783
3265 0.37548177962075124 0.16520364348392053 0.32817305022713317
3266 0.94915922655964469 0.82611143800697762 0.28000884431022716
3267 0.59835667448737717 0.24477592641439241 0.57872134876454329
3268 0.85609297431906917 0.20140944200697097 0.86823229955705283
3269 0.85548065054956934 0.18915910118166382 0.14423995099492681
3270 0.13281866425827712 0.85706298912949341 0.19426339712109342
3271 0.18865485522616146 0.1441097441604503 0.85564143419763461
3272 0.24944234639880211 0.69157314324325281 0.77454057874330406
3273 0.94332602637448315 0.51257148783213047 0.4585461890353863
3274 0.94629622214134801 0.46196884982226333 0.86645444630813007
3275 0.26994321916879255 0.72369254177611253 0.69695448630380408
3276 0.20451696218390461 0.31004421554039235 0.13579445870893597
3277 0.93941459726288257 0.74467695316465776 0.16562892205357985
3278 0.81057310518790338 0.50240835725864363 0.29987394614477209
3279 0.73960975117573879 0.16450510663752785 0.93908199947299209
3280 0.052715431684531966 0.53908534273851372 0.60496722256996249
3281 0.59282991325461243 0.07138275466281048 0.52939699275935459
3282 0.5322302940396243 0.60264377025340299 0.0682720411691604
3283 0.65457276082269722 0.84974394701027978 0.15814912534742009
3284 0.64879105946030091 0.18292614094880105 0.77868514964083002
3285 0.052066873092458832 0.73295010676926742 0.047505306667917323
3286 0.73351137516893705 0.048226525950304869 0.052873624807500429
3287 0.056455854094587206 0.070487418947207836 0.72768742310564005
3288 0.41894387918564996 0.55379991459781552 0.24028659561772614
3289 0.05898286003642747 0.8204581412035985 0.4644835319047258
3290 0.67145297019759154 0.73194484015189698 0.64656911724995625
3291 0.85489364538768486 0.47899715468317222 0.48708169511664928
3292 0.77085064517574997 0.65697789501851944 0.17148383251310376
3293 0.74608571711462568 0.55557339914348924 0.72070619160068494
3294 0.8287686347823694 0.73212080612096198 0.93787275443237372
3295 0.83441932441935318 0.86862697347582474 0.42524347320602807
3296 0.056545883747987712 0.7679010152904191 0.85780625176556446
3297 0.44590364866074617 0.33946423063036502 0.4487199096483544
3298 0.79660024647059535 0.35921890477560064 0.39687857143041005
3299 0.94560665761392249 0.35129976600137214 0.14162155134136667
3300 0.34961778483691341 0.14148673287319741 0.9460427635192209
3301 0.50359989518038772 0.4564039889237626 0.94289503475657832
3302 0.85922810274284644 0.055673777552351048 0.77209707016021734
3303 0.76367024167330355 0.85765212472190788 0.052463410209973055
3304 0.72519728497461455 0.2045774276286981 0.86866075973629231
3305 0.30523191941740491 0.57513708860022028 0.18736337801385655
3306 0.19762052203241001 0.27009267691431549 0.56932100421561593
3307 0.58988451909675044 0.19873306213576492 0.30838484851137815
3308 0.1524296340222315 0.86315514737331644 0.81112595086357975
3309 0.39484552525659766 0.74077840572463605 0.32673011362352722
3310 0.79398371249421873 0.49933549647808878 0.13520407156861067
3311 0.44396997678543237 0.3496417975389467 0.64029760695328997
3312 0.16677771492001917 0.38877702405274878 0.513651680879878
3313 0.51129500660587046 0.15176836526941687 0.39853565154744391
3314 0.40838294155473026 0.51745450658164671 0.16465584760009722
3315 0.86208528422729946 0.77117656639666587 0.42212681210818642
3316 0.94596150738933427 0.67424714687433263 0.42598546153983924
3317 0.31590047934281895 0.71969468158861405 0.85260395235264708
3318 0.93692818193942562 0.61559221991158919 0.71640173505717675
3319 0.28852916108380539 0.24572576461830214 0.52979427553401248
3320 0.25138168170993441 0.52556028042947078 0.28218092183448562
3321 0.52400687662700829 0.28208359606176731 0.25158664230626243
3322 0.64810121090947481 0.76096053456763735 0.72544662074246324
3323 0.56228531797706238 0.37921259833521115 0.22131832785950528
3324 0.22738807688034382 0.56175595284616797 0.38421506076520512
3325 0.49052330782114745 0.8154136559403643 0.50742477119669438
3326 0.2669117334112962 0.17533850483376687 0.058188964915008148
3327 0.060964411127413382 0.25666467320801084 0.16746492361660831
3328 0.94904531350087884 0.62279821479681152 0.85949104187959446
3329 0.54881382276885493 0.73338627434083292 0.80158315541416247
3330 0.40092135970318987 0.22605987955365694 0.65011987759107792
3331 0.20637244280104547 0.13300738979238547 0.27574747539491462
3332 0.85111976707002701 0.64777288249264342 0.25183706677558337
3333 0.7350215404103202 0.35861852074879857 0.63965156098062936
3334 0.39196281583259462 0.5674770950465079 0.74044178677350647
3335 0.8683544325458088 0.63562923727012655 0.31436549462997487
3336 0.84695889643391353 0.14532611532885886 0.65097014963342292
3337 0.221349980201895 0.12312803470772041 0.3525973973141166
3338 0.22834153972168308 0.8177695686636095 0.6181843089353698
3339 0.8735318955080994 0.34847800283059266 0.65422065093344295
3340 0.063283972301200989 0.94433485458092548 0.73074253133035427
3341 0.95133663922188716 0.73551552649818308 0.054223924322873873
3342 0.73194282275532085 0.062503673617395658 0.94424759543549774
3343 0.36773375224507399 0.74440117260232752 0.41666680567429948
3344 0.81172667798836184 0.36610832757368944 0.76048149341547988
3345 0.79858249300782036 0.6012672814331087 0.21805001165373414
3346 0.69555638005941023 0.44927795341502885 0.53044783650806593
3347 0.25080623411436259 0.56483899669200921 0.60743119433228498
3348 0.85552391371812053 0.21880548594313703 0.9475895404271848
3349 0.85580360495148822 0.55555803116486124 0.64300755588806435
3350 0.94664620092985841 0.32553839872144735 0.55280271476626452
3351 0.7034082294742664 0.30441424858695432 0.62627542360932564
3352 0.1609074922524435 0.65496924085858499 0.86292358297600769
3353 0.86786876900314835 0.48396008074652175 0.22906835343017318
3354 0.13393157492154675 0.94149379826859803 0.45484414584760247
3355 0.43946501687717388 0.047768168071537685 0.69823061244286611
3356 0.69537808809780699 0.44583570609338646 0.044192665711815175
3357 0.044243551831832623 0.6968286622800367 0.44582571416988281
3358 0.42806776806253544 0.94813555239715241 0.26613551343791669
3359 0.26468756818525285 0.15370269160465214 0.93702345579325141
3360 0.17190559070204386 0.91897547037461769 0.25409132877244206
3361 0.93592739532040659 0.2644188609208219 0.15360999234276346
3362 0.44937788210794222 0.39080051945216521 0.78236940448894587
3363 0.948619501129497 0.26282327646160031 0.42770996260801702
3364 0.43468974691583168 0.84733906956977501 0.3809255075975817
3365 0.83724412485466992 0.40174729395879832 0.93970277764583765
3366 0.93650374575642392 0.38239265993370702 0.67689344699374487
3367 0.67566812767720796 0.36191654756061459 0.28325496434228109
3368 0.26480078531892343 0.42239687650439023 0.9391861684894155
3369 0.78491104108825693 0.46483621457495405 0.66639799448131076
3370 0.14270702325727444 0.59676026120552816 0.9449252132119732
3371 0.7362204336579059 0.27394668600596567 0.37164418514974251
3372 0.94410863214436425 0.51500052687265396 0.66402215921338037
3373 0.44841920971748583 0.93869794714870625 0.6456841146596054
3374 0.44631083717291237 0.28164303521413059 0.37386340511681765
3375 0.36363416172897489 0.43960968783522458 0.28192267721884529
3376 0.28355360053528988 0.3626613616997475 0.45063184941647116
3377 0.20308584648510331 0.73837940895046794 0.55742030762331696
3378 0.15967687212035608 0.67815755075720974 0.34609907865773154
3379 0.67722392575342838 0.34430007767688164 0.15845434964273314
3380 0.34565688679478301 0.15499006733545437 0.6763241025407295
3381 0.56836994578374633 0.95140481788937248 0.8234504478475253
3382 0.53701088421344378 0.77272859274555561 0.36926269087836011
3383 0.27927796291760071 0.68017424027739848 0.3592330391226452
3384 0.14423769995716276 0.62527833490620799 0.54698297947342711
3385 0.067629679277708438 0.2531641199866681 0.061021657940968775
3386 0.33316869902740287 0.054720703763813508 0.49958949151428161
3387 0.056081315848699 0.50006670818234999 0.33535267823356002
3388 0.51515011354801987 0.3345573258543284 0.056604218746152554
3389 0.14591187193231558 0.54677756583767756 0.80054453464188657
3390 0.26414861809960294 0.056384736817624757 0.064090989526602332
3391 0.21032989581908401 0.5496779247139677 0.84792406893829586
3392 0.25970564126281764 0.58239348809409097 0.74250630415104668
3393 0.33670531783839575 0.37715532391378592 0.84875616085833006
3394 0.60278540298553573 0.78276394182320785 0.39983334371358065
3395 0.86237124276155741 0.72960221911398959 0.20431409745366441
3396 0.31352374277767192 0.86433211429380041 0.35888966424201896
3397 0.53001291923152904 0.84719069053010831 0.94365610799319399
3398 0.19760323291083171 0.47608991910887777 0.50030017606485722
3399 0.30232950724680402 0.40252915129614852 0.058154155662694128
3400 0.061091829437563222 0.28683561619135378 0.39281481450138395
3401 0.40014332496891603 0.067762859604814207 0.27528796560163382
3402 0.80030169603728207 0.1427968268186933 0.5456947647639051
3403 0.93914347356964611 0.83611472149613453 0.83918775354993058
3404 0.58084462760927413 0.61027340102021999 0.22367315336347773
3405 0.54316837387560502 0.80067692422148706 0.1453751716332074
3406 0.53365363893762641 0.061938016273149578 0.26455228649296347
3407 0.26415486845036928 0.53023422858513936 0.06090503305355148
3408 0.060419911258816794 0.26640520685920621 0.53002088443504281
3409 0.67966998337947526 0.33732150279420342 0.84067098161081921
3410 0.37765785243984801 0.61269958391585866 0.93970474691010475
3411 0.4500735186633269 0.18837968622572554 0.26560234862143794
3412 0.7432966967081801 0.25391186277243655 0.60116939391099167
3413 0.14345013165625151 0.94267756475242659 0.61294176393916611
3414 0.14959193534095441 0.75627048860378088 0.058220747908415742
3415 0.75663253473600811 0.058400790151374012 0.15039491685505355
3416 0.062553430646115779 0.16624253092942187 0.75313188710590273
3417 0.21892031610852283 0.054718708000326348 0.15416733072937069
3418 0.25544047479369697 0.73839891959021564 0.18563556156707703
3419 0.73692864664840074 0.18793492814072407 0.25814885860232645
3420 0.18698888627038135 0.26103647081151693 0.73935517869221268
3421 0.26970502702030863 0.34132531646076891 0.26105067668642651
3422 0.25429183837501185 0.1527197578805562 0.78530676366965924
3423 0.78466446219774311 0.25286735922946357 0.15550726826364078
3424 0.15143147633516085 0.78070781860810656 0.25410855624680528
3425 0.57422368912909294 0.51767396670675547 0.95014778074903983
3426 0.94276060379313897 0.94531917632644824 0.46980058132669594
3427 0.06560995101660734 0.11411964989489629 0.5428399240397328
3428 0.55561594984399409 0.059283519221241518 0.11092912554245887
3429 0.11062610995587221 0.55370406188224019 0.060295923498513239
3430 0.86052307877654144 0.20928382289911782 0.54222012843707967
3431 0.15620950353174129 0.74234854120943383 0.76510475185443494
3432 0.1407987446806884 0.19692435812946466 0.13615804154146238
3433 0.68402003543421386 0.38752998135067318 0.34766509487312486
3434 0.2679640588312483 0.93657556342766624 0.45883488015511703
3435 0.68295109442756852 0.58926158975005394 0.86636268484697654
3436 0.81057232678135727 0.867424708440095 0.77138389895305093
3437 0.76589536685957404 0.16158719207966957 0.74957498558437485
3438 0.35426525186141844 0.34127517663469503 0.56688696730369414
3439 0.94910948770399273 0.45406886846279626 0.9447409819598469
3440 0.70656943862875965 0.83915100572440049 0.43784945994265156
3441 0.43643275086210465 0.16162622260059381 0.43214150484906705
3442 0.62456802347565987 0.83480822962767831 0.50013034217130492
3443 0.35764295709183552 0.67267303124340905 0.3587712106223217
3444 0.85820014468557027 0.3160024866009592 0.78911371262595686
3445 0.21516442909839209 0.050960078204634177 0.85156616183426503
3446 0.054774338493890247 0.85025822478045665 0.22057075400643439
3447 0.85040546480978363 0.21692342960519834 0.051315212369373794
3448 0.7939800927795827 0.43688103815311757 0.59012180306150774
3449 0.052269362189508096 0.25630624281288028 0.86439051936438838
3450 0.86354503120534776 0.052311815493731331 0.2569713734786746
3451 0.25659807560611075 0.86341265496767983 0.052766145747494025
3452 0.053585454386652423 0.54960038287292434 0.12104274621012193
3453 0.5502403972954979 0.12025324355418446 0.054075768680352299
3454 0.12100783529677366 0.05443207244408281 0.54872220916877268
3455 0.83470347954009827 0.9474592966016846 0.86940347111194782
3456 0.76890790645752238 0.84249640743677578 0.59477878724188149
3457 0.2622861943735369 0.74970022019681515 0.4478460483046624
3458 0.25667276416551021 0.05093466445570885 0.73787493328522302
3459 0.73746350933317173 0.25892433159145134 0.052665259737690977
3460 0.051401528019680093 0.73720008778966073 0.25779929278280528
3461 0.22878568570429184 0.5861906488458779 0.95043665713191228
3462 0.45549836849401487 0.45103034203390446 0.04739082948659934
3463 0.04864902620051248 0.45575491996323442 0.45390904299009832
3464 0.45173576273659638 0.050005385127409763 0.45569325392598653
3465 0.58966845914210719 0.15459576966044192 0.46288038906726714
3466 0.46111147460028834 0.59036017521600515 0.1592781539624647
3467 0.83831442857261129 0.58348753926473462 0.57886126653152647
3468 0.94715212281206507 0.83830141399452351 0.929572569065374
3469 0.38491644973719058 0.94997108770704819 0.38359449286825409
3470 0.84476627594994802 0.93749296215795908 0.944081561686679
3471 0.23865972505434513 0.3649892296519362 0.34051003204506486
3472 0.86422765434454718 0.94605680443819817 0.18665208990951412
3473 0.95271478696536194 0.54352782357000973 0.2656013632106306
3474 0.59335436707452549 0.21258575509531819 0.81201340014767731
3475 0.93894365098762045 0.94771942550301957 0.13155534639875499
3476 0.80555483578028497 0.85272748851569369 0.25511279753820532
3477 0.054211137958562722 0.14459032697141663 0.22444461265760532
3478 0.53776921882746376 0.14686774699013458 0.94178916563772164
3479 0.94091980148947973 0.54270905136365166 0.14155821568381549
3480 0.53221179065857116 0.26684132087450846 0.94767852561013644
3481 0.9331551507542698 0.57221788942370644 0.93284629775625927
3482 0.95099574778822504 0.87461361792254277 0.57196985180984161
3483 0.18599308770517567 0.66589286353496591 0.67196109398497972
3484 0.94721466812543331 0.13191486561132773 0.93524964647325248
3485 0.72818688115500341 0.56169994903016818 0.41276728368956001
3486 0.80140460133082714 0.34898864324574941 0.47785014709554391
3487 0.70682330243937352 0.32810516635673737 0.75248720915307277
3488 0.87049411607439964 0.53961862286936957 0.42892688990260308
3489 0.27952261379301307 0.81478728624773866 0.4899208094816126
3490 0.77350368356433685 0.77191639788399868 0.63400902486665112
3491 0.34387791878154034 0.23676785539244097 0.37260999521948684
3492 0.63360345181195588 0.29543631163096185 0.88534024169134207
3493 0.47509526624904186 0.20133785936378454 0.66388459847568959
3494 0.94738984969463724 0.66482581338663027 0.60243998032094315
3495 0.45657083383566543 0.55823533882006804 0.66659396298127727
3496 0.60653220469317359 0.95296241511116908 0.73484968636858528
3497 0.53207112724798911 0.84904175405930904 0.22098265472161177
3498 0.73279552664171599 0.93963677356024844 0.42135261247816175
3499 0.59429651851701093 0.3871958306241286 0.77770745903212013
3500 0.59841084806925648 0.84691456871917525 0.057028834190656789
3501 0.84635025619996462 0.057583415766368329 0.59985442894849228
3502 0.94603919448722273 0.56906034233994207 0.51833333362172185
3503 0.36358512575674962 0.75560514703764192 0.26552435899587618
3504 0.6615385873467069 0.28239876414766285 0.700812686662312
3505 0.85345729414067784 0.94602387716692316 0.54996794300062402
3506 0.64766224854148613 0.47795662200269123 0.29578425481243448
3507 0.06155546316962901 0.067737454198922714 0.27809804102643626
3508 0.17122186507210935 0.049206159590403191 0.74097522274500349
3509 0.74157412444761384 0.17247155985534671 0.04901655176386549
3510 0.048048384808272157 0.74081785829016855 0.17332622141334461
3511 0.71149344905462752 0.45170642683032575 0.78975375162964689
3512 0.21492068651883084 0.86277024258869739 0.68567534464295099
3513 0.87810980507235159 0.71473433332128555 0.72314025602380727
3514 0.1794572211056307 0.24352565087090594 0.25210778534499273
3515 0.57295212449226496 0.7333531399180907 0.51103214848272294
3516 0.57440010100565031 0.75230079439878828 0.2702799352598505
3517 0.18498354254061544 0.75406217460929548 0.43529133897790528
3518 0.46784244606341518 0.66306273057929355 0.25835449016783657
3519 0.48443901124993044 0.41841752527202808 0.66527284509868623
3520 0.65813467811390536 0.26415045151612909 0.45585194521138672
3521 0.056973871630144099 0.59658908140688305 0.84886396236240513
3522 0.94461407680725362 0.44299186402114782 0.39975864912910619
3523 0.11865739219074764 0.14526147166277251 0.18970883244521555
3524 0.28859306362286979 0.95017676221908443 0.84970129196431377
3525 0.94420866133909531 0.4529473222060274 0.12186893069204234
3526 0.45151131661183735 0.12358162182766307 0.94459034228607175
3527 0.14770810761312075 0.045022343837415414 0.30833109484675214
3528 0.14144147352469788 0.22605282569427432 0.05140099841845603
3529 0.82107657817896262 0.5282618697900695 0.71629168579295788
3530 0.75831430279923939 0.94866459920232082 0.24682850274947332
3531 0.92578558116588505 0.93861990420003028 0.84911276966211169
3532 0.48342422930264473 0.63793149830049001 0.049059977951789874
3533 0.63393036666842817 0.051295343060042263 0.48094399290040207
3534 0.054209595436081524 0.47674652982168442 0.63488310680776805
3535 0.4888053359084924 0.32412626902795472 0.94360212107503527
3536 0.50357762643755033 0.29424176764878951 0.7724993676299482
3537 0.29955331080179692 0.80247531792607707 0.88151892649889818
3538 0.14084816198914524 0.93615899288668081 0.94456951928118171
3539 0.945880770065753 0.49082060407355221 0.32363323353778728
3540 0.58561287232128878 0.87149969217690015 0.46174134082223667
3541 0.68077276710072354 0.94388259083121806 0.67276700741394302
3542 0.34068241375906394 0.59705493091251949 0.44719225172575661
3543 0.52671186455689667 0.61684368428586756 0.70718046943486468
3544 0.55561353921401513 0.70749014900350804 0.32361910536347732
3545 0.36639207755206582 0.70326137727202798 0.061072951559661463
3546 0.7030791260426088 0.061057561441449797 0.36675873669811704
3547 0.061106431103016105 0.36776669413927737 0.70368195696963254
3548 0.49362677164413332 0.94728480952898708 0.2657949870253673
3549 0.95102975654180988 0.25298762836289135 0.50185013119019839
3550 0.65514468981856389 0.71858457921868868 0.39970431119662547
3551 0.5590204388672313 0.6787566189999531 0.14706085295844715
3552 0.4505165556853169 0.7564163001561417 0.26514624685356641
3553 0.66458633267331235 0.64686812247509051 0.22854670702838881
3554 0.67254719570104826 0.14330527223778819 0.5688018515426877
3555 0.12623593896070492 0.229673541675388 0.83497894331328693
3556 0.83402104307641678 0.12545058699360012 0.22755834347702458
3557 0.22545882592989014 0.83354936067441343 0.12690956362914144
3558 0.36331400484402254 0.44492891212849484 0.88472515744861735
3559 0.23174611413482529 0.94027057116823631 0.52399315626054666
3560 0.51505730023355178 0.87262570908540016 0.56199618577546873
3561 0.95400177644670625 0.13540531916543161 0.85876017581021125
3562 0.74018076844188574 0.93896780105731847 0.33567034001886686
3563 0.74879227130222781 0.24502877653499869 0.72687487896807024
3564 0.48188243824507782 0.41583514398712901 0.45261134938327902
3565 0.26125894430453078 0.94457524768669709 0.68066178646805597
3566 0.48552056588721471 0.56171619959348607 0.40406472444438757
3567 0.62964438480051965 0.22058534906292135 0.04957675629269203
3568 0.049431150179361477 0.6298466118848759 0.2209844692164902
3569 0.2208860313943575 0.049484163079961029 0.6296856007386944
3570 0.049311765486131802 0.84932452224337995 0.78488861073373406
3571 0.42249642531982701 0.43240497640205022 0.14863156918969211
3572 0.15366230088124838 0.41785518842998043 0.4431911637969505
3573 0.66250825601384722 0.13165403907878545 0.88378804970368852
3574 0.88728909225485642 0.67562516155476393 0.14158234558953781
3575 0.15090813544620468 0.94887914364532233 0.85644408750653334
3576 0.42276788083895306 0.78566014070713053 0.60319865116124871
3577 0.87718705097051752 0.71067323868492982 0.79869729773849607
3578 0.95088624572581049 0.38093714650876981 0.22215732106480604
3579 0.37341155506241647 0.22443815743553122 0.95239364017161288
3580 0.33891099197485669 0.047941072449979513 0.8605832365831606
3581 0.85987974116878541 0.34073651670442928 0.048058847522048788
3582 0.053793614860231501 0.86277427571828857 0.34342689886600708
3583 0.77341786478847618 0.42664219250996499 0.35915021607711389
3584 0.73264687034676035 0.82440819619710271 0.2603367868580353
3585 0.23526978888634689 0.40624857497253403 0.12442577446823316
3586 0.26477399137338203 0.24831355868259558 0.27717191284288956
3587 0.051444291940326708 0.46302534812566304 0.8465756450141827
3588 0.72995878973184791 0.28807058636765498 0.27497982118218389
3589 0.27232352265986087 0.72836370403755935 0.2792133328399703
3590 0.51669434497604472 0.8409161912827311 0.84705513395775167
3591 0.8454442851642946 0.049821766346520094 0.46040699199695811
3592 0.46027238821527933 0.84563624509732993 0.049942985121887509
3593 0.79955014045363704 0.54849610089810941 0.35849756994169013
3594 0.5354265780092673 0.94710069313921452 0.53148762857746612
3595 0.86262843852601623 0.42929287005612893 0.86563686340571611
3596 0.61093748717528862 0.051307937583110384 0.24104568114497937
3597 0.24047777391270644 0.6100127690323931 0.05125911985423158
3598 0.046590585511981551 0.24948066688828899 0.5999905703720072
3599 0.30104938928923747 0.76805682295776789 0.64942440491596365
3600 0.47188174063396204 0.58367484154424154 0.87052607774169255
3601 0.94440391261977064 0.68766639146716035 0.4938668906896147
3602 0.85393166549356725 0.31088449297205867 0.71906117087809296
3603 0.45965310784153474 0.37198185128963651 0.16075168796541167
3604 0.15726587973937958 0.46591163540517011 0.37393948599471927
3605 0.36670574127465017 0.15139507687055279 0.47076131405231109
3606 0.13687023161309489 0.80442779190351921 0.49538014250066997
3607 0.51579301234770558 0.86977850252876443 0.4279910584462383
3608 0.049224529759684922 0.60546288601277565 0.58912348315725183
3609 0.30933283726191002 0.65549102648301127 0.72863217722154738
3610 0.58750736922845082 0.048623565813379628 0.60449293417095962
3611 0.60542283606382952 0.58804001757083779 0.048698985246910159
3612 0.94808646665736296 0.047111291916308785 0.86028229926126831
3613 0.69959068668146063 0.87629642658619167 0.55662722510686824
3614 0.61634410842895548 0.53870252781085981 0.78570176368972644
3615 0.44163573308408688 0.95143509778635915 0.80589597435656035
3616 0.14123852851097157 0.85923471380401406 0.9537705140277396
3617 0.22424575118674883 0.48647271781630241 0.94802352143609636
3618 0.80272555806106149 0.94561023435874381 0.43385324555449206
3619 0.74265495282543825 0.73072706692726008 0.36372782983732638
3620 0.35097263756038188 0.56657018905562839 0.35732923376101727
3621 0.42066995863431045 0.72617355036144615 0.70523423101396476
3622 0.057102186694518955 0.47608109933731091 0.93394444506265506
3623 0.46967846044599509 0.93597220792639246 0.053448124243134623
3624 0.93594344463554779 0.053191428375901295 0.4696710905639247
3625 0.12170098626922926 0.22669464502016148 0.40182636296637936
3626 0.056480481662615142 0.49921043085931399 0.75430918958848425
3627 0.70787447056029673 0.38161604981095881 0.95139222189093986
3628 0.78216103509663948 0.047415464339998249 0.84931658474883742
3629 0.83755512067047067 0.87679438271250809 0.30723214849574421
3630 0.27440150018755305 0.94747730644350769 0.76300213965346753
3631 0.63508143108146542 0.37829412388580647 0.22415363235442326
3632 0.76238594657247949 0.21596492589411415 0.66119731285363248
3633 0.60442326992711215 0.70341668497908993 0.050540276039258251
3634 0.85410775130902195 0.30460246240573963 0.36650419622137287
3635 0.3240083203449004 0.94813983956398018 0.64405312989339747
3636 0.050285817843524483 0.60542878293985569 0.69216442646812626
3637 0.85555338246168378 0.95078473271917707 0.055154636520632343
3638 0.94865868061488334 0.7108029264056821 0.34755708878171099
3639 0.36476275176746187 0.84145674634875611 0.30984929782018039
3640 0.25273293594167939 0.4980946401027434 0.84042938431449565
3641 0.75606790813702196 0.054554743132195056 0.49991968780881041
3642 0.49919868714001375 0.75785954739195638 0.054703116275248848
3643 0.70163305156156808 0.045885613284528844 0.6054688635852733
3644 0.43105482971036635 0.44882735811847191 0.74837775400327566
3645 0.045046842495889562 0.85828625362233901 0.95373059759662226
3646 0.33097764839480381 0.54446332234752581 0.12601704410156059
3647 0.55097993808605472 0.12628974684720251 0.33145407834833213
3648 0.12409090737222857 0.3290284429479069 0.54539546534702754
3649 0.68977231564329133 0.86581450279721173 0.9501337570780759
3650 0.051151032627553487 0.40455666541519725 0.90442460788198364
3651 0.40360730088217911 0.9055801676707238 0.050110471713797199
3652 0.90556869834792786 0.05003983241252128 0.40368480203210444
3653 0.40935048032769511 0.95494527140609786 0.46246953597224882
3654 0.60463192563347568 0.86301544851880363 0.8227303185155701
3655 0.46724166928711297 0.70384030346688387 0.45027807437992612
3656 0.83762542271893337 0.94543207723351874 0.68084513205264607
3657 0.87174516160019944 0.27320587273921298 0.42498085582149209
3658 0.87998974102159466 0.30980955879871958 0.59879173887831749
3659 0.80438913475426099 0.69750259028551931 0.3127917486349151
3660 0.38072796642194617 0.92443150790306072 0.93653807569620284
3661 0.93948894744103928 0.38586150287640103 0.84340957389003923
3662 0.70008877295316752 0.63133329853998732 0.29557624421253337
3663 0.21952035498916161 0.23732615787499747 0.17250400584171627
3664 0.17224105392737918 0.39378811293861815 0.20733035192854621
3665 0.20521725815571018 0.17867592526567297 0.40749900858793703
3666 0.3765552250018192 0.60599006149023049 0.79956263198015975
3667 0.62617245874424277 0.33852063246293745 0.33960752716256654
3668 0.94131786786602412 0.93481526489562339 0.38079596304325453
3669 0.84608627880496212 0.78838944431033731 0.04837886385816785
3670 0.49295204662419528 0.86122993381415036 0.6473095860930782
3671 0.94262810256343632 0.32369762318889994 0.74143657325193602
3672 0.63636968670834959 0.95168549739947605 0.39768057450978184
3673 0.86497194471702343 0.80446739741478135 0.14495783271538332
3674 0.44039388600509422 0.86004314883845689 0.54793653267890863
3675 0.51236218657761134 0.95039432979349792 0.59443618277958243
3676 0.36357418422656601 0.67751827484603699 0.15662400392073875
3677 0.45421032355666113 0.49952651152365984 0.94623990773190092
3678 0.59457182911001116 0.23581440049885985 0.43122095666291566
3679 0.68124868955332918 0.15496622499259324 0.36336237342040828
3680 0.10391383756141072 0.31568754995326359 0.13443113917518293
3681 0.32081742672875962 0.1504846780253935 0.11224682459785738
3682 0.36350105673767386 0.45784434004395175 0.68861060813633335
3683 0.45002121663966527 0.40450434484325887 0.9459209804699118
3684 0.51603190251639597 0.29076727208426989 0.38154968952609974
3685 0.49251021278716789 0.67651814624833218 0.94868064516987904
3686 0.39601730902699134 0.56164339677257258 0.10867470701790474
3687 0.56558043473204211 0.10737083038151726 0.39023410805128345
3688 0.10453220070335867 0.39224535358195395 0.56024508546192531
3689 0.69790516476891151 0.82128990928165702 0.87874455188263956
3690 0.54831931543192303 0.82784979299284733 0.77824661947629425
3691 0.75599848231503686 0.4840414593793772 0.84936378141105207
3692 0.54339460182326405 0.35875381267973511 0.34493349018186048
3693 0.79329849206967251 0.15563970590095616 0.85461017328923239
3694 0.83130936775781406 0.52733654191386781 0.52893293139738307
3695 0.047581026440604399 0.60239902501025733 0.94468054935453294
3696 0.54017826306087924 0.4237348113724998 0.85701345408023044
3697 0.69375108382452311 0.56046309789229176 0.66021664290529414
3698 0.29722854568668905 0.85863568285708536 0.44011452901417986
3699 0.86387870049302373 0.45855289690156525 0.3000423229780711
3700 0.94448637094505827 0.04780967004678989 0.60087491392423908
3701 0.60066824145978626 0.94482580069059097 0.0483902889919487
3702 0.60057930424661754 0.79336106987107302 0.11725857973209892
3703 0.95597876279734784 0.12958491419823709 0.76772522960555944
3704 0.42060916109259605 0.82826139998143988 0.94888770660694799
3705 0.48275873144917925 0.66155918839889338 0.86715884177608737
3706 0.48786186301595758 0.77740526925786768 0.94782671697144638
3707 0.3746949144932929 0.51469191486994248 0.28728637429545661
3708 0.55763483308852646 0.78595033222698774 0.67607718828098562
3709 0.79873086970879448 0.73551946540897584 0.69714343115874611
3710 0.83189303448475105 0.40005662342257953 0.70965781871494538
3711 0.78800433941153658 0.94558614997748591 0.50224885648137707
3712 0.15462489807961727 0.36717248256621465 0.67015478887653501
3713 0.44856850702679685 0.29621200729525959 0.85406867390031815
3714 0.84463966741192342 0.42909952739755336 0.12551817146615185
3715 0.13179943358930357 0.85712033929563514 0.42648257737111733
3716 0.42739553828449445 0.12858142891846877 0.8431064737921431
3717 0.31964984235004729 0.11693314451354311 0.8752616409442705
3718 0.8759214295942761 0.32068164061148996 0.11890420336260962
3719 0.62077696934140081 0.40068263604799897 0.11426162787106771
3720 0.11441744759649283 0.62298215773214904 0.40342686134137101
3721 0.34069794399982056 0.87046842150852066 0.67964137109561307
3722 0.30849956701531428 0.8662901312435749 0.94830999632306545
3723 0.34935502130367574 0.2858589029260829 0.63905953466123622
3724 0.7547441087482758 0.41184995452394269 0.047740420996778915
3725 0.40790692126675404 0.046370288767850619 0.75649788160997822
3726 0.049978706489387376 0.75538952969385431 0.41120096248776838
3727 0.48833894287160862 0.94929856225694198 0.1330151926926679
3728 0.95105479845925756 0.13001048717948252 0.48862321280419174
3729 0.20402731900608323 0.49285124516663709 0.67208975646340507
3730 0.29128476467554865 0.39337238335728303 0.51993413534902577
3731 0.4672448638728951 0.58860609133880426 0.95172481932686137
3732 0.13259185590958905 0.94986399195508797 0.10003640856787056
3733 0.95029969062695674 0.10001393281014055 0.13312861557893063
3734 0.10009792890186969 0.13186667052045739 0.94998117506924606
3735 0.28989598871144612 0.28135532616254816 0.21204178483033861
3736 0.13187296890777489 0.49310186546850304 0.94968913920721376
3737 0.28435449118857031 0.87608061505852253 0.7287151506612739
3738 0.13964861217560823 0.2210442467559651 0.94536532172307686
3739 0.13461514658354595 0.95132667379709634 0.70678999687403543
3740 0.87250687395246262 0.23958107452647773 0.81262463564357856
3741 0.22691593387776871 0.94695188506325134 0.14233780644114738
3742 0.9460302573213597 0.13869084164961104 0.22117061150772208
3743 0.88048600658893328 0.86551799423476872 0.95192821810063466
3744 0.20424007377138445 0.054021757220960469 0.2420754951402935
3745 0.55068862824832143 0.54954861276917011 0.35773986436464117
3746 0.41637821775608591 0.21549632442163974 0.38613074135605735
3747 0.25117711209763072 0.75501115067872027 0.83004551670214632
3748 0.60129906323386784 0.32072856821331047 0.46666686418648062
3749 0.053546240500096105 0.6458202517849434 0.63536212743909781
3750 0.23591143989981861 0.76748598183956707 0.75169553071684414
3751 0.79886957397649605 0.23495128674453866 0.25225469235332826
3752 0.24498024153966516 0.79411789630124729 0.2395882272275546
3753 0.24412745420328735 0.2558430850389507 0.79979442188599026
3754 0.6888462026868537 0.49876451005286021 0.95427506063409073
3755 0.21985396753446787 0.14303218113002994 0.72535843988530924
3756 0.72495120589407547 0.22022602202834693 0.14278991497617047
3757 0.14117418531512618 0.72469703382032058 0.21985636905312231
3758 0.86515749133583331 0.49310602958573857 0.6567451984683752
3759 0.72965284797126662 0.94780129962721438 0.58827543534471005
3760 0.84349280472764099 0.95667152640780462 0.80548228097983776
3761 0.13075096203357756 0.76651817477749773 0.95575732342877606
3762 0.77015590662967781 0.59102552251617968 0.63853908311515284
3763 0.57736417979942456 0.6505729543052664 0.30067323846123029
3764 0.40664918338519446 0.60257905531979972 0.04863767833517884
3765 0.60600815857604007 0.046488962483348974 0.40978567311993352
3766 0.048512401002321556 0.41524512925986418 0.59923517518154013
3767 0.24043456710554845 0.1990547002609433 0.23836047445580266
3768 0.91436799437981375 0.94593994256897818 0.25802863000095716
3769 0.25881653707566016 0.53291469033703709 0.53784966332443107
3770 0.30584945696005311 0.53556939756636068 0.58507939579658619
3771 0.57290997795288245 0.5055826000354261 0.58324524747904694
3772 0.60067010250294939 0.88318896510248834 0.2246123845103917
3773 0.72024493932416256 0.49638899914788165 0.66832559576746908
3774 0.95086588153183138 0.27161735711080243 0.92136195754078054
3775 0.88159672286445523 0.35153831183263889 0.86662167731962714
3776 0.94766621244613813 0.29386304182181139 0.35008696010162199
3777 0.6923386195537391 0.79125136861843237 0.9488051735739913
3778 0.35909161978928406 0.53498541153491252 0.804497368480526
3779 0.68402415898830149 0.58579696531443692 0.53295064403127712
3780 0.60604130731775552 0.55984812822685881 0.50878770024072806
3781 0.37353892767846819 0.11786117121380588 0.14332058798359279
3782 0.87437309572045152 0.21578825492326359 0.61025748253013901
3783 0.57058135788234332 0.71294036713486852 0.72162187856652171
3784 0.05778695210848174 0.88422506417821145 0.45871948525953254
3785 0.46395409749613387 0.061567641645761034 0.8776183105503772
3786 0.88134008080639847 0.46012010736589931 0.058939424460232391
3787 0.21587633319983737 0.70228455067042439 0.89245474811790859
3788 0.75016896249211018 0.56127493295661879 0.26630446845108185
3789 0.79394818469634953 0.94421406397438323 0.12632309324032437
3790 0.51153300197934137 0.41386840633886796 0.052363494589595327
3791 0.052407924698997743 0.50993396859051188 0.41552588466241491
3792 0.41367324194488525 0.051431782346892801 0.51026107841611601
3793 0.11232836145692938 0.72349327603353408 0.8203622596950354
3794 0.045638844493586024 0.42622206059479584 0.77555374476591099
3795 0.42348063983094908 0.77690037038313187 0.046505596436700693
3796 0.77643766580937568 0.046655529556044399 0.42386009174661082
3797 0.75771757819026619 0.57241877519426709 0.046224851107546081
3798 0.57180463769950685 0.047410400924748054 0.75889182341833017
3799 0.044789128468511429 0.75771679846507878 0.57428360529881872
3800 0.38165376236441123 0.29641910195939275 0.46046492768720021
3801 0.88840885372832268 0.22544131007078666 0.69161148777109116
3802 0.73389312400222162 0.77314027540863706 0.49321837137643348
3803 0.76390022263979707 0.4086906572485372 0.88893389783222521
3804 0.29124303336776247 0.49693217676199913 0.2388279791623219
3805 0.30041720965616509 0.17433067736425537 0.52032318683243184
3806 0.51556843736095326 0.30109746734674642 0.1808428176931148
3807 0.18213225753515896 0.52116531422077805 0.30514084134888991
3808 0.11775921250384142 0.60445677171758339 0.79807734392802787
3809 0.5847658329301223 0.60545070959747538 0.77983407205228084
3810 0.76382352091709327 0.43009488649030198 0.17659628076839098
3811 0.86797749695660176 0.6384094238279715 0.042897583800898351
3812 0.63532553888878218 0.045707988001881063 0.87135954792101189
3813 0.053446480225203194 0.057499767730399054 0.41878232947777932
3814 0.058542391967321881 0.41779873851582072 0.053738531597314031
3815 0.41815574193503285 0.053034578153880553 0.058836726512586104
3816 0.23440841349154018 0.061324027904608717 0.94035035627255015
3817 0.07814366880088304 0.93760386317275957 0.23419939986383986
3818 0.9401384605975377 0.23450214569604391 0.061478548403971392
3819 0.33631148473860101 0.78083671373008801 0.80850594003745313
3820 0.41902750607054062 0.23301834311550981 0.047347823451553944
3821 0.045653650269059438 0.42435193247084796 0.22075827769384757
3822 0.21933794078795324 0.045197437659991437 0.42591631142657915
3823 0.360807439545349 0.26648887377221525 0.27026681688683923
3824 0.51752257637385224 0.55149954925428935 0.7040426182972489
3825 0.55188300460777606 0.56940655383306138 0.64815429965909888
3826 0.95501590051850738 0.55522270331029988 0.7112403785387138
3827 0.27216371349564583 0.94082294526308208 0.33382367722493761
3828 0.4019924628761552 0.68777954524033436 0.95439891596438242
3829 0.87437789876642213 0.69023503843269218 0.37152448000265431
3830 0.22819552114666178 0.63582474386894405 0.39100562305796205
3831 0.8838190939985443 0.40655924002720384 0.40502926211498086
3832 0.74804126204773724 0.95620781527857979 0.87240502183840218
3833 0.79278374510841787 0.1138678502620193 0.60227983876999536
3834 0.39208770843625634 0.1082504780198776 0.61551556264938045
3835 0.95086649690210445 0.32107381243100303 0.62720117899628636
3836 0.65905620551959854 0.058760623135905021 0.065030302522991731
3837 0.064951424870455465 0.65884186409159173 0.058687193987539667
3838 0.056012056173386178 0.065941743520570459 0.6562541928400516
3839 0.46959206262451825 0.67228981655541675 0.76018882293333101
3840 0.050101105965569902 0.874532018936648 0.63718118871643059
3841 0.85173975763811205 0.56540107647281879 0.23182440776521801
3842 0.058297242628459083 0.69349064975629715 0.68804296330025227
3843 0.4542891325618279 0.51399848632601408 0.27576994166808172
3844 0.2160515385654847 0.91804565891188339 0.62535267439763542
3845 0.84701831704266173 0.67476662771128493 0.49086881642700775
3846 0.30637905990568959 0.32862006502951391 0.61124470244431384
3847 0.1186226861148455 0.88605167875310487 0.68690723129092257
3848 0.34409200947803453 0.44798823949782235 0.8048838323080133
3849 0.64543324146704817 0.20407291088385901 0.53005075993780304
3850 0.94795620403905845 0.8045580774510136 0.50910430308476007
3851 0.48971248837060183 0.05560436338965017 0.75871690600338582
3852 0.40381323861013863 0.19118343874271174 0.1219885499737898
3853 0.85864889284846224 0.19171958201978237 0.75523702923499514
3854 0.060068603022288392 0.76106531322652526 0.48959097797425133
3855 0.2268211948446287 0.60912061526863015 0.88801504385730645
3856 0.75817539144571733 0.48871709953313558 0.058781531436297933
3857 0.59837756812424114 0.78130071730840389 0.47036519599569193
3858 0.94970168170527636 0.879394787236084 0.14061352544481531
3859 0.63296436136456846 0.70439726561471183 0.48103986802370796
3860 0.051669310490888062 0.11965956107145899 0.89548768378538135
3861 0.8984533548274326 0.050375216266590354 0.12292587788483854
3862 0.12141945044593301 0.89772442142387154 0.050363734557586651
3863 0.94378586245422835 0.5971333716450713 0.05366142717843566
3864 0.94824314404786958 0.86709613121007223 0.22025974170558504
3865 0.6149193423705781 0.050021133072719527 0.95252203467248064
3866 0.59059197988977219 0.95114004281680997 0.64146812626826311
3867 0.86871460619063146 0.85894368610254956 0.66666573112179317
3868 0.53435217987995953 0.94746832770266498 0.31651698591633715
3869 0.51847559231623597 0.76822425898788049 0.86092920824312302
3870 0.38817664424450915 0.18987062934394833 0.78371679278350415
3871 0.86488095685401145 0.6541469306557145 0.60192780782117106
3872 0.8778480354026893 0.46585160712435292 0.94220739245504015
3873 0.95445099082936979 0.56920034900684124 0.58953389640617015
3874 0.67837724210576678 0.63420132171115884 0.46539846063123103
3875 0.052091623993493014 0.12515658429028384 0.11274113955039965
3876 0.88237033261860276 0.13729258458589644 0.9529337524406829
3877 0.25668870681255224 0.87761279856674312 0.79639215315842005
3878 0.80953990266037368 0.94942208142428841 0.326177730075775
3879 0.63211964507893392 0.2318816282442388 0.95377556479793324
3880 0.42766377159105984 0.65454068969060963 0.56458142141232504
3881 0.95494659373732205 0.62491982387864553 0.24404307329646047
3882 0.2660457623166444 0.26871023989654957 0.36524715815964809
3883 0.11909400680695593 0.41780847724141246 0.32569408877464318
3884 0.049570296437940316 0.95388813243821935 0.61507453710738524
3885 0.79745791327413695 0.76186893959506907 0.26430095616869564
3886 0.11542826963609232 0.086707516767285678 0.058932521846694695
3887 0.18442234816211017 0.63872929891489627 0.4940209658740598
3888 0.648002954869628 0.63451646617964041 0.052967148263113564
3889 0.37661222279679285 0.54142962923715909 0.67842065855970146
3890 0.59958460941106295 0.35964750194910605 0.68270859670551309
3891 0.81733147066488332 0.59261498536948676 0.48920320804871348
3892 0.63255550226826063 0.048996953892231215 0.64796160888075927
3893 0.8183024659088981 0.11540525717260519 0.72795846949896981
3894 0.38321024827874001 0.73329650948965741 0.63632329584743319
3895 0.60764327533101492 0.95372263589339945 0.54927294158656981
3896 0.94957526787076629 0.69590827762778584 0.87900469111620494
3897 0.55838705476072537 0.24760253878017188 0.75744309558525458
3898 0.58193286158210278 0.47330378630641889 0.049899797061587363
3899 0.47495414287374976 0.050431746774513592 0.58227878177261438
3900 0.048913814022652255 0.58196068158639658 0.47433245389531953
3901 0.80892462262929143 0.28955887983583556 0.94439211387086175
3902 0.23373985869900421 0.41498279361348772 0.85024433083815942
3903 0.55678170797019633 0.55691264527407569 0.88943607503203959
3904 0.43530611893750315 0.33030528581620633 0.7766345506356449
3905 0.13460849646913264 0.12989079705346962 0.58938628753595557
3906 0.59384102065776545 0.13082545089429745 0.1284801004177204
3907 0.12775168779758289 0.59203558972961345 0.13280255466624197
3908 0.94492265730299285 0.20313331534616971 0.871470821189403
3909 0.81297196564570695 0.40397292143926616 0.52974327874531213
3910 0.38025739250203855 0.21635308363850725 0.44275211187112989
3911 0.27553932953992022 0.27752444917056085 0.73244608735121197
3912 0.41308707178658044 0.12475970264303858 0.22263201199901142
3913 0.52072768108459389 0.65424075825917294 0.20059467002225562
3914 0.58984003686379138 0.31424007337581761 0.22382998614102273
3915 0.32758082573427971 0.22737587157295486 0.5969898403108187
3916 0.7508630588027867 0.83424412549134608 0.7495142406853833
3917 0.74467716113905547 0.34857353595107771 0.44179224335498452
3918 0.44351493425080635 0.24771583674597231 0.73927534655700156
3919 0.043334944005383499 0.88167541142908556 0.71923836826761733
3920 0.35953464942848207 0.60075251926688611 0.57014387200959205
3921 0.58887830862968749 0.855388800363306 0.95125361678192322
3922 0.88037696015610989 0.4300327600741789 0.59925131784987817
3923 0.63806366471947806 0.3771056846248162 0.047096991782992689
3924 0.046580937773598535 0.63895601260074497 0.37709785422871916
3925 0.27072846156300412 0.60437188685996113 0.56078740293652651
3926 0.064014410857645199 0.06192009693342574 0.12244581561355816
3927 0.11776411825964996 0.051998546076685075 0.38129399549034687
3928 0.056974181248087723 0.37804903133637108 0.11441424348554421
3929 0.37661672952152964 0.11786112995956832 0.053006256410371738
3930 0.3117385967649059 0.83190478095215781 0.61342607611560773
3931 0.7518539934872932 0.42758057761277041 0.46368147263572257
3932 0.63022921595326764 0.56887026878742475 0.30639962369773466
3933 0.70003775903987053 0.66332757389871644 0.94927808527370905
3934 0.33969384018767468 0.38200020529240486 0.70562833600565655
3935 0.86160306477917947 0.95104248522346935 0.39842578357583036
3936 0.19183406788896282 0.70752847240958627 0.48601229598731549
3937 0.24194612618940492 0.86488843514758684 0.45072927168346211
3938 0.38424994932576295 0.66676858002280481 0.43500196270427599
3939 0.30176484434884338 0.11285902482711355 0.55822382068227827
3940 0.11700988726922035 0.55955225670129138 0.30308723397617143
3941 0.55814708692243098 0.30184675857837262 0.11682537435284693
3942 0.89127148535163137 0.80136512068390686 0.71775483865667922
3943 0.44683758383134242 0.76710293509546323 0.76031731368368549
3944 0.37623600771883348 0.04650067878922582 0.6386135385148759
3945 0.75618324363283917 0.56441161358701941 0.17987029721697526
3946 0.76204048560859372 0.95473206562983015 0.76884755149809303
3947 0.22266199289961386 0.34256656429462279 0.47926971911157995
3948 0.48158452572542371 0.22230460508710737 0.34540430034859909
3949 0.81210447037651168 0.32643071871242912 0.54417883010133494
3950 0.76926178010528645 0.41186543384535212 0.95295026210349965
3951 0.44678647062158161 0.95346450973410024 0.33830562588531438
3952 0.79809047610249795 0.59188128855437339 0.75413532880028955
3953 0.72077653413249754 0.039825574328669566 0.88263172114619259
3954 0.23397878711699732 0.83427374853738157 0.74050529393834519
3955 0.18659181845347481 0.80813704369339745 0.38152174379767867
3956 0.64292440311006827 0.30369169670620449 0.28560752598945383
3957 0.94758966210791618 0.4924469808943987 0.19161806533579423
3958 0.04472932947322248 0.28869320034863111 0.10485083672770888
3959 0.32798076933634668 0.83302008147167173 0.54367237882761021
3960 0.48845777502344057 0.19244080577266745 0.9466423402166273
3961 0.95100480486857752 0.14014773954777549 0.6904738513693981
3962 0.58710762190676646 0.49078320810931231 0.12509715176650443
3963 0.47857142076973253 0.1150024966776565 0.59682238969915535
3964 0.80024690923432573 0.72162297991530455 0.40368813997235203
3965 0.31749873821237473 0.10925239723156641 0.63389751491142177
3966 0.63398430010199358 0.31699639515493727 0.1113424777689144
3967 0.11095263343004662 0.63567694598235946 0.31833064142200734
3968 0.77503525752969471 0.72884109778266903 0.061437380600763945
3969 0.67992210904821671 0.45455246331055205 0.38644927449658489
3970 0.47889624969217193 0.53980587227693744 0.047665146050720163
3971 0.53931694527021667 0.046850805447830615 0.47749492300527874
3972 0.75669867131964264 0.49134091581312683 0.72844313790339421
3973 0.33942769008111118 0.43955729176227559 0.95521003468537402
3974 0.29286274062592627 0.11658520770707284 0.050806176884814695
3975 0.46540173107367605 0.59383178104348411 0.30481873258969289
3976 0.13595752968683472 0.19790942810357903 0.62016203842280648
3977 0.95477034629313906 0.16317020645496735 0.36594058278080149
3978 0.28706267553307696 0.49593730837192612 0.65724217407478591
3979 0.13056736665374616 0.22463817904531214 0.31314156508516616
3980 0.36639495939209271 0.95371637674549947 0.16420543561843781
3981 0.18148201746426279 0.72172717435529599 0.30041643286031233
3982 0.72856884348462791 0.30210798780653508 0.18616769531874189
3983 0.29917984489212901 0.18093818176884618 0.72236035704593493
3984 0.1634963401626178 0.36614399999918329 0.95586070999739225
3985 0.058897344177487099 0.22674219289173178 0.70761142289531798
3986 0.22377286551574518 0.70176418026351106 0.06093172226759086
3987 0.70200846949616558 0.060952878716757627 0.22414307268551747
3988 0.54486713580282109 0.59872174207651563 0.95329111906082231
3989 0.59527473132597819 0.94731386907205684 0.89231612655469084
3990 0.74380517931404744 0.73434607849925804 0.12865078906848088
3991 0.1422139622076159 0.10372844012254681 0.31680742003106077
3992 0.93649748871868999 0.94699720643467877 0.60733853778646762
3993 0.052313501692476616 0.24359545191350937 0.44372381692139123
3994 0.23504659559205371 0.44454541055978597 0.054127801739987706
3995 0.45263042099180129 0.055916975549511007 0.23399878421338866
3996 0.69594188355706865 0.79700863958033841 0.65790121148019864
3997 0.39154939519012494 0.79837946686376093 0.36831397643432129
3998 0.62396994408071538 0.12608527193259866 0.95227784348876188
3999 0.3808538652016174 0.94675943948698471 0.81981667536072389
4000 0.9501825488505562 0.61862846855688447 0.12243798850787972
4001 0.95861712611136807 0.45462691398911204 0.4782420071011822
4002 0.82058122665402355 0.46271200979288252 0.42651467411463673
4003 0.81076486024530392 0.59721302700949064 0.88482208000810825
4004 0.62705227855817625 0.86805375069093982 0.38223343567114942
4005 0.047028096520391756 0.46505540040271992 0.27219340597487257
4006 0.47495869421227788 0.26718663389490677 0.051146312372554355
4007 0.2702315942942542 0.046399250960956297 0.46600318354175285
4008 0.62833250469770141 0.71565228432714445 0.56590210639955418
4009 0.64056883523643782 0.46831730299409019 0.8134561785778972
4010 0.59772700414002877 0.60359223142824847 0.3590173400647792
4011 0.85310147217112087 0.19758102794919083 0.42152917985379751
4012 0.42035692742528802 0.85477670080253176 0.19360006941105384
4013 0.2805216567136628 0.36969352713793097 0.65957546105103726
4014 0.32715773733042386 0.42869728255287137 0.63766384726513714
4015 0.95043239573328087 0.31193568429552176 0.86206399449430282
4016 0.26133940102441777 0.46569026808931835 0.50036428818996626
4017 0.13738449151844276 0.95303124948689699 0.36579557778702454
4018 0.31461523972421013 0.68463099947031902 0.47758159279742879
4019 0.89447132794453055 0.87524084261745905 0.51714141517838597
4020 0.48911586202030344 0.28297674002379869 0.46814315829857722
4021 0.35580330013957406 0.13342896451218703 0.26529250160899803
4022 0.5384289706763965 0.948051405614734 0.71510322230970236
4023 0.75578960087271096 0.72908102042882861 0.56472817803702591
4024 0.047177704214451249 0.57496209371760942 0.75849497383428488
4025 0.25512726181396916 0.2309686523233172 0.45645661703691726
4026 0.43980473854887731 0.25455575890621457 0.24002690876868329
4027 0.88678984708960773 0.49871245686127913 0.88085759510603523
4028 0.41137168974166149 0.62080428339453142 0.23265776965247084
4029 0.86890246549430816 0.66911225996092161 0.95013845582135814
4030 0.23056924087838532 0.46071770155334713 0.25751941167069931
4031 0.34805767427604106 0.50990708099995818 0.20370122295700638
4032 0.5547008182945129 0.67536663071064096 0.38896238705524538
4033 0.15392278436081802 0.80279823776452242 0.3104148605661558
4034 0.80012975015314314 0.30978238968978716 0.16031680714381316
4035 0.31394487694541889 0.14923628649024742 0.80820029996340581
4036 0.45098449030374926 0.67878444951326822 0.34504588934030928
4037 0.23743025457418515 0.60373057376988548 0.66349335067580406
4038 0.4834313124233024 0.41636574130841719 0.3620485949223794
4039 0.1132543416939453 0.42699878925260348 0.18611181944980221
4040 0.1823987578157476 0.11241367836493485 0.4297804572398759
4041 0.80948712955329394 0.66328128828825483 0.43722487795898368
4042 0.72213945103401378 0.68025124467162967 0.049131663662293094
4043 0.86389728657441944 0.8072278060611543 0.53651044030351069
4044 0.5826733412660271 0.87904624065349268 0.54188683986249875
4045 0.67743620049507491 0.044847818924791075 0.72177213526508788
4046 0.10846980844421286 0.51016573273710653 0.87137655804300218
4047 0.047594796860875817 0.61052594840701946 0.29348104447022794
4048 0.61098823977984262 0.29298219235911516 0.047927300857295851
4049 0.29308018967263666 0.046917683412739039 0.61025217823328337
4050 0.38268005757613022 0.39045927301218231 0.20558847987235129
4051 0.53620462093209709 0.70042920340895665 0.88282757378751675
4052 0.48569266412033441 0.54128988851283222 0.11600033360653327
4053 0.53988617012924334 0.11275509092333555 0.48300877130719305
4054 0.39119643882529548 0.58065034181426534 0.86389708242541052
4055 0.87098239879826655 0.088111069830879699 0.50755861689955684
4056 0.95179923722970083 0.6380270467477962 0.53783519414576009
4057 0.79556101103066945 0.30236879267766453 0.61961742861855817
4058 0.56405569077563356 0.18170288799834561 0.76660292959445586
4059 0.50802333987034975 0.87118615920553899 0.089541817641097393
4060 0.65388045717804433 0.21263464117286876 0.67472362822972376
4061 0.37044832956185519 0.052028370969329635 0.3922351867481117
4062 0.05312120883213714 0.39824201317226821 0.38615426637016659
4063 0.14957999298354971 0.68564004876100315 0.94466189537852985
4064 0.53343000786940575 0.36030439580036566 0.42423927270141681
4065 0.44803950619750771 0.21618778583954323 0.87107244206645396
4066 0.67534213804912857 0.53397654591749399 0.1282861036349934
4067 0.045487539563144254 0.7681036264828407 0.72530812526163047
4068 0.4188015422817391 0.53955043920790924 0.34188321660866644
4069 0.69212171115179033 0.95913262558207524 0.21723234293222363
4070 0.19692879641984767 0.61730897987543976 0.2105147140815084
4071 0.61595492280239084 0.2088841748986234 0.19527067317021396
4072 0.21178629781231442 0.20081500307735978 0.60839397809429385
4073 0.88408347489229033 0.75916680806296832 0.58760191570165576
4074 0.62444243990944992 0.63976492166258192 0.85258920715240016
4075 0.70021481867053614 0.39841143743018487 0.73899660434267755
4076 0.56517124182134149 0.65889275271654923 0.67129222573414993
4077 0.63728820437924638 0.11879138841311666 0.63844676520747656
4078 0.63749109065841691 0.47056662611672406 0.2063816376003573
4079 0.11638063431926922 0.58889230174682328 0.49275897391224865
4080 0.75952957398829746 0.74196891017462752 0.77545059449305687
4081 0.64967501217826684 0.58832968751880466 0.21668796583730476
4082 0.95242860498721738 0.79178426656755607 0.34559576316264329
4083 0.51336851569516895 0.04920244063438492 0.34100723782713521
4084 0.048305097135023914 0.3419694556429993 0.51328546536009922
4085 0.33965594217956541 0.52844132414510636 0.051842222760895777
4086 0.21529638247188629 0.37298406651123717 0.41679699774527484
4087 0.78775589183983896 0.59452544865219314 0.12753202229733229
4088 0.59716010608876791 0.12917911334733995 0.79756597898359249
4089 0.049661783854129428 0.87403885573904094 0.55275175406891375
4090 0.51569595842695493 0.43819162731190847 0.5718790781636145
4091 0.057525420323137601 0.94576379601889593 0.45663747868718652
4092 0.5132271443973131 0.74357202953298851 0.54245879829999744
4093 0.57655819461084634 0.44308252797240422 0.25017285570249587
4094 0.68392280359681257 0.86558917944185554 0.79551514037410398
4095 0.94878762355403301 0.85749252888719452 0.70229862683748423
4096 0.29175188661701112 0.62664074800041214 0.79477151044920069
4097 0.95520876080317751 0.4081611910968117 0.29217299628032856
4098 0.39889595564537561 0.30097050378729773 0.95730414078498705
4099 0.10856766111211923 0.27862048072599527 0.35769343233651557
4100 0.29771400166190831 0.33469964104462513 0.044261764435846278
4101 0.049840522715854645 0.29414800922489914 0.33366706689873638
4102 0.23098977505622414 0.048412332891621043 0.3664923208626788
4103 0.35738220054800035 0.23385475871590808 0.049555157921033148
4104 0.047481508676001802 0.3597056586223526 0.22946571355955997
4105 0.82255658947544186 0.25896643929621033 0.7511938799777762
4106 0.61835684694752791 0.77900824994206697 0.61978430009347452
4107 0.70737095087351987 0.95518780729364072 0.13330468123460409
4108 0.30649838477474323 0.80040093871130658 0.73323381335880711
4109 0.69376664508517027 0.84828393563502358 0.31638618508761246
4110 0.31840279438457852 0.27907255354516197 0.9495739683709955
4111 0.59114623062947957 0.051984225946848872 0.045597037837391607
4112 0.045527645295791744 0.59041974495089911 0.051678503861279347
4113 0.050685675870437721 0.049381330545847042 0.58882948144119784
4114 0.23925084867544305 0.5669311970366645 0.2017827405979809
4115 0.57069547473576909 0.1969424180248745 0.23787059741192759
4116 0.73448236354625629 0.048593374448182305 0.7709971369497598
4117 0.50587760577999674 0.42593102350346168 0.24589287607958737
4118 0.26024505182765761 0.49356594873909199 0.42838917114961911
4119 0.046795992521031511 0.68909470178006871 0.87859451000569599
4120 0.66945521155549237 0.94918778821520167 0.88685562365409898
4121 0.54990636344147636 0.049524797517435458 0.88468725031902939
4122 0.11884873571516583 0.18459610063795009 0.88932599062863393
4123 0.88953202042945301 0.11951854004500527 0.18545846429112586
4124 0.18183704765175276 0.88919181005991932 0.12078963425250464
4125 0.88004729688727279 0.54210136349532867 0.050472745317552428
4126 0.5507339634415459 0.88530517694130162 0.34682198115544161
4127 0.66254229742722048 0.61675583681119694 0.8022960796052373
4128 0.24064437364033064 0.2835028467873853 0.49186757667639974
4129 0.5493806828716673 0.22247846763611961 0.37282173257721257
4130 0.66550054541217141 0.23467582155951419 0.61209712630651847
4131 0.83841390337964339 0.75667994991241738 0.76189896934652379
4132 0.64608998734186163 0.16100822269908258 0.07955729458668355
4133 0.079379143302031385 0.64598925426977194 0.16145516814755179
4134 0.16139003034418228 0.081271966822508063 0.64517306164114996
4135 0.47164711153450589 0.82799879265365228 0.22785297792838333
4136 0.3571390634956022 0.33947584307220757 0.25735022740188418
4137 0.50917143355905115 0.53472576102691305 0.25579361353862801
4138 0.8286386080872189 0.23045955153124834 0.47104380067081814
4139 0.1966896512009606 0.04562646150650615 0.52109503785995748
4140 0.046339987573995579 0.52088199636527155 0.19700566888954268
4141 0.51805335000552799 0.1991915396058006 0.047385585559588307
4142 0.79193838041414122 0.6319514481799009 0.57332600828572555
4143 0.42353348913026628 0.049478190346006118 0.94155654757855123
4144 0.94125437496517961 0.42387275973766275 0.049431189248620749
4145 0.27735147137575122 0.047484318011288974 0.87496364757633693
4146 0.86740294092118797 0.2773768765815669 0.047171691107174042
4147 0.046503535515513256 0.87542209872001597 0.2773429008509079
4148 0.2801347707205214 0.5413576103342026 0.95572423250529714
4149 0.61935370010864899 0.051652583343102021 0.15680198460766948
4150 0.15677629425086401 0.61833636733564368 0.051912338093813029
4151 0.052845954159136573 0.16846875876275155 0.6227623076441573
4152 0.59958090015914167 0.67187456182327299 0.21848388130724442
4153 0.26201689433136233 0.56768547021185156 0.44001531011749695
4154 0.36168890140337218 0.95406680537157595 0.049697170092419314
4155 0.95412890600599176 0.049612837098807261 0.36174202724176224
4156 0.049572958546297834 0.36114252849905459 0.95316453769439591
4157 0.69185958672753545 0.76177861856660212 0.31896574276909406
4158 0.94907567934496373 0.32055370936095062 0.26497380444532775
4159 0.87769309744854174 0.28065396766585166 0.95027832747827101
4160 0.75612266733607281 0.49637492476525769 0.45311165725394215
4161 0.80050830708899012 0.13850242817050237 0.40616463715433471
4162 0.88099025801497222 0.95340261165317075 0.74063591359016334
4163 0.95205923838237183 0.70443634606653804 0.68088749162550377
4164 0.56422350044471337 0.30977682705698012 0.59968430997674071
4165 0.94957845284685094 0.63685763106999693 0.78840533618279662
4166 0.60878257311926176 0.32446484694879896 0.54166111869313127
4167 0.40427401116190803 0.80269155589739483 0.13669717536304085
4168 0.2198536967447956 0.95461124597898961 0.89301882633044094
4169 0.24829842508830693 0.73952569944816637 0.95509742718173007
4170 0.47117814576308431 0.11128033617138318 0.71109583366067219
4171 0.9467882519528561 0.21136870205543895 0.58290977207183059
4172 0.45034947098909744 0.95515488275828231 0.72020706362711129
4173 0.14812498743836444 0.048604460630078727 0.11777985536286183
4174 0.11102966685147556 0.71016733845296798 0.44220161848373202
4175 0.72806635520918694 0.23763569953836466 0.94708487241021277
4176 0.76611612603710921 0.78456591834491896 0.95400686748265728
4177 0.40556273328623965 0.5045710681589145 0.87377383649170937
4178 0.94756599223603621 0.72855016547768847 0.23369931633027552
4179 0.57573260389627601 0.28415678812880041 0.32525960017663336
4180 0.54124474625336183 0.74614332870030164 0.43766902476455199
4181 0.68352605111619658 0.88238743542400222 0.044673535814380279
4182 0.8781864522195526 0.046934468088499721 0.68919267639751647
4183 0.13329846130821721 0.043895495797636561 0.23079147255421248
4184 0.65426718936206996 0.87887707057124653 0.87678941062032567
4185 0.95452684528428111 0.24775533787766568 0.73774686723682814
4186 0.64202689994783935 0.64629411957003347 0.95673047597754779
4187 0.30821245547107179 0.94963960666832681 0.3930734251582092
4188 0.67093465262380791 0.046001562143438451 0.7834849337880011
4189 0.043147739583251472 0.76578078966753893 0.654953074029618
4190 0.16532181576214092 0.59971580555510484 0.74500068572673162
4191 0.41265587816511545 0.1029627454322001 0.3321064775745593
4192 0.10647964323557449 0.34369539495383733 0.41535677396925874
4193 0.37637256900226845 0.31695935904404082 0.044296978875109076
4194 0.3291634794333998 0.89064290254124301 0.052791730352705832
4195 0.89064588684113355 0.052611730727460899 0.32932675648364323
4196 0.05304691848104396 0.32863365536146588 0.89070952430018924
4197 0.59566366464319531 0.51719266382176055 0.43114989144393151
4198 0.52479878865905083 0.64032763043060936 0.27546952334978181
4199 0.26297165826444618 0.87040431516898598 0.56584301171108686
4200 0.048390741792775478 0.94910119402230186 0.38106546084633819
4201 0.64409753161376804 0.95610870109584867 0.50878380786307131
4202 0.75215200645935254 0.88704583269776205 0.79531533392012099
4203 0.21005726243984049 0.78636642904096221 0.67750023561044981
4204 0.16666427698807121 0.48495502347421027 0.90367358376197104
4205 0.39230579723606041 0.95369189432962431 0.61618709979830177
4206 0.79762787444345229 0.78951184994688395 0.38597865020389138
4207 0.10820693715288987 0.51311342235032298 0.61286134028666983
4208 0.79656549153109679 0.59422661458924086 0.42035972773989333
4209 0.22926600516618859 0.17410969255507777 0.12468761105639313
4210 0.35767894131898081 0.40647603139881261 0.5660693792900221
4211 0.88667695388973689 0.72605403002140656 0.041473551015134412
4212 0.77718877994756397 0.40461323993656373 0.65400492119818143
4213 0.13843144576228514 0.68423952803583921 0.53596900614298371
4214 0.50289324037835015 0.17483719612823076 0.58926884978066651
4215 0.70427309040634778 0.51055056544816402 0.89481874881252677
4216 0.74443753695791637 0.84109505128938111 0.51727854439494236
4217 0.32738911818499955 0.17137241416901519 0.046106965068816876
4218 0.046776709108953894 0.32735717671482445 0.16708113046514461
4219 0.88161522514380231 0.94609349437704127 0.46093609968834115
4220 0.04741758489265846 0.044326015999714537 0.85728690757368975
4221 0.87282600318015024 0.057169964845862516 0.050933381278085776
4222 0.044804598420005497 0.85821056552233832 0.045922102466635091
4223 0.30376695220535749 0.71534494938712623 0.62505986869108054
4224 0.55294680635252536 0.72803722157492246 0.94716511764589473
4225 0.95722439641510093 0.46802344000234042 0.79929114872974227
4226 0.89005942392888926 0.17631873027476064 0.47036201849465925
4227 0.59991208559752096 0.8639503295820784 0.6459479248821991
4228 0.47024375326819184 0.88929385021950769 0.17951391014703028
4229 0.79455361330844432 0.048687154805186171 0.73248601444715333
4230 0.49389498197323045 0.89232448746099446 0.89460911113825592
4231 0.81469306039266332 0.65807223382938584 0.11608634600783653
4232 0.3477097781151392 0.43234864615078211 0.1069850677537188
4233 0.24243475006279114 0.11005463828113568 0.65937317538163065
4234 0.65943063108196187 0.24123332126190081 0.11023256543429238
4235 0.1090385565052843 0.66078825164367072 0.24162040385308484
4236 0.89062344710956043 0.38093686959854234 0.17596263367329362
4237 0.76783377378821593 0.73393613942283498 0.20095546118696206
4238 0.055546651416298685 0.20933232188831044 0.11298991744286979
4239 0.57986319431414401 0.49843912372735233 0.22145607188853986
4240 0.80413262956922105 0.88430795324081835 0.69813865815627763
4241 0.047698109279452734 0.11769003390640283 0.40371440166366224
4242 0.12145282692704462 0.39894076429249226 0.050807723702514684
4243 0.4012836294234931 0.046279233482407117 0.12432282991586174
4244 0.50434422133864987 0.30374407418097887 0.31574176567209544
4245 0.95084282065766634 0.69478449958414235 0.13343012649678665
4246 0.76444473623122489 0.54449673274932042 0.94902722595042499
4247 0.11299118789641571 0.59536998766595617 0.59772950559796678
4248 0.70525409140945539 0.43889428278272102 0.10501086812677948
4249 0.66734085755322925 0.17283608484372195 0.95440965473150852
4250 0.22829214897519717 0.94684659934294146 0.27696422830545731
4251 0.12017388085411022 0.68944124772460347 0.6420587504473444
4252 0.46480510555390925 0.8672830299743135 0.94440704121344443
4253 0.80449080036379594 0.47434779430398116 0.9571108895282997
4254 0.20263472582103881 0.866227273603702 0.39570613531746013
4255 0.78382362272517625 0.66926441429263506 0.046553165637213942
4256 0.30852917928499651 0.51375516211601469 0.31692558481392907
4257 0.74243387447224019 0.54721531703613691 0.49410382047624657
4258 0.80665959573154566 0.86946914075959925 0.95511728292158338
4259 0.20942648965561736 0.12915977782993629 0.6099319606025172
4260 0.12925892708126102 0.61305955399980705 0.20859024289869268
4261 0.61072964177147349 0.20663827171408317 0.12912422260959378
4262 0.30327414941414194 0.80783836197947811 0.2779184632642297
4263 0.8076016578061872 0.28289880244366089 0.30750293331719619
4264 0.21752113650779695 0.35255734503507569 0.54550640462281996
4265 0.74012474867225053 0.65790375897031539 0.33275455585590691
4266 0.045373566954363329 0.33784137968808248 0.43890749943173329
4267 0.4317540560918906 0.045911053065235755 0.32255503250257211
4268 0.76338849485415661 0.045908029931138843 0.56987582791309233
4269 0.47990520176615031 0.65227178488694293 0.41273055965376521
4270 0.74596891931417153 0.85076444821989194 0.67570443745184894
4271 0.77339352378670967 0.36940112506530043 0.59167996052138427
4272 0.56917340314815035 0.76490667177715221 0.046704535383127035
4273 0.12974526282954296 0.69748780110530062 0.70514227324120571
4274 0.50800092493540849 0.9523825182350697 0.87505247830260824
4275 0.046114485741726864 0.55447059034566026 0.53576366812753085
4276 0.9613148221033383 0.3695786349815966 0.49415348513844304
4277 0.38323752028397612 0.95831645025005907 0.69176609922293009
4278 0.47147396971203742 0.36386086047246552 0.71715729696133879
4279 0.53444443442193856 0.045219591365995272 0.55081622173836975
4280 0.55276575878251266 0.53406565348658397 0.048236462648403831
4281 0.36562292589854201 0.87987249179440685 0.52208582394958547
4282 0.29336532574814256 0.9509033754382592 0.53094671733087118
4283 0.95129949319902063 0.10657693439263553 0.4153866061891423
4284 0.41537593692011343 0.95112433628483506 0.10683226557950898
4285 0.95007362180175381 0.75032036739166641 0.40440516095581858
4286 0.10842933557973251 0.41729752363077965 0.95057183137752499
4287 0.82959649011595005 0.74775454856273538 0.56896148666212121
4288 0.17771723907539094 0.87769536864533382 0.74843959219503409
4289 0.11020676473875569 0.48327280465098821 0.43611107143104066
4290 0.4938407632391818 0.42951631176546257 0.11000767569717995
4291 0.43000991152180601 0.10781170220991056 0.48613150966808444
4292 0.339686288516929 0.68123729574175362 0.95936682780450344
4293 0.56153656161881926 0.95121529584462028 0.23740524971546589
4294 0.95575332739831831 0.21297340395708309 0.66560143451840925
4295 0.66086659654792324 0.39216195605201998 0.64072185698031126
4296 0.6002099702423388 0.74054437850961119 0.67152715649022876
4297 0.3024202896978942 0.79802308022820767 0.95284786598980376
4298 0.56948915088759289 0.84308628631528171 0.39491938231218937
4299 0.32657174836570579 0.55572617286432702 0.64108918737584841
4300 0.71287675787422544 0.16122952976942947 0.1126466939870196
4301 0.11152677775478895 0.71246087392681989 0.16125786237983256
4302 0.16118966151411615 0.11510805974684762 0.71222203885032265
4303 0.39886893972071236 0.050672935155940235 0.56805676577084363
4304 0.051719540689097329 0.56844600350447194 0.4005238960645382
4305 0.56882691410993347 0.40004747503115867 0.051379975994811276
4306 0.88112617159331663 0.5164631455461941 0.76431233538041277
4307 0.35149929428814292 0.29354155706054863 0.52205460246989044
4308 0.84534793271860031 0.59543337767417981 0.94910072962458447
4309 0.35938575113091525 0.47612164096403009 0.046092557469247369
4310 0.60836322542185306 0.28670689233035224 0.95386113112072357
4311 0.62335523947636085 0.907254139903651 0.77354087157240348
4312 0.64561834778231242 0.35364044739709372 0.7401687612326151
4313 0.47586587900122229 0.24589111772671995 0.28837971366352588
4314 0.46888917737459612 0.87027669293756071 0.47426087496777275
4315 0.76120097401550824 0.32065127139618183 0.87816229687087388
4316 0.044342914600939788 0.51936639716662358 0.86944492342536461
4317 0.71746522241197741 0.11346448067093858 0.62471377274360818
4318 0.9510164652604649 0.7275768139265465 0.56207134797462555
4319 0.61231547448000956 0.71573631224679324 0.11968817577359489
4320 0.43801910489846729 0.52643771514112458 0.72703106822954744
4321 0.53447250026530568 0.3529377092184745 0.71013444654211899
4322 0.77976164387059455 0.35981764665793886 0.21561575316866827
4323 0.71071620662942214 0.34807935393979306 0.89867555070694227
4324 0.5983273305548974 0.11176790624277892 0.59310144213705307
4325 0.60173039558565755 0.59457472358367081 0.1051361286314213
4326 0.40396232128965964 0.38117319724840171 0.043822459837852996
4327 0.055968369655738155 0.22945243022325956 0.92608776812715532
4328 0.92228312980682448 0.052812542142958649 0.23686961539276907
4329 0.2367597871679929 0.92222721985577505 0.053029313445096392
4330 0.33885630674150874 0.44121136877985423 0.74216092059392769
4331 0.86685660602603287 0.39415578555314928 0.79706472795398109
4332 0.85782339707363409 0.89794230143811093 0.8100428704386694
4333 0.36464702865385118 0.64793189005796104 0.84989745426862395
4334 0.95759903701142979 0.32436484626831558 0.42420834949860842
4335 0.51498169460896925 0.47987072641472645 0.30860579286094758
4336 0.30873777147914483 0.50892274743709276 0.46780487798435716
4337 0.73648017081065731 0.34761410878736371 0.37644539080365264
4338 0.21521944140583732 0.9599107942626085 0.73991485508089139
4339 0.42441222557233566 0.94170886354433447 0.88401135335596137
4340 0.13489640380679729 0.80899990205774064 0.034195071734632439
4341 0.80937300984659932 0.034498375460726594 0.13618074699644614
4342 0.044266244042657117 0.13328259668381792 0.8072308632864007
4343 0.4730252545375091 0.951727616548661 0.20944742128809221
4344 0.7628486228805148 0.9512249358171786 0.70490992270439312
4345 0.38728476069255868 0.80034050494167708 0.44858145568475655
4346 0.79378494543600309 0.82740872919904906 0.31581629200086214
4347 0.35435877278515371 0.70296698161845572 0.5358438947529941
4348 0.57701195008142248 0.72973530455400726 0.3794633361130354
4349 0.95325572692485006 0.20584720127356726 0.47289606487194513
4350 0.3021412052972931 0.65776863202304603 0.65929461782077747
4351 0.69305113765904758 0.11713452431678448 0.95296233427932631
4352 0.87336976730139937 0.61471103766531154 0.65526778908954308
4353 0.95803918056231319 0.12283117061673365 0.3028379512160837
4354 0.50693128678248034 0.2303010670028745 0.7296658479134529
4355 0.26352868573134031 0.23110500274008877 0.94481456411125675
4356 0.30289898317444053 0.95756853042628376 0.12302396445945314
4357 0.045125417428715502 0.3578239227780402 0.77538940434887249
4358 0.35531937360357757 0.77506761698873849 0.044253315647395479
4359 0.77493153733903353 0.044388710558900327 0.35563113641045307
4360 0.1223129479996863 0.30223762130511717 0.95764040846104548
4361 0.66235542552120397 0.13015542836479549 0.8142850981704155
4362 0.52706809558142353 0.77828423695050686 0.30779360713912512
4363 0.67203137734582374 0.95340017607930461 0.34035345800530636
4364 0.56607731201427858 0.52976891323005781 0.74852728400299351
4365 0.64067235088883878 0.039450800271846193 0.36778397835834403
4366 0.36697884888574084 0.64075053252610437 0.0397689063692475
4367 0.037973936749361434 0.36735055525798033 0.63889121127803361
4368 0.68956323683557241 0.86992429885914191 0.48942265241929739
4369 0.69006838360321265 0.56261107648529374 0.047641017078741216
4370 0.561785159521342 0.046595010774420895 0.69020634028478378
4371 0.10350652522582568 0.042826604462458097 0.76417770505230709
4372 0.041934638108743129 0.76416845640653264 0.10785765324710769
4373 0.76723518759426235 0.10436628501200078 0.042029763784311627
4374 0.27772384383621646 0.35825454103161553 0.88980079643589294
4375 0.044865054971587236 0.86724850937817621 0.87648965766115317
4376 0.37736789716802516 0.31535690572722824 0.84365011138603485
4377 0.11667520423427752 0.44217223065007383 0.62261291903159188
4378 0.94160793319492542 0.25909554337730673 0.23068741189255959
4379 0.95082420394744771 0.86672435807751647 0.78050867988406047
4380 0.048759106673848994 0.73291917165437526 0.79475361499218633
4381 0.37457337534479429 0.88455701487226734 0.37490146816316794
4382 0.27628499536002776 0.041797884077127853 0.12585570499112173
4383 0.68074543096711493 0.95297736431587887 0.55593001318263935
4384 0.14611627418408715 0.94852198012025923 0.3040783523223814
4385 0.21576346524361711 0.79312010784934661 0.046311896425807637
4386 0.79325396905025192 0.046040117459369909 0.21629439355002694
4387 0.044248769439714848 0.21894076366769694 0.79386908938821743
4388 0.71199167602565572 0.13201040991184851 0.69685395428989827
4389 0.28784402124706199 0.23380102968834635 0.043132980919866434
4390 0.049390373927221079 0.2897212834540483 0.2286463898597263
4391 0.69686676377361179 0.79323726730488109 0.75164917846276702
4392 0.51430934210746382 0.58077773116419185 0.75922967881530634
4393 0.051891547657330728 0.68992987844104126 0.56308672864920994
4394 0.5645194734209793 0.21974552649809645 0.95409661540181678
4395 0.752332658860149 0.36785446167288788 0.71293558028629966
4396 0.22355970613464568 0.3962460032654348 0.61518717759842256
4397 0.95760698097576902 0.56406657373525615 0.21529652152472809
4398 0.31669944997041466 0.78975042688373276 0.43851017390622149
4399 0.64767818392431109 0.94432085018472989 0.95275976102622617
4400 0.034888860365984299 0.036405024330118392 0.77270982774425678
4401 0.82009124305878234 0.040449209602911151 0.036502070094391603
4402 0.037401306527041926 0.35851593393088221 0.02922668906613585
4403 0.030635654541981305 0.034144976367243077 0.34876767155841731
4404 0.34752066230604856 0.030247486495566162 0.035515494525932612
4405 0.025788682121105615 0.97474411528260441 0.72243316538171554
4406 0.72236610431621184 0.025493637646841042 0.97487967582494628
4407 0.22445329421395072 0.035032499267584567 0.031521885001875534
4408 0.035631681181752195 0.040094856734853593 0.22919822092460165
4409 0.03841273357168281 0.22464790270638613 0.028700123159384756
4410 0.03452623505255293 0.034124255819181375 0.47191269141885217
4411 0.47204928534347373 0.034594168690194237 0.034374459761206476
4412 0.035265869341842684 0.46724799802082423 0.036084792072154516
4413 0.025443545644329765 0.97554424411455376 0.90987399336731134
4414 0.97504378901478961 0.92608793522569366 0.024425174927972661
4415 0.24252248501541029 0.02832242878230604 0.97554767557369526
4416 0.97551459132221519 0.24254750479096998 0.028346837641182572
4417 0.031217286929003347 0.96763195460201556 0.24446900485420969
4418 0.74446116748848368 0.97283633244027667 0.96635273586818993
4419 0.96464526843901377 0.735006805250905 0.96358128836775225
4420 0.64982580905426734 0.027052222993207552 0.027250128294980091
4421 0.027207637585189993 0.026123137461696339 0.63650367599922275
4422 0.027223843519420959 0.64968094630457796 0.027085454782622784
4423 0.028510964343539145 0.19058406062650587 0.97307181075656968
4424 0.97005791566963251 0.033335188010254771 0.2140174930258289
4425 0.21397191432825596 0.96999277309610898 0.03339196716941787
4426 0.35962786500569838 0.045508063471402911 0.9574303994280543
4427 0.95722990942237962 0.35978769623228013 0.045649969246395278
4428 0.53647567400427421 0.028408299054768469 0.030755463917265514
4429 0.029798957881361131 0.52779681736783401 0.028347866713544785
4430 0.028605610766030472 0.030491176062729216 0.53598651833609057
4431 0.024178485324862838 0.082325839221863942 0.024150954405626493
4432 0.025926657552794784 0.028869781785225798 0.090196850271711454
4433 0.089160093312418837 0.029961712298497374 0.026075088766927969
4434 0.027390135429334272 0.023881469016457522 0.92435012323189047
4435 0.92537448377887888 0.02804357498142598 0.02448359807254237
4436 0.024098395281470453 0.92435282806163133 0.027898489870390706
4437 0.96432411489606862 0.028412780949720221 0.510794033620661
4438 0.51074841636032187 0.96430530455077201 0.02858590999346506
4439 0.028402447002613518 0.51258185547432955 0.96349250202880188
4440 0.21499092230054126 0.95999647266760324 0.95491238115113297
4441 0.96784137304289886 0.96669780761539681 0.18174546013439336
4442 0.9655194320586078 0.18195071953042855 0.96750278830853975
4443 0.96413584886486314 0.96577558952094555 0.88812322183757042
4444 0.96713239089765091 0.88604624704056534 0.96496162895594473
4445 0.8865435438957493 0.96586194540584303 0.96710263302063415
4446 0.96538581359298448 0.60683626406593361 0.96926048538838849
4447 0.97707945291267606 0.9736210584898245 0.61105558005218674
4448 0.44885290530178507 0.97672657776007188 0.97819926049538308
4449 0.97740161916814472 0.46184939010174392 0.97542373867509202
4450 0.97121639375792113 0.9699142998621938 0.43426449005210538
4451 0.032826047078491787 0.085487488219721686 0.96504261012935977
4452 0.96649805192924354 0.032999869115495982 0.090133460228088297
4453 0.090549893141886814 0.96640704222113993 0.033675619381796279
4454 0.12149751121970837 0.03514325620895721 0.96822043781886091
4455 0.026371856291308768 0.97039874879742172 0.12475100821098366
4456 0.96816212117657563 0.12124566232249512 0.03503889700089944
4457 0.9659963562024142 0.47507274645764203 0.034899556823508482
4458 0.47451941005817866 0.036302501194733279 0.96612002645389283
4459 0.31120226468969403 0.97282856753513058 0.029777496350123705
4460 0.97285162535734826 0.029736241240652276 0.31122473545420376
4461 0.028734480225968802 0.30343454021222821 0.97200101366274094
4462 0.030174292979129859 0.9655279809892543 0.54274245135953902
4463 0.41256543577584903 0.95942941701950724 0.039067566295919891
4464 0.95946683251392539 0.039016136897616703 0.41258575287582905
4465 0.039908954537627037 0.41368741148774901 0.95845171203061263
4466 0.96846679142799019 0.97189777819470102 0.38513324765043055
4467 0.96859823831346781 0.40036227711733791 0.96402997319934092
4468 0.40348771967032065 0.96518811190023956 0.9676539484205815
4469 0.97405398157557299 0.53496594938482633 0.030267337431542807
4470 0.54354247520754495 0.03127813746497813 0.95951348631639133
4471 0.095414001606585835 0.96821433513812394 0.9698702023174478
4472 0.97053620261238105 0.092912201502674069 0.96983544301034863
4473 0.96881789812297792 0.97163315973394349 0.093036164198207427
4474 0.59031697965010865 0.96821900489846491 0.96999251853420065
4475 0.33555434766048919 0.9631081500217249 0.97173035973860866
4476 0.97252616603641051 0.32159688100778544 0.96815049858830871
4477 0.96856309762395842 0.96985783395187319 0.32845981453024747
4478 0.97534970658022868 0.57073781844450988 0.97230712235474903
4479 0.97391509433501988 0.97005327854834578 0.56980054825592019
4480 0.53725395485846505 0.97374011621349998 0.9764965609412225
4481 0.036250249623935728 0.29309100716267578 0.034606460231043822
4482 0.48772157076715056 0.97190627189622092 0.9746046709154963
4483 0.96929020792147869 0.033643095359535996 0.14298381101292698
4484 0.14277462478827008 0.96925897177069931 0.033695233305427987
4485 0.2923619428160063 0.036521033008275812 0.96301564331791123
4486 0.029647314087565445 0.1462671527931842 0.026653062170154746
4487 0.97326508431103531 0.97052189286450752 0.029108691652124905
4488 0.029311769300484375 0.97103647687633621 0.96673423625291954
4489 0.027230539690545556 0.028048147111555281 0.28196449330612383
4490 0.027908319499322518 0.97373061406375616 0.48526605866195799
4491 0.029131661729784649 0.031906384086381571 0.029505535694356367
4492 0.67326491995813187 0.96942755600919683 0.034184421597665521
4493 0.96862554836127068 0.033892053511665257 0.67323042278268641
4494 0.2793691653120377 0.02526376086239307 0.025914218992782494
4495 0.026011830789172043 0.97108228282423825 0.43690310908062352
4496 0.025203229473046113 0.02708020716966263 0.72325331579635477
4497 0.67452045190210519 0.031524309493851516 0.96957510638460542
4498 0.031590860714982606 0.97069051828401287 0.67456742004536807
4499 0.030886208623131538 0.97199907837904143 0.83900981528405782
4500 0.83471096631480568 0.028900740471400226 0.9737685334963796
4501 0.9717278623564829 0.81121767036354908 0.028686092330775115
4502 0.96712748503267099 0.18421965459962586 0.034407910059485361
4503 0.96397305798517319 0.97417795825482667 0.65310280578941737
4504 0.69600211857743977 0.96580330308387097 0.96466670452911074
4505 0.96889746654097231 0.029318894630317189 0.79613484090633979
4506 0.79502149041394121 0.97050807901870229 0.028127944104399963
4507 0.03699126452203215 0.96148265688559342 0.2946177567375417
4508 0.029755369414071805 0.7961536146412509 0.96958742071042359
4509 0.27213753004638053 0.96115193622861295 0.02816846601140691
4510 0.96117588189820802 0.028116851401046045 0.27216170628156378
4511 0.96218842383709502 0.9672386787187397 0.78566318656973699
4512 0.024017115013548623 0.92392058688447398 0.972421484302047
4513 0.96895430715546615 0.97910324263660597 0.25924668561720787
4514 0.96840746974464353 0.96976991178986571 0.50762195540608401
4515 0.46165427765957145 0.97392828775039264 0.02624896511107782
4516 0.97392650365844846 0.026185904075723916 0.46165913078930082
4517 0.96294663833451255 0.29243619522164094 0.036593201868875762
4518 0.035144948564965438 0.1326772593289498 0.96203811978829401
4519 0.96769495248277615 0.036984974541717792 0.54996924138915149
4520 0.54994835174549839 0.96772740691045456 0.037301757175393038
4521 0.83759837626755351 0.97452200419039492 0.97613294921979565
4522 0.97357904460130729 0.074832885429826121 0.024660696314653043
4523 0.97090811974540359 0.65980090329774166 0.96803313893428522
4524 0.97853722934388476 0.14405980122765225 0.97745018424931407
4525 0.97617464422221012 0.83555446940151901 0.97231729889291518
4526 0.15669751876798207 0.97394265235796285 0.97680688278865402
4527 0.97767462947301975 0.97869420757023717 0.14404753937074449
4528 0.03717680384049208 0.96731755756556626 0.18410907239016053
4529 0.18430206328970014 0.034291823641968783 0.96736123352508652
4530 0.035519475126763962 0.24611008097548587 0.9703202988944144
4531 0.97644401854738572 0.51440652901507433 0.9735251960272896
4532 0.029160881967394432 0.97121341044583687 0.030989386634557213
4533 0.97582703828558548 0.25032483700976366 0.97124720072820458
4534 0.97032782730011014 0.02811951751353902 0.9729841505132083
4535 0.024367027292889559 0.97384718226565503 0.075102606635527008
4536 0.074918317175102403 0.024373781223302221 0.97320633795050593
4537 0.97241972633885354 0.02288727358998988 0.92571313491977636
4538 0.96473375315065646 0.64885223997242492 0.035403832097590543
4539 0.029862115533899884 0.79531129772790743 0.030054069205594048
4540 0.15903642946483959 0.029039390648706979 0.029348254901101226
4541 0.035595344616328226 0.037744064848676956 0.16378737635773469
4542 0.033399118757636855 0.67375383098500485 0.96927930248271632
4543 0.036824977220364735 0.5517561848970115 0.96783523154357931
4544 0.030291968483126389 0.96301889625442927 0.77218263734425974
4545 0.77232866487322149 0.029783244143435899 0.96377899662342836
4546 0.97130502604134272 0.030525701808562834 0.029071981000649009
4547 0.7894082018125077 0.97104801184624923 0.97167342858839034
4548 0.027086565190478289 0.030747006975936408 0.6778291727342407
4549 0.9647473241078216 0.87469807731294991 0.036320090107305233
4550 0.030541336950920279 0.028687483903197728 0.97084209747072125
4551 0.96938351809038359 0.78399634774683746 0.9612275139062002
4552 0.026961796422580824 0.46311380052546891 0.97368785206768738
4553 0.97238047644983971 0.97535731335771536 0.83741847497120259
4554 0.27755838166937724 0.96831960960663499 0.96795493913019059
4555 0.96793778509640793 0.54383254507187651 0.9495019438466773
$EndNodes
$Elements
20645
1 4 2 1 1 2374 2647 2156 3005
2 4 2 1 1 1923 2561 3149 3294
3 4 2 1 1 947 3501 2849 4055
4 4 2 1 1 1567 3500 2850 4059
5 4 2 1 1 2375 3777 2997 4176
6 4 2 1 1 2444 2924 1798 3754
7 4 2 1 1 2413 3440 2812 3498
8 4 2 1 1 769 3101 2386 3124
9 4 2 1 1 2133 2961 2542 3902
10 4 2 1 1 1801 1859 2447 2859
11 4 2 1 1 51 50 3884 479
12 4 2 1 1 809 4419 2561 3149
13 4 2 1 1 2470 2888 2304 3096
14 4 2 1 1 2623 2782 2284 3049
15 4 2 1 1 2381 2684 2219 3219
16 4 2 1 1 1673 3083 2837 2865
17 4 2 1 1 2369 2762 2670 3520
18 4 2 1 1 2441 2549 2171 2873
19 4 2 1 1 2760 2858 2174 2558
20 4 2 1 1 2748 2878 3886 3875
21 4 2 1 1 1053 3073 2838 2868
22 4 2 1 1 2888 2898 2304 3096
23 4 2 1 1 3290 3322 3061 3996
24 4 2 1 1 2500 4426 972 4143
25 4 2 1 1 634 4427 2502 4144
26 4 2 1 1 947 2897 3501 4055
27 4 2 1 1 2437 3933 2819 4186
28 4 2 1 1 1567 2899 3500 4059
29 4 2 1 1 2374 3005 2156 3640
30 4 2 1 1 2669 3075 2396 2214
31 4 2 1 1 805 4419 809 3149
32 4 2 1 1 1567 2850 3500 3701
33 4 2 1 1 2516 2844 2251 3330
34 4 2 1 1 2158 2727 2484 3060
35 4 2 1 1 2159 2725 2485 3058
36 4 2 1 1 2160 2726 2486 3059
37 4 2 1 1 2650 2758 687 3482
38 4 2 1 1 2933 2986 2673 3441
39 4 2 1 1 2113 2495 2734 2911
40 4 2 1 1 590 3350 3549 2366
41 4 2 1 1 2072 2673 2933 2986
42 4 2 1 1 2292 2762 2670 3371
43 4 2 1 1 947 2849 3501 3700
44 4 2 1 1 687 2758 2650 4095
45 4 2 1 1 2761 3040 3043 3014
46 4 2 1 1 3307 3042 3015 3039
47 4 2 1 1 2570 2707 3514 3979
48 4 2 1 1 2547 2649 2290 2832
49 4 2 1 1 3044 2842 2595 2346
50 4 2 1 1 3566 3975 2528 4068
51 4 2 1 1 2441 2806 2272 3432
52 4 2 1 1 2230 2586 3588 4322
53 4 2 1 1 2431 3588 2586 4322
54 4 2 1 1 2761 3040 3014 3305
55 4 2 1 1 3662 3932 3071 2461
56 4 2 1 1 3307 3042 3039 2294
57 4 2 1 1 2788 3041 3035 3013
58 4 2 1 1 664 2714 2465 3668
59 4 2 1 1 3210 3619 2547 3964
60 4 2 1 1 2387 2909 2481 3694
61 4 2 1 1 4472 2036 4534 89
62 4 2 1 1 2036 89 5 4534
63 4 2 1 1 3663 3432 2806 2441
64 4 2 1 1 2143 2711 2340 3001
65 4 2 1 1 3488 3593 2984 2708
66 4 2 1 1 809 4419 756 4551
67 4 2 1 1 2877 2716 2365 4126
68 4 2 1 1 2818 3640 2669 3902
69 4 2 1 1 2669 2818 2084 3640
70 4 2 1 1 1060 1126 2756 4173
71 4 2 1 1 2593 383 2451 3460
72 4 2 1 1 2594 1623 2452 3459
73 4 2 1 1 2592 1003 2450 3458
74 4 2 1 1 4472 2036 2868 4534
75 4 2 1 1 594 3049 2623 3366
76 4 2 1 1 2407 2708 2984 3593
77 4 2 1 1 653 4446 2698 3481
78 4 2 1 1 2788 3041 3013 3306
79 4 2 1 1 2154 2716 2877 4126
80 4 2 1 1 1857 3368 2961 3617
81 4 2 1 1 2587 2844 2576 2228
82 4 2 1 1 2133 2352 2961 3902
83 4 2 1 1 3663 3432 2441 4209
84 4 2 1 1 2670 2762 2292 3520
85 4 2 1 1 2443 2873 3767 3175
86 4 2 1 1 664 2465 2714 3030
87 4 2 1 1 2159 2485 2725 2395
88 4 2 1 1 2160 2486 2726 2394
89 4 2 1 1 153 4550 2038 4536
90 4 2 1 1 2369 2762 3520 3678
91 4 2 1 1 4550 4536 2945 2038
92 4 2 1 1 2158 2484 2727 2396
93 4 2 1 1 2238 2812 3440 3498
94 4 2 1 1 2761 3040 3305 2293
95 4 2 1 1 3307 3042 2294 2762
96 4 2 1 1 1777 3279 3017 3342
97 4 2 1 1 2113 2616 2475 2736
98 4 2 1 1 1857 2961 1871 3617
99 4 2 1 1 2292 2394 3042 3371
100 4 2 1 1 2113 2512 2911 2734
101 4 2 1 1 2788 3041 3306 2295
102 4 2 1 1 153 4550 4536 1106
103 4 2 1 1 420 2991 2442 3212
104 4 2 1 1 1040 2993 2443 3213
105 4 2 1 1 590 3549 3350 727
106 4 2 1 1 2361 3515 3155 3859
107 4 2 1 1 2801 3500 2667 4181
108 4 2 1 1 2442 3327 2806 3432
109 4 2 1 1 3290 2283 3208 3134
110 4 2 1 1 726 3299 2904 3361
111 4 2 1 1 1973 3300 2905 3359
112 4 2 1 1 3770 3255 2359 2529
113 4 2 1 1 3178 4185 737 2640
114 4 2 1 1 2840 2331 3369 3758
115 4 2 1 1 2992 1660 2441 3528
116 4 2 1 1 3996 3061 4391 3322
117 4 2 1 1 2720 3421 2418 3108
118 4 2 1 1 3078 3408 2749 3648
119 4 2 1 1 3080 3406 2750 3647
120 4 2 1 1 3079 3407 2751 3646
121 4 2 1 1 3479 3863 2918 2455
122 4 2 1 1 620 2825 2601 4245
123 4 2 1 1 726 3361 2904 3818
124 4 2 1 1 1937 2916 2454 3865
125 4 2 1 1 1973 3359 2905 3816
126 4 2 1 1 694 2601 620 2825
127 4 2 1 1 2359 3122 2529 3255
128 4 2 1 1 2529 3122 2367 3255
129 4 2 1 1 2800 3501 2668 4182
130 4 2 1 1 530 2572 4511 3256
131 4 2 1 1 545 577 2989 3881
132 4 2 1 1 4209 2443 2095 3243
133 4 2 1 1 4209 2443 3243 2271
134 4 2 1 1 2669 2818 2214 2954
135 4 2 1 1 2992 2441 1660 3211
136 4 2 1 1 4555 2044 4478 3481
137 4 2 1 1 1634 2742 3567 3188
138 4 2 1 1 394 2743 3568 3187
139 4 2 1 1 1014 2744 3569 3189
140 4 2 1 1 2375 2157 2997 3174
141 4 2 1 1 2834 3685 1953 3828
142 4 2 1 1 2123 2623 3366 3922
143 4 2 1 1 545 2989 3032 3881
144 4 2 1 1 537 3277 3016 3341
145 4 2 1 1 2342 2473 2710 3375
146 4 2 1 1 2343 2473 2709 3376
147 4 2 1 1 1729 4487 8 184
148 4 2 1 1 2664 2893 2364 2554
149 4 2 1 1 184 1729 4487 2865
150 4 2 1 1 4057 3351 3099 3333
151 4 2 1 1 72 4532 4436 1727
152 4 2 1 1 2462 3376 2721 4128
153 4 2 1 1 3290 3208 2283 3061
154 4 2 1 1 2692 2392 3107 3276
155 4 2 1 1 1078 3886 4173 1060
156 4 2 1 1 2460 2910 3829 4041
157 4 2 1 1 2992 2881 2139 2551
158 4 2 1 1 2993 2880 3781 2552
159 4 2 1 1 2991 2882 2141 2553
160 4 2 1 1 2062 3491 2699 3823
161 4 2 1 1 2225 3304 3279 3693
162 4 2 1 1 2232 2475 2616 2736
163 4 2 1 1 2249 3506 2694 4078
164 4 2 1 1 3479 3863 2455 4000
165 4 2 1 1 2454 2916 1937 3478
166 4 2 1 1 2386 3012 769 3245
167 4 2 1 1 2093 2438 3150 3556
168 4 2 1 1 2092 2439 3151 3557
169 4 2 1 1 2094 2440 3152 3555
170 4 2 1 1 2113 2512 2734 3696
171 4 2 1 1 4532 4436 1727 2943
172 4 2 1 1 2576 3131 2587 2228
173 4 2 1 1 2883 4084 2376 3167
174 4 2 1 1 2884 4083 2378 3168
175 4 2 1 1 2143 2340 2771 3001
176 4 2 1 1 1218 3067 2445 3505
177 4 2 1 1 2460 3619 3210 3964
178 4 2 1 1 675 2650 2602 2927
179 4 2 1 1 2991 2882 2553 306
180 4 2 1 1 2992 2881 2551 1546
181 4 2 1 1 2993 2880 2552 926
182 4 2 1 1 2649 2290 2596 3018
183 4 2 1 1 2819 3933 1813 4186
184 4 2 1 1 72 4532 1727 4
185 4 2 1 1 2883 4084 3167 250
186 4 2 1 1 2884 4083 3168 870
187 4 2 1 1 2947 2296 3499 3696
188 4 2 1 1 1634 2742 3188 4141
189 4 2 1 1 394 2743 3187 4140
190 4 2 1 1 1014 2744 3189 4139
191 4 2 1 1 3662 3932 2461 3024
192 4 2 1 1 3208 3290 2069 3061
193 4 2 1 1 809 4419 4551 2561
194 4 2 1 1 2039 200 7 2896
195 4 2 1 1 2281 2326 2220 3087
196 4 2 1 1 2445 2212 3067 3456
197 4 2 1 1 2443 3767 2873 2095
198 4 2 1 1 2124 3030 3295 3315
199 4 2 1 1 2124 2714 2483 2752
200 4 2 1 1 2510 3067 2212 3456
201 4 2 1 1 2649 2596 2290 2832
202 4 2 1 1 2281 2326 2111 2220
203 4 2 1 1 2836 3161 1156 3575
204 4 2 1 1 3408 3648 3078 4084
205 4 2 1 1 3406 3647 3080 4083
206 4 2 1 1 3407 3646 3079 4085
207 4 2 1 1 1269 2268 3637 3475
208 4 2 1 1 3572 2376 4192 2967
209 4 2 1 1 4232 3571 2377 2969
210 4 2 1 1 2265 3150 2438 3556
211 4 2 1 1 2264 3151 2439 3557
212 4 2 1 1 2069 2341 2590 3170
213 4 2 1 1 2266 3152 2440 3555
214 4 2 1 1 1742 3083 2865 3637
215 4 2 1 1 4531 4555 2044 4478
216 4 2 1 1 2117 2814 2444 3435
217 4 2 1 1 2468 3112 2745 3721
218 4 2 1 1 2084 2818 2669 2954
219 4 2 1 1 4168 4440 2764 3104
220 4 2 1 1 1859 2447 2859 3410
221 4 2 1 1 2277 2858 2760 2558
222 4 2 1 1 2214 2818 2669 3902
223 4 2 1 1 4419 2032 2561 3149
224 4 2 1 1 4531 4555 2693 2044
225 4 2 1 1 2376 3312 2967 3572
226 4 2 1 1 2377 3314 2969 3571
227 4 2 1 1 2098 2721 2462 3376
228 4 2 1 1 2064 2670 2762 3371
229 4 2 1 1 2084 2893 3729 3182
230 4 2 1 1 2646 2812 2238 3498
231 4 2 1 1 1902 2497 2022 3082
232 4 2 1 1 3279 3304 2424 3693
233 4 2 1 1 2511 2603 2499 3293
234 4 2 1 1 2155 2737 2366 2879
235 4 2 1 1 2366 2737 2274 2879
236 4 2 1 1 4511 1429 1376 2572
237 4 2 1 1 3491 3110 3109 2344
238 4 2 1 1 2062 3110 3491 3823
239 4 2 1 1 4555 2693 2044 3481
240 4 2 1 1 619 2428 3086 2731
241 4 2 1 1 2291 2395 3043 3503
242 4 2 1 1 2152 2647 2449 3183
243 4 2 1 1 2365 2735 2275 2877
244 4 2 1 1 3669 1722 1672 2837
245 4 2 1 1 200 2896 1771 4445
246 4 2 1 1 2735 2877 2365 4126
247 4 2 1 1 4433 1728 4491 2878
248 4 2 1 1 4433 1728 137 4491
249 4 2 1 1 4491 137 2 1728
250 4 2 1 1 2154 2877 2735 4126
251 4 2 1 1 594 3049 3366 3671
252 4 2 1 1 2155 2879 2366 3949
253 4 2 1 1 2387 2188 2909 3694
254 4 2 1 1 2275 2365 2877 3497
255 4 2 1 1 2008 2908 2945 3734
256 4 2 1 1 1388 2906 2943 3732
257 4 2 1 1 768 2907 2944 3733
258 4 2 1 1 2320 3295 3030 3315
259 4 2 1 1 2271 2873 2443 3175
260 4 2 1 1 2745 3112 2153 3721
261 4 2 1 1 2499 2603 2511 3614
262 4 2 1 1 2562 3179 2385 3779
263 4 2 1 1 2321 3185 2157 3435
264 4 2 1 1 2621 1841 2834 3704
265 4 2 1 1 4488 56 3 1416
266 4 2 1 1 2441 2272 2806 3276
267 4 2 1 1 1261 2466 2667 4107
268 4 2 1 1 3179 3779 2562 4257
269 4 2 1 1 2309 2345 2125 3542
270 4 2 1 1 1932 2997 3777 4176
271 4 2 1 1 2364 2893 2664 4190
272 4 2 1 1 2381 2219 2684 3199
273 4 2 1 1 972 4426 2905 827
274 4 2 1 1 2502 4427 770 2904
275 4 2 1 1 2098 2462 2721 4307
276 4 2 1 1 3222 3430 2197 3782
277 4 2 1 1 1171 3123 3003 3675
278 4 2 1 1 2087 3590 3171 2248
279 4 2 1 1 2174 2729 2615 3147
280 4 2 1 1 3210 3964 2547 4041
281 4 2 1 1 2110 2883 2531 4062
282 4 2 1 1 2112 2884 2532 4061
283 4 2 1 1 2331 3529 3369 3758
284 4 2 1 1 1920 2757 2561 3294
285 4 2 1 1 1122 3073 2868 3612
286 4 2 1 1 2340 2711 2143 3141
287 4 2 1 1 2819 2997 2375 3777
288 4 2 1 1 2368 2674 2591 3975
289 4 2 1 1 2595 3044 2126 3506
290 4 2 1 1 2602 2650 2212 2895
291 4 2 1 1 2284 3049 2782 4331
292 4 2 1 1 2238 2938 2812 3295
293 4 2 1 1 2667 3500 1568 4181
294 4 2 1 1 2650 2895 2602 4073
295 4 2 1 1 2751 2190 2418 3103
296 4 2 1 1 3631 4093 4078 2574
297 4 2 1 1 769 2835 2386 3101
298 4 2 1 1 2761 3040 2293 3043
299 4 2 1 1 3307 3042 2762 3015
300 4 2 1 1 2788 3041 2295 3035
301 4 2 1 1 594 722 2623 3049
302 4 2 1 1 3662 3932 3024 2482
303 4 2 1 1 2430 2229 3589 2585
304 4 2 1 1 1014 3189 3569 4049
305 4 2 1 1 3188 3567 1634 4048
306 4 2 1 1 394 3187 3568 4047
307 4 2 1 1 2668 3501 948 4182
308 4 2 1 1 2751 2418 2190 2969
309 4 2 1 1 421 3477 2991 3507
310 4 2 1 1 3330 2844 3918 2516
311 4 2 1 1 2290 2649 2547 3874
312 4 2 1 1 1953 3685 2834 3706
313 4 2 1 1 3161 2836 3308 3575
314 4 2 1 1 4488 4413 56 1416
315 4 2 1 1 2194 2436 2634 3248
316 4 2 1 1 2195 2435 4039 3249
317 4 2 1 1 2196 2434 4040 3250
318 4 2 1 1 2364 3636 2664 2554
319 4 2 1 1 2121 2697 3247 3393
320 4 2 1 1 2375 2997 2819 3174
321 4 2 1 1 545 577 701 2989
322 4 2 1 1 2174 2615 2729 3263
323 4 2 1 1 2249 3506 4078 4093
324 4 2 1 1 947 919 2897 4055
325 4 2 1 1 2117 2845 2665 3903
326 4 2 1 1 3062 2394 2687 3371
327 4 2 1 1 2814 2924 2444 3435
328 4 2 1 1 4175 3304 3279 2600
329 4 2 1 1 3055 2507 3906 4149
330 4 2 1 1 3053 2506 3907 4150
331 4 2 1 1 3054 3976 3905 4151
332 4 2 1 1 697 760 2918 3863
333 4 2 1 1 2000 2916 1937 3865
334 4 2 1 1 349 2593 383 3446
335 4 2 1 1 4146 1623 3447 2594
336 4 2 1 1 969 2592 1003 3445
337 4 2 1 1 508 4518 3860 2643
338 4 2 1 1 3732 4484 2641 3862
339 4 2 1 1 3733 4483 2642 3861
340 4 2 1 1 4488 4413 1416 2861
341 4 2 1 1 4546 6 73 1107
342 4 2 1 1 2427 1288 2772 3381
343 4 2 1 1 2062 3471 2707 3882
344 4 2 1 1 1399 2851 2745 2614
345 4 2 1 1 2276 2961 2352 3902
346 4 2 1 1 1567 1539 2899 4059
347 4 2 1 1 349 2593 3446 4147
348 4 2 1 1 4146 1623 2594 1694
349 4 2 1 1 969 2592 3445 4145
350 4 2 1 1 2293 2463 3320 4114
351 4 2 1 1 2840 3369 3179 3448
352 4 2 1 1 2475 2616 2113 2408
353 4 2 1 1 4452 4546 73 1107
354 4 2 1 1 710 711 2387 3086
355 4 2 1 1 3552 2975 3309 2514
356 4 2 1 1 3127 3200 2811 2676
357 4 2 1 1 2169 2280 2570 3337
358 4 2 1 1 2435 2195 2635 3259
359 4 2 1 1 2436 2194 2634 3258
360 4 2 1 1 2434 2196 2636 3260
361 4 2 1 1 1798 2814 2444 3425
362 4 2 1 1 2201 3772 2685 3497
363 4 2 1 1 3662 3932 2482 3071
364 4 2 1 1 2133 2484 2727 2857
365 4 2 1 1 2134 2485 2725 2856
366 4 2 1 1 2135 2486 2726 2855
367 4 2 1 1 2436 2634 3248 3852
368 4 2 1 1 555 2534 3522 3273
369 4 2 1 1 2325 2221 2536 4005
370 4 2 1 1 2327 2222 2538 4007
371 4 2 1 1 4132 1626 2964 2539
372 4 2 1 1 4133 386 2965 2540
373 4 2 1 1 4134 1006 2966 2541
374 4 2 1 1 2280 3114 3089 3665
375 4 2 1 1 2274 2366 2879 3430
376 4 2 1 1 1777 1778 3017 3279
377 4 2 1 1 420 2442 2991 3477
378 4 2 1 1 4132 1626 2539 1625
379 4 2 1 1 4133 386 2540 385
380 4 2 1 1 4134 1006 2541 1005
381 4 2 1 1 2203 2885 2377 3166
382 4 2 1 1 2202 2883 2376 3167
383 4 2 1 1 2087 3171 2791 2248
384 4 2 1 1 1932 2997 2819 3777
385 4 2 1 1 1280 4440 4168 3104
386 4 2 1 1 2470 4170 2304 3355
387 4 2 1 1 577 3473 2989 3881
388 4 2 1 1 2570 2821 2707 3979
389 4 2 1 1 2188 3273 3291 3488
390 4 2 1 1 2280 2854 3089 3114
391 4 2 1 1 3540 2339 3442 2724
392 4 2 1 1 2707 2170 3514 3979
393 4 2 1 1 2615 2729 2205 3147
394 4 2 1 1 4362 3552 2975 2877
395 4 2 1 1 2593 2451 383 3446
396 4 2 1 1 2594 2452 1623 3447
397 4 2 1 1 2592 2450 1003 3445
398 4 2 1 1 2124 3030 2465 3295
399 4 2 1 1 1060 3886 4173 2756
400 4 2 1 1 3003 3123 2391 3675
401 4 2 1 1 1923 2561 3294 1920
402 4 2 1 1 4452 4546 1107 2944
403 4 2 1 1 2382 2512 2545 3696
404 4 2 1 1 1923 2561 1920 2032
405 4 2 1 1 2128 2679 2349 2728
406 4 2 1 1 2955 3176 2375 3294
407 4 2 1 1 1288 2427 1415 3381
408 4 2 1 1 4175 3279 3304 2424
409 4 2 1 1 2316 3291 3273 3488
410 4 2 1 1 1383 4490 48 4495
411 4 2 1 1 2072 2723 2398 2781
412 4 2 1 1 2375 2157 3174 4080
413 4 2 1 1 2466 3230 2201 3772
414 4 2 1 1 2806 3107 2392 3276
415 4 2 1 1 2634 2537 3248 3852
416 4 2 1 1 4446 4523 2698 2029
417 4 2 1 1 2664 3120 2364 4190
418 4 2 1 1 2497 4467 3082 813
419 4 2 1 1 2139 2692 3107 3276
420 4 2 1 1 653 4446 3481 4478
421 4 2 1 1 394 3568 267 4047
422 4 2 1 1 1507 1634 3567 4048
423 4 2 1 1 1014 3569 887 4049
424 4 2 1 1 2114 2910 2494 3829
425 4 2 1 1 3089 3114 2327 3665
426 4 2 1 1 2147 3906 3055 2507
427 4 2 1 1 2148 3907 3053 2506
428 4 2 1 1 2146 3905 3054 3976
429 4 2 1 1 3471 3109 3108 2343
430 4 2 1 1 2422 3302 3073 3628
431 4 2 1 1 2397 2694 3071 3506
432 4 2 1 1 2464 2294 3321 4179
433 4 2 1 1 783 4523 2698 4446
434 4 2 1 1 482 3340 2836 3570
435 4 2 1 1 3541 1194 1187 1193
436 4 2 1 1 2083 3194 3089 3805
437 4 2 1 1 2081 3195 3087 3806
438 4 2 1 1 2082 3196 3088 3807
439 4 2 1 1 2759 3071 2694 3506
440 4 2 1 1 2232 2616 2475 3897
441 4 2 1 1 3498 2812 3562 2646
442 4 2 1 1 1989 4440 188 4554
443 4 2 1 1 2262 2593 2451 3424
444 4 2 1 1 2263 2594 2452 3423
445 4 2 1 1 2261 2592 2450 3422
446 4 2 1 1 2116 4044 3031 3560
447 4 2 1 1 1925 3098 2619 3165
448 4 2 1 1 2487 3365 2128 3803
449 4 2 1 1 2612 2168 2388 4190
450 4 2 1 1 4554 1989 4440 3104
451 4 2 1 1 2388 2168 3483 4190
452 4 2 1 1 2515 2101 2582 3917
453 4 2 1 1 2208 3301 3193 3696
454 4 2 1 1 3499 3696 2296 2408
455 4 2 1 1 3491 3109 3110 2062
456 4 2 1 1 2072 2869 2723 4020
457 4 2 1 1 1801 1803 1859 2859
458 4 2 1 1 2814 2845 2117 3903
459 4 2 1 1 1319 1314 3413 3844
460 4 2 1 1 2915 3247 2697 3393
461 4 2 1 1 2069 2341 3322 2590
462 4 2 1 1 998 4470 162 3865
463 4 2 1 1 4440 3104 2059 2764
464 4 2 1 1 538 3016 537 3277
465 4 2 1 1 4136 3735 2281 3823
466 4 2 1 1 2382 3301 2512 3696
467 4 2 1 1 2420 2224 3001 3570
468 4 2 1 1 3339 3366 2123 3710
469 4 2 1 1 2467 3222 2197 3782
470 4 2 1 1 2464 2294 4179 3307
471 4 2 1 1 2625 2168 3272 3431
472 4 2 1 1 1756 4554 4475 3104
473 4 2 1 1 2095 2442 2806 3432
474 4 2 1 1 2487 2775 2128 3365
475 4 2 1 1 2367 3438 2462 3730
476 4 2 1 1 2363 2144 2600 2822
477 4 2 1 1 3586 3514 2570 2707
478 4 2 1 1 2386 2835 769 3012
479 4 2 1 1 2841 3560 3031 4044
480 4 2 1 1 2819 2375 3048 3689
481 4 2 1 1 3261 3377 2233 2584
482 4 2 1 1 2813 4087 3077 2329
483 4 2 1 1 545 547 2494 2989
484 4 2 1 1 4136 2281 3735 2779
485 4 2 1 1 1756 4554 3104 1989
486 4 2 1 1 2089 2771 2420 3308
487 4 2 1 1 2171 2441 2873 3663
488 4 2 1 1 870 3168 871 4083
489 4 2 1 1 251 250 3167 4084
490 4 2 1 1 2811 4088 3081 2330
491 4 2 1 1 723 3178 3671 4185
492 4 2 1 1 1801 2859 2447 3159
493 4 2 1 1 1989 188 189 4554
494 4 2 1 1 1813 1814 2819 4186
495 4 2 1 1 1218 3505 2445 3711
496 4 2 1 1 2460 2910 4041 4208
497 4 2 1 1 349 2593 4147 454
498 4 2 1 1 4146 1623 1694 1589
499 4 2 1 1 969 2592 4145 1074
500 4 2 1 1 2469 2161 3513 4163
501 4 2 1 1 567 574 2469 2928
502 4 2 1 1 2112 2532 3114 4061
503 4 2 1 1 2110 2531 3883 4062
504 4 2 1 1 2062 3109 3471 3882
505 4 2 1 1 2790 3537 3221 3747
506 4 2 1 1 2475 2616 2408 3536
507 4 2 1 1 1752 2041 1992 3622
508 4 2 1 1 2675 3272 2168 3431
509 4 2 1 1 3346 4257 2073 3203
510 4 2 1 1 349 2593 454 383
511 4 2 1 1 4146 1623 1589 3447
512 4 2 1 1 969 2592 1074 1003
513 4 2 1 1 2705 3521 328 4119
514 4 2 1 1 2515 2870 2383 3520
515 4 2 1 1 2749 3078 2503 3408
516 4 2 1 1 2751 3079 2504 3407
517 4 2 1 1 2750 3080 2505 3406
518 4 2 1 1 2720 3421 2282 2418
519 4 2 1 1 2888 3716 2304 3870
520 4 2 1 1 2363 2600 2144 3142
521 4 2 1 1 2608 3320 2293 2463
522 4 2 1 1 3545 3158 2889 2485
523 4 2 1 1 2387 2481 2909 3922
524 4 2 1 1 3546 3154 2891 2486
525 4 2 1 1 2510 2161 2895 3867
526 4 2 1 1 2461 3071 2126 3932
527 4 2 1 1 2094 3271 2440 3555
528 4 2 1 1 2093 3269 2438 3556
529 4 2 1 1 2092 3270 2439 3557
530 4 2 1 1 285 2400 2890 3547
531 4 2 1 1 2402 2891 905 3546
532 4 2 1 1 1525 2401 2889 3545
533 4 2 1 1 1841 2621 3023 4297
534 4 2 1 1 2331 3179 2840 3369
535 4 2 1 1 2215 2535 2678 2833
536 4 2 1 1 2161 2510 2920 3867
537 4 2 1 1 2469 2928 574 3318
538 4 2 1 1 1160 1313 2666 4338
539 4 2 1 1 545 2989 2494 3032
540 4 2 1 1 2813 3077 4087 2241
541 4 2 1 1 1314 1197 3565 3844
542 4 2 1 1 2236 2745 2468 3112
543 4 2 1 1 2218 2749 3408 3648
544 4 2 1 1 2217 2751 3407 3646
545 4 2 1 1 2216 2750 3406 3647
546 4 2 1 1 2124 2465 2823 3295
547 4 2 1 1 2811 3081 4088 2240
548 4 2 1 1 2169 2280 3337 3114
549 4 2 1 1 2173 2752 2483 3113
550 4 2 1 1 4553 4443 119 1368
551 4 2 1 1 998 4470 1114 162
552 4 2 1 1 2156 2774 2374 3640
553 4 2 1 1 2332 2845 2814 3903
554 4 2 1 1 4057 3351 3333 2259
555 4 2 1 1 752 513 801 3624
556 4 2 1 1 2623 2123 3366 3710
557 4 2 1 1 1313 3630 2666 4338
558 4 2 1 1 2673 2933 2300 2072
559 4 2 1 1 555 2534 3273 552
560 4 2 1 1 1695 2992 2703 3385
561 4 2 1 1 2124 2465 2714 2823
562 4 2 1 1 567 2928 2469 3494
563 4 2 1 1 4192 4062 2883 2110
564 4 2 1 1 4191 4061 2884 2112
565 4 2 1 1 2299 2396 3035 2214
566 4 2 1 1 2062 3823 3735 4136
567 4 2 1 1 3531 4443 4553 1368
568 4 2 1 1 2649 2802 2255 4008
569 4 2 1 1 2168 2675 2612 3272
570 4 2 1 1 2634 3248 2537 2194
571 4 2 1 1 1874 4426 2500 4143
572 4 2 1 1 2502 4427 2904 1592
573 4 2 1 1 3202 3565 1197 3844
574 4 2 1 1 2283 3018 2596 4142
575 4 2 1 1 1149 4553 4511 118
576 4 2 1 1 2886 3715 2306 3955
577 4 2 1 1 2580 2200 3957 3353
578 4 2 1 1 1372 1133 1421 3623
579 4 2 1 1 3261 3377 2584 3072
580 4 2 1 1 3208 3290 3134 2829
581 4 2 1 1 119 118 4553 1368
582 4 2 1 1 2407 2984 2708 4002
583 4 2 1 1 3903 3193 3084 3600
584 4 2 1 1 2581 2198 3960 4065
585 4 2 1 1 679 769 3012 3245
586 4 2 1 1 1149 4553 118 1368
587 4 2 1 1 1432 4443 2896 3531
588 4 2 1 1 2084 3729 2893 2448
589 4 2 1 1 2113 2736 2475 3499
590 4 2 1 1 2221 2325 2981 4005
591 4 2 1 1 2222 2327 2980 4007
592 4 2 1 1 3083 1742 1741 3637
593 4 2 1 1 2819 3048 2375 3174
594 4 2 1 1 2062 3108 3421 3471
595 4 2 1 1 1122 3073 3612 996
596 4 2 1 1 1992 31 4552 4465
597 4 2 1 1 3471 3108 3109 2062
598 4 2 1 1 1399 2851 2614 1212
599 4 2 1 1 694 2601 2825 3881
600 4 2 1 1 4465 4552 1992 3622
601 4 2 1 1 792 2572 530 3256
602 4 2 1 1 2975 3309 2514 4036
603 4 2 1 1 2075 2613 2545 3644
604 4 2 1 1 2214 3075 2587 3393
605 4 2 1 1 2665 2845 2332 3903
606 4 2 1 1 2325 2524 3883 2981
607 4 2 1 1 2878 468 2748 4486
608 4 2 1 1 1160 2666 3161 4338
609 4 2 1 1 1752 4552 4439 3622
610 4 2 1 1 985 892 1105 3798
611 4 2 1 1 1752 4552 3622 1992
612 4 2 1 1 2139 2635 2435 4039
613 4 2 1 1 2141 2636 2434 4040
614 4 2 1 1 2272 2806 3327 3432
615 4 2 1 1 2427 2772 1288 3244
616 4 2 1 1 1507 1634 1629 3567
617 4 2 1 1 394 389 267 3568
618 4 2 1 1 1014 1009 887 3569
619 4 2 1 1 2087 2791 3085 2248
620 4 2 1 1 3488 3593 2708 4208
621 4 2 1 1 1725 1605 1512 3797
622 4 2 1 1 4469 130 1734 3863
623 4 2 1 1 2381 3199 2684 3783
624 4 2 1 1 32 31 4552 1992
625 4 2 1 1 2878 2748 468 3875
626 4 2 1 1 2349 2128 2728 3444
627 4 2 1 1 3055 3906 2539 4149
628 4 2 1 1 3053 3907 2540 4150
629 4 2 1 1 3054 3905 2541 4151
630 4 2 1 1 2609 3321 2294 4179
631 4 2 1 1 2132 2626 2404 3232
632 4 2 1 1 4525 1770 4551 102
633 4 2 1 1 4551 4419 101 1770
634 4 2 1 1 1770 4551 4419 2561
635 4 2 1 1 101 102 4551 1770
636 4 2 1 1 3086 3366 2623 3922
637 4 2 1 1 2585 3343 3443 3309
638 4 2 1 1 2669 3640 2804 3902
639 4 2 1 1 3545 3158 2485 3676
640 4 2 1 1 2387 3086 711 3372
641 4 2 1 1 3279 3342 1777 4351
642 4 2 1 1 619 2909 2731 3086
643 4 2 1 1 3546 3154 2486 3679
644 4 2 1 1 2387 2909 3086 3922
645 4 2 1 1 2623 3049 722 3148
646 4 2 1 1 2428 2731 563 3350
647 4 2 1 1 2419 3491 3110 3823
648 4 2 1 1 3837 4150 3053 2540
649 4 2 1 1 3836 4149 3055 2539
650 4 2 1 1 3838 4151 3054 2541
651 4 2 1 1 3124 3513 2161 4163
652 4 2 1 1 1040 2443 2993 3417
653 4 2 1 1 3502 2979 551 3273
654 4 2 1 1 2128 2679 2766 3344
655 4 2 1 1 4525 1770 3468 4551
656 4 2 1 1 2114 2494 2979 2989
657 4 2 1 1 2442 3212 2991 3979
658 4 2 1 1 2291 3043 2395 3676
659 4 2 1 1 1893 3002 2816 3921
660 4 2 1 1 2440 3555 3271 4122
661 4 2 1 1 2438 3556 3269 4123
662 4 2 1 1 2439 3557 3270 4124
663 4 2 1 1 2072 2398 2723 2869
664 4 2 1 1 4538 2639 521 3341
665 4 2 1 1 701 2989 577 3473
666 4 2 1 1 2310 2834 3685 3706
667 4 2 1 1 4551 2561 1770 3468
668 4 2 1 1 2515 2383 2101 3520
669 4 2 1 1 2444 1798 2924 2814
670 4 2 1 1 130 760 3863 4469
671 4 2 1 1 829 2638 4497 3342
672 4 2 1 1 2251 2300 2610 4307
673 4 2 1 1 2732 3685 2834 3828
674 4 2 1 1 1601 2700 4125 3811
675 4 2 1 1 619 2909 3086 710
676 4 2 1 1 4537 1109 4534 2868
677 4 2 1 1 2613 3362 2545 3644
678 4 2 1 1 2116 4044 3560 2589
679 4 2 1 1 2379 2930 2119 3831
680 4 2 1 1 4537 1109 88 4534
681 4 2 1 1 2729 2615 3106 3263
682 4 2 1 1 573 2469 574 3318
683 4 2 1 1 2163 2678 2535 2833
684 4 2 1 1 3127 2811 3200 2106
685 4 2 1 1 981 2701 4121 3812
686 4 2 1 1 2349 2679 2128 3344
687 4 2 1 1 3055 3415 3036 3987
688 4 2 1 1 3053 3414 3037 3986
689 4 2 1 1 3054 3416 3038 3985
690 4 2 1 1 2284 3366 3049 3671
691 4 2 1 1 2172 2834 2621 3023
692 4 2 1 1 2292 3042 2394 3679
693 4 2 1 1 1836 2819 2535 3777
694 4 2 1 1 2173 2483 2752 2963
695 4 2 1 1 3547 3164 2890 2484
696 4 2 1 1 2069 3061 3290 3322
697 4 2 1 1 2221 2981 2325 3883
698 4 2 1 1 2222 2980 2327 3114
699 4 2 1 1 710 2387 711 3873
700 4 2 1 1 1449 3184 2667 4181
701 4 2 1 1 1600 2700 2776 4125
702 4 2 1 1 2440 2266 3555 4122
703 4 2 1 1 2438 2265 3556 4123
704 4 2 1 1 2439 2264 3557 4124
705 4 2 1 1 1805 2915 2697 4098
706 4 2 1 1 4534 88 5 1109
707 4 2 1 1 4414 1729 4487 136
708 4 2 1 1 2296 2613 3010 2565
709 4 2 1 1 2697 2915 1805 3247
710 4 2 1 1 8 136 4487 1729
711 4 2 1 1 4414 1729 2865 4487
712 4 2 1 1 2290 3018 2649 3874
713 4 2 1 1 2909 3291 2481 3694
714 4 2 1 1 2062 3421 2707 3471
715 4 2 1 1 4451 2038 4550 2945
716 4 2 1 1 2309 3542 2125 3938
717 4 2 1 1 2213 2684 3199 3783
718 4 2 1 1 980 2701 2777 4121
719 4 2 1 1 1969 3247 1805 2915
720 4 2 1 1 464 2935 323 3477
721 4 2 1 1 692 3101 769 3124
722 4 2 1 1 550 2588 2979 3502
723 4 2 1 1 2419 2344 3110 3491
724 4 2 1 1 3969 2759 2126 2407
725 4 2 1 1 2460 3964 3210 4041
726 4 2 1 1 4035 2261 2940 3422
727 4 2 1 1 4033 2262 2941 3424
728 4 2 1 1 4034 2263 2942 3423
729 4 2 1 1 2340 2143 4203 3141
730 4 2 1 1 2444 2603 3435 4215
731 4 2 1 1 2444 3435 2603 2117
732 4 2 1 1 2384 2086 2514 3516
733 4 2 1 1 2249 3367 2609 3631
734 4 2 1 1 2468 3635 2645 3721
735 4 2 1 1 209 2644 4498 3340
736 4 2 1 1 2839 3521 327 3695
737 4 2 1 1 2384 2086 3516 2815
738 4 2 1 1 3398 2631 2359 3769
739 4 2 1 1 4451 2038 25 4550
740 4 2 1 1 828 3186 2668 4182
741 4 2 1 1 901 2550 3213 3744
742 4 2 1 1 3247 2915 1969 3973
743 4 2 1 1 2218 3408 2749 2503
744 4 2 1 1 2217 3407 2751 2504
745 4 2 1 1 2216 3406 2750 2505
746 4 2 1 1 2961 3902 3368 2542
747 4 2 1 1 3725 3851 1103 3355
748 4 2 1 1 3367 3588 2230 2586
749 4 2 1 1 2609 3631 3367 3956
750 4 2 1 1 3844 1319 2403 3413
751 4 2 1 1 2066 3333 3099 3351
752 4 2 1 1 2310 2834 2732 3685
753 4 2 1 1 2393 2132 2715 3118
754 4 2 1 1 2169 3586 2563 3767
755 4 2 1 1 2169 2570 3586 3767
756 4 2 1 1 2582 2101 2515 2789
757 4 2 1 1 2645 3721 2279 3930
758 4 2 1 1 2458 2143 3413 3847
759 4 2 1 1 2285 2804 2669 3182
760 4 2 1 1 2662 3960 2198 4065
761 4 2 1 1 2062 3586 3735 3823
762 4 2 1 1 2306 2886 2876 3715
763 4 2 1 1 2305 2887 2875 3714
764 4 2 1 1 2304 2888 2874 3716
765 4 2 1 1 947 1017 919 4055
766 4 2 1 1 2661 3957 2200 3353
767 4 2 1 1 2087 3085 3590 2248
768 4 2 1 1 2654 3094 1974 4169
769 4 2 1 1 2887 3714 2305 3810
770 4 2 1 1 2155 2366 3658 3949
771 4 2 1 1 4550 25 1 2038
772 4 2 1 1 24 4550 1106 4434
773 4 2 1 1 2161 2920 2510 3490
774 4 2 1 1 2084 2669 2804 3182
775 4 2 1 1 3430 3782 3222 4171
776 4 2 1 1 1399 2851 1212 1320
777 4 2 1 1 1171 1170 3123 3675
778 4 2 1 1 2195 4039 2435 2635
779 4 2 1 1 2196 4040 2434 2636
780 4 2 1 1 2849 3624 1017 4055
781 4 2 1 1 2114 2979 2534 2989
782 4 2 1 1 2325 2524 3074 3883
783 4 2 1 1 3261 3204 3925 2390
784 4 2 1 1 2493 2676 2811 3200
785 4 2 1 1 4033 2262 3424 2593
786 4 2 1 1 285 2400 3547 4367
787 4 2 1 1 1525 2401 3545 4366
788 4 2 1 1 2402 3546 905 4365
789 4 2 1 1 2444 2167 2603 4215
790 4 2 1 1 2151 2655 2599 3782
791 4 2 1 1 2375 3176 2757 3294
792 4 2 1 1 1859 2859 1803 3410
793 4 2 1 1 2228 2898 2888 3096
794 4 2 1 1 2084 2804 2669 3640
795 4 2 1 1 2812 2938 2238 3440
796 4 2 1 1 2313 2766 2679 3344
797 4 2 1 1 253 3167 2738 4084
798 4 2 1 1 3764 4085 1493 3166
799 4 2 1 1 873 3168 2740 4083
800 4 2 1 1 2393 2715 2132 4333
801 4 2 1 1 1567 1637 1539 4059
802 4 2 1 1 2567 2320 2465 4019
803 4 2 1 1 573 2469 3318 4163
804 4 2 1 1 3851 3725 977 3234
805 4 2 1 1 1801 3159 2447 3677
806 4 2 1 1 2850 3623 1637 4059
807 4 2 1 1 2136 3716 2888 3870
808 4 2 1 1 153 4550 1106 1
809 4 2 1 1 2286 2795 2687 3253
810 4 2 1 1 2879 3009 2366 3949
811 4 2 1 1 2287 2796 2688 3254
812 4 2 1 1 4055 3624 3728 2849
813 4 2 1 1 3123 3675 3373 2391
814 4 2 1 1 2171 2549 2441 3211
815 4 2 1 1 2442 2991 2985 3979
816 4 2 1 1 2751 3585 3103 2504
817 4 2 1 1 2084 2448 2893 3392
818 4 2 1 1 1240 3413 2754 3739
819 4 2 1 1 2499 2603 3614 4009
820 4 2 1 1 3992 1258 1257 3505
821 4 2 1 1 1625 2742 2539 4132
822 4 2 1 1 385 2743 2540 4133
823 4 2 1 1 1005 2744 2541 4134
824 4 2 1 1 2655 3336 2599 3782
825 4 2 1 1 2483 2752 2714 4082
826 4 2 1 1 2149 2833 2474 3048
827 4 2 1 1 2883 4084 250 4266
828 4 2 1 1 2884 4083 870 4267
829 4 2 1 1 4535 1418 4532 41
830 4 2 1 1 3395 2752 3885 2173
831 4 2 1 1 2229 2430 3589 3981
832 4 2 1 1 1418 41 4 4532
833 4 2 1 1 3289 357 3726 3854
834 4 2 1 1 2132 2626 3232 3600
835 4 2 1 1 4535 1418 2943 4532
836 4 2 1 1 208 3177 2705 4119
837 4 2 1 1 57 58 462 4431
838 4 2 1 1 1654 2522 2885 3399
839 4 2 1 1 1625 2539 2742 3453
840 4 2 1 1 385 2540 2743 3452
841 4 2 1 1 1005 2541 2744 3454
842 4 2 1 1 2198 2581 2077 4065
843 4 2 1 1 120 2896 1151 4443
844 4 2 1 1 3972 2603 3293 2499
845 4 2 1 1 3903 3193 3600 2665
846 4 2 1 1 2188 3291 2909 3694
847 4 2 1 1 2470 4170 3096 2304
848 4 2 1 1 2398 2072 2781 4214
849 4 2 1 1 1419 120 7 2896
850 4 2 1 1 4432 1108 4491 2878
851 4 2 1 1 2117 2665 2845 3809
852 4 2 1 1 327 3521 2839 4316
853 4 2 1 1 4432 1108 9 4491
854 4 2 1 1 3395 2752 2173 2421
855 4 2 1 1 2301 3065 2852 2342
856 4 2 1 1 1319 3236 3559 2403
857 4 2 1 1 1923 2561 2032 3149
858 4 2 1 1 2138 3714 2887 3810
859 4 2 1 1 2126 2595 3506 3969
860 4 2 1 1 3992 1257 1258 1273
861 4 2 1 1 1267 2824 1439 3768
862 4 2 1 1 1267 2824 1438 1439
863 4 2 1 1 2133 2727 2396 3152
864 4 2 1 1 2134 2725 2395 3151
865 4 2 1 1 2329 3292 2813 4087
866 4 2 1 1 2135 2726 2394 3150
867 4 2 1 1 2524 2325 3051 2981
868 4 2 1 1 679 3245 3012 3403
869 4 2 1 1 2836 1157 3161 3340
870 4 2 1 1 2070 2631 3398 3769
871 4 2 1 1 1108 2 9 4491
872 4 2 1 1 2511 2830 2603 3293
873 4 2 1 1 2179 3719 2574 3962
874 4 2 1 1 2606 2351 2809 3651
875 4 2 1 1 3179 3369 2314 3448
876 4 2 1 1 2325 3088 2221 3883
877 4 2 1 1 1374 2619 4418 3098
878 4 2 1 1 1777 1778 1776 3017
879 4 2 1 1 2134 2606 2959 2351
880 4 2 1 1 3669 1722 2837 4211
881 4 2 1 1 2719 3319 2295 3915
882 4 2 1 1 2717 3320 2293 2608
883 4 2 1 1 2718 3321 2294 3914
884 4 2 1 1 2327 3089 2222 3114
885 4 2 1 1 2751 3103 2418 3804
886 4 2 1 1 2610 2295 3319 3915
887 4 2 1 1 47 48 4495 1383
888 4 2 1 1 2609 2294 3321 3914
889 4 2 1 1 2621 2834 1841 3023
890 4 2 1 1 2332 2733 2814 2845
891 4 2 1 1 2135 2607 2957 2350
892 4 2 1 1 2137 3715 2886 3955
893 4 2 1 1 2488 3282 2184 3466
894 4 2 1 1 2490 3281 2183 3465
895 4 2 1 1 3764 4085 3166 3686
896 4 2 1 1 2738 3167 253 3766
897 4 2 1 1 2740 3168 873 3765
898 4 2 1 1 1525 2889 2401 3532
899 4 2 1 1 905 2891 2402 3533
900 4 2 1 1 2382 2545 2512 2121
901 4 2 1 1 3547 3164 2484 3712
902 4 2 1 1 2507 3055 3036 3987
903 4 2 1 1 2506 3053 3037 3986
904 4 2 1 1 2508 3054 3038 3985
905 4 2 1 1 285 2890 2400 3534
906 4 2 1 1 2184 3282 3064 3466
907 4 2 1 1 2183 3281 2781 3465
908 4 2 1 1 3103 3585 2635 2504
909 4 2 1 1 1269 2268 3475 3472
910 4 2 1 1 2620 2268 3637 3789
911 4 2 1 1 2292 3042 2762 3371
912 4 2 1 1 590 568 727 3350
913 4 2 1 1 2683 3430 3222 4171
914 4 2 1 1 4518 3734 3860 2643
915 4 2 1 1 3732 4484 3862 4453
916 4 2 1 1 3733 4483 3861 4452
917 4 2 1 1 2720 3421 3108 3471
918 4 2 1 1 2123 2840 3369 3758
919 4 2 1 1 2201 2801 2667 3283
920 4 2 1 1 2179 2912 2574 3719
921 4 2 1 1 3726 3854 483 3357
922 4 2 1 1 2607 2350 2810 3652
923 4 2 1 1 2626 3193 2792 3644
924 4 2 1 1 2548 3664 3074 3107
925 4 2 1 1 1383 4490 4495 4091
926 4 2 1 1 2650 2895 2161 3867
927 4 2 1 1 1788 2495 1787 2734
928 4 2 1 1 2075 3193 2626 3644
929 4 2 1 1 2157 2997 3174 3933
930 4 2 1 1 2301 2852 2722 2342
931 4 2 1 1 2133 2605 2961 2352
932 4 2 1 1 4318 3029 3850 2892
933 4 2 1 1 519 2758 4503 3992
934 4 2 1 1 4206 3295 2124 2812
935 4 2 1 1 2393 2132 3252 4333
936 4 2 1 1 1383 4490 4091 1132
937 4 2 1 1 3520 2762 3102 3678
938 4 2 1 1 2605 2352 2808 3650
939 4 2 1 1 4033 2262 2593 2137
940 4 2 1 1 3770 3255 2529 2103
941 4 2 1 1 2225 3279 3304 3573
942 4 2 1 1 1437 4514 113 4479
943 4 2 1 1 2523 3114 3052 2980
944 4 2 1 1 2793 1437 4479 4514
945 4 2 1 1 2282 3074 2853 3088
946 4 2 1 1 2583 3997 2289 3343
947 4 2 1 1 1230 1160 1313 2666
948 4 2 1 1 2374 2156 2647 2859
949 4 2 1 1 4059 3623 3727 2850
950 4 2 1 1 2487 2775 2019 3901
951 4 2 1 1 789 4503 4447 3992
952 4 2 1 1 2201 3500 2850 3701
953 4 2 1 1 4451 3734 2945 3860
954 4 2 1 1 4453 3732 2943 3862
955 4 2 1 1 4452 3733 2944 3861
956 4 2 1 1 3269 2907 3226 3447
957 4 2 1 1 3270 2906 3225 3446
958 4 2 1 1 3271 2908 3224 3445
959 4 2 1 1 3426 1430 2793 4514
960 4 2 1 1 1525 3532 2401 3764
961 4 2 1 1 905 3533 2402 3765
962 4 2 1 1 919 3591 2897 4055
963 4 2 1 1 538 536 537 3016
964 4 2 1 1 285 3534 2400 3766
965 4 2 1 1 2795 2687 2085 4138
966 4 2 1 1 3502 551 2979 550
967 4 2 1 1 2814 2845 2733 4074
968 4 2 1 1 2796 2688 2086 4135
969 4 2 1 1 2030 1892 1894 3695
970 4 2 1 1 3172 2198 2077 2770
971 4 2 1 1 2615 3181 3106 4306
972 4 2 1 1 672 2650 687 3482
973 4 2 1 1 1269 2268 3472 3789
974 4 2 1 1 2251 2706 2298 2869
975 4 2 1 1 1714 4549 4414 2865
976 4 2 1 1 2883 4084 4266 2376
977 4 2 1 1 2884 4083 4267 2378
978 4 2 1 1 2075 2626 2665 4392
979 4 2 1 1 1673 4549 1714 2865
980 4 2 1 1 2741 3576 2571 3674
981 4 2 1 1 2113 2459 2736 3499
982 4 2 1 1 2069 2341 3061 3322
983 4 2 1 1 2157 4127 3435 3174
984 4 2 1 1 1717 134 135 4549
985 4 2 1 1 2282 3074 3088 3664
986 4 2 1 1 2197 3501 2849 3700
987 4 2 1 1 2724 3440 2413 3498
988 4 2 1 1 4501 4549 134 1717
989 4 2 1 1 710 2387 2909 3086
990 4 2 1 1 2876 2886 2137 3715
991 4 2 1 1 2875 2887 2138 3714
992 4 2 1 1 2874 2888 2136 3716
993 4 2 1 1 3052 3114 2327 2980
994 4 2 1 1 3365 3595 2128 3803
995 4 2 1 1 3917 3931 2101 2582
996 4 2 1 1 2188 2387 3467 3694
997 4 2 1 1 2524 3051 2325 3074
998 4 2 1 1 2157 4127 3174 3170
999 4 2 1 1 3720 2573 2180 4079
1000 4 2 1 1 634 4427 4144 767
1001 4 2 1 1 1874 4426 4143 2007
1002 4 2 1 1 2786 3521 2705 4119
1003 4 2 1 1 4547 1996 4418 2619
1004 4 2 1 1 1902 2775 2497 3082
1005 4 2 1 1 2188 2979 2588 3502
1006 4 2 1 1 2069 3061 2341 3170
1007 4 2 1 1 568 3350 3198 3835
1008 4 2 1 1 2390 3137 2104 3925
1009 4 2 1 1 2133 2727 2484 2396
1010 4 2 1 1 2167 2947 2444 4009
1011 4 2 1 1 2376 3078 2749 3648
1012 4 2 1 1 2378 3080 2750 3647
1013 4 2 1 1 2377 3079 2751 3646
1014 4 2 1 1 3996 4391 3061 2409
1015 4 2 1 1 3068 2219 2571 3576
1016 4 2 1 1 2467 2197 3336 3782
1017 4 2 1 1 2139 3107 2806 3276
1018 4 2 1 1 3269 3226 2907 2243
1019 4 2 1 1 3270 3225 2906 2242
1020 4 2 1 1 3271 3224 2908 2244
1021 4 2 1 1 2145 2362 3332 3841
1022 4 2 1 1 4501 4549 1717 2837
1023 4 2 1 1 2133 2396 3075 3152
1024 4 2 1 1 2465 3030 2320 3295
1025 4 2 1 1 2169 2280 3114 2699
1026 4 2 1 1 723 3178 2648 3671
1027 4 2 1 1 2321 2157 3185 4003
1028 4 2 1 1 2979 702 552 2534
1029 4 2 1 1 3107 2707 3514 2392
1030 4 2 1 1 947 2849 1017 4055
1031 4 2 1 1 2674 3309 2514 3552
1032 4 2 1 1 2284 2782 2623 3710
1033 4 2 1 1 3972 2603 2499 3511
1034 4 2 1 1 1539 3592 2899 4059
1035 4 2 1 1 3107 3514 2707 2170
1036 4 2 1 1 1974 1959 2654 4169
1037 4 2 1 1 2819 3174 2997 3933
1038 4 2 1 1 1790 2734 2444 3169
1039 4 2 1 1 2610 3319 2295 2462
1040 4 2 1 1 2150 2716 2946 3772
1041 4 2 1 1 2548 3074 3664 2325
1042 4 2 1 1 3720 2180 2573 2913
1043 4 2 1 1 1832 2487 3901 3121
1044 4 2 1 1 1660 1533 2992 3211
1045 4 2 1 1 420 293 2991 3212
1046 4 2 1 1 1040 913 2993 3213
1047 4 2 1 1 2599 3336 2197 3782
1048 4 2 1 1 3221 3537 2360 3747
1049 4 2 1 1 1673 4549 2865 2837
1050 4 2 1 1 4523 3149 794 2698
1051 4 2 1 1 1925 3165 2619 4258
1052 4 2 1 1 2157 4127 3170 2830
1053 4 2 1 1 3172 2077 2198 2681
1054 4 2 1 1 2330 3284 2811 4088
1055 4 2 1 1 2174 2760 2469 4352
1056 4 2 1 1 2723 2869 2433 4020
1057 4 2 1 1 2349 3344 2128 3444
1058 4 2 1 1 2104 2631 2390 3925
1059 4 2 1 1 3383 3589 2229 2585
1060 4 2 1 1 2649 2659 2255 2802
1061 4 2 1 1 2607 2957 2350 4283
1062 4 2 1 1 926 2552 927 2880
1063 4 2 1 1 1546 2551 1547 2881
1064 4 2 1 1 307 306 2553 2882
1065 4 2 1 1 2110 3883 2524 4062
1066 4 2 1 1 4427 1446 4517 2904
1067 4 2 1 1 2913 3936 3887 2747
1068 4 2 1 1 2232 2526 2736 3142
1069 4 2 1 1 2112 3114 2523 4061
1070 4 2 1 1 2323 2986 2933 3441
1071 4 2 1 1 2124 2714 2465 3030
1072 4 2 1 1 2498 3179 2385 3697
1073 4 2 1 1 4209 3681 2549 2873
1074 4 2 1 1 2155 2366 3350 3658
1075 4 2 1 1 1567 2850 1637 4059
1076 4 2 1 1 2215 2535 2833 3654
1077 4 2 1 1 2134 2395 3063 3151
1078 4 2 1 1 4036 3975 2591 2674
1079 4 2 1 1 2606 2959 2351 4284
1080 4 2 1 1 2135 2394 3062 3150
1081 4 2 1 1 2459 2113 2736 3409
1082 4 2 1 1 2251 2706 2300 4307
1083 4 2 1 1 2406 3489 3072 2584
1084 4 2 1 1 2417 3471 3109 3882
1085 4 2 1 1 2567 2320 4019 3105
1086 4 2 1 1 2135 2726 2486 2394
1087 4 2 1 1 2062 2699 3491 3882
1088 4 2 1 1 2376 3078 3648 4084
1089 4 2 1 1 2378 3080 3647 4083
1090 4 2 1 1 2377 3079 3646 4085
1091 4 2 1 1 2205 3106 2615 3181
1092 4 2 1 1 3106 2782 2766 2080
1093 4 2 1 1 2134 2725 2485 2395
1094 4 2 1 1 4209 2549 3681 3326
1095 4 2 1 1 3464 2884 4291 2204
1096 4 2 1 1 4291 2884 3464 2532
1097 4 2 1 1 2169 2699 2563 3586
1098 4 2 1 1 2841 3031 2867 4044
1099 4 2 1 1 2605 2961 2352 4286
1100 4 2 1 1 3840 2143 2711 2458
1101 4 2 1 1 2725 2856 2485 3058
1102 4 2 1 1 2726 2855 2486 3059
1103 4 2 1 1 2727 2857 2484 3060
1104 4 2 1 1 3683 3159 2382 3247
1105 4 2 1 1 2157 4127 2830 3435
1106 4 2 1 1 2238 2812 2646 3295
1107 4 2 1 1 4427 1446 126 4517
1108 4 2 1 1 2364 3120 2664 3636
1109 4 2 1 1 455 421 2991 3507
1110 4 2 1 1 2979 552 702 549
1111 4 2 1 1 2729 3106 2615 2205
1112 4 2 1 1 1861 2496 3370 4063
1113 4 2 1 1 1319 3236 2403 3413
1114 4 2 1 1 853 2948 2627 3458
1115 4 2 1 1 1473 2950 2628 3459
1116 4 2 1 1 233 2949 2629 3460
1117 4 2 1 1 4523 794 3149 518
1118 4 2 1 1 2117 2845 2814 4074
1119 4 2 1 1 2230 3588 2653 3982
1120 4 2 1 1 2231 3136 2929 3553
1121 4 2 1 1 2229 3589 2652 3981
1122 4 2 1 1 2381 3068 3219 2219
1123 4 2 1 1 3770 3255 2103 3978
1124 4 2 1 1 3037 3414 2410 3986
1125 4 2 1 1 3036 3415 2411 3987
1126 4 2 1 1 3038 3416 2412 3985
1127 4 2 1 1 2104 2390 2631 3384
1128 4 2 1 1 2615 3148 598 3181
1129 4 2 1 1 1982 2757 3743 2561
1130 4 2 1 1 3837 4150 2540 1582
1131 4 2 1 1 3836 4149 2539 962
1132 4 2 1 1 3838 4151 2541 342
1133 4 2 1 1 2989 3473 2362 3881
1134 4 2 1 1 2534 2979 702 2989
1135 4 2 1 1 2169 2570 2699 3586
1136 4 2 1 1 2113 2734 2495 2947
1137 4 2 1 1 2249 3044 2595 3506
1138 4 2 1 1 2680 2068 3144 3599
1139 4 2 1 1 2128 3595 3365 3775
1140 4 2 1 1 3178 737 4185 714
1141 4 2 1 1 2043 3738 4327 3229
1142 4 2 1 1 3365 3595 2497 3775
1143 4 2 1 1 2312 2547 3619 3964
1144 4 2 1 1 2318 3019 2962 2489
1145 4 2 1 1 1423 3741 4329 3228
1146 4 2 1 1 1626 2964 2539 3836
1147 4 2 1 1 386 2965 2540 3837
1148 4 2 1 1 1006 2966 2541 3838
1149 4 2 1 1 3880 2309 2753 3156
1150 4 2 1 1 2992 2881 1546 4242
1151 4 2 1 1 2993 2880 926 4243
1152 4 2 1 1 422 2882 4241 2991
1153 4 2 1 1 803 3742 4328 3227
1154 4 2 1 1 2161 2510 2895 3490
1155 4 2 1 1 126 125 4517 1446
1156 4 2 1 1 2694 2677 3071 3788
1157 4 2 1 1 3851 3725 3234 2304
1158 4 2 1 1 56 55 4413 474
1159 4 2 1 1 3918 3330 2516 3493
1160 4 2 1 1 2909 3922 2155 2731
1161 4 2 1 1 2462 2367 3730 4264
1162 4 2 1 1 2201 2685 3772 3230
1163 4 2 1 1 2299 2954 2669 2214
1164 4 2 1 1 2325 3088 3074 3664
1165 4 2 1 1 2465 2320 3180 4019
1166 4 2 1 1 3541 1187 1194 2973
1167 4 2 1 1 687 2650 766 4095
1168 4 2 1 1 3586 3514 2707 2392
1169 4 2 1 1 3213 4021 3175 2169
1170 4 2 1 1 2406 3489 2584 3959
1171 4 2 1 1 3413 3739 3847 2754
1172 4 2 1 1 3256 4511 117 1376
1173 4 2 1 1 2444 2603 2167 4009
1174 4 2 1 1 2417 2343 3109 3471
1175 4 2 1 1 3627 4323 3803 2487
1176 4 2 1 1 2201 2667 2466 3283
1177 4 2 1 1 2893 3483 2664 4190
1178 4 2 1 1 3503 3589 2585 4262
1179 4 2 1 1 561 560 562 4276
1180 4 2 1 1 4096 2612 2388 3392
1181 4 2 1 1 672 2602 2650 3482
1182 4 2 1 1 3803 4323 3627 2167
1183 4 2 1 1 1634 2742 4141 1629
1184 4 2 1 1 394 2743 4140 389
1185 4 2 1 1 1014 2744 4139 1009
1186 4 2 1 1 2252 2476 3238 3472
1187 4 2 1 1 2152 2675 2612 3352
1188 4 2 1 1 1160 2666 1230 3161
1189 4 2 1 1 4511 2572 1376 3256
1190 4 2 1 1 2312 2568 2960 3440
1191 4 2 1 1 2122 2960 2568 3440
1192 4 2 1 1 2128 3365 2775 3775
1193 4 2 1 1 142 141 4404 1452
1194 4 2 1 1 2228 2888 2429 3983
1195 4 2 1 1 2229 2886 2430 3981
1196 4 2 1 1 2497 2775 1902 3365
1197 4 2 1 1 2084 2448 2954 3729
1198 4 2 1 1 2879 3135 2737 3657
1199 4 2 1 1 4494 4404 141 1452
1200 4 2 1 1 4494 4404 1452 3390
1201 4 2 1 1 1877 3002 1893 3921
1202 4 2 1 1 2201 2667 3500 3701
1203 4 2 1 1 2462 3947 3376 4128
1204 4 2 1 1 2384 2086 2815 2872
1205 4 2 1 1 4096 2388 2612 3272
1206 4 2 1 1 2090 2803 2476 3209
1207 4 2 1 1 3903 3193 2665 2208
1208 4 2 1 1 1654 3399 2885 4309
1209 4 2 1 1 3099 3333 2579 4057
1210 4 2 1 1 2694 3071 2759 3788
1211 4 2 1 1 3486 3917 2582 3931
1212 4 2 1 1 4404 2704 1452 3390
1213 4 2 1 1 2384 2086 2872 2514
1214 4 2 1 1 2494 3335 2114 3829
1215 4 2 1 1 3683 1797 3159 3247
1216 4 2 1 1 2757 3176 2375 3223
1217 4 2 1 1 2718 3195 2081 3806
1218 4 2 1 1 2719 3194 2083 3805
1219 4 2 1 1 2717 3196 2082 3807
1220 4 2 1 1 3851 3725 2304 3355
1221 4 2 1 1 619 2428 2731 563
1222 4 2 1 1 2935 3007 323 3477
1223 4 2 1 1 3230 2685 3772 4293
1224 4 2 1 1 4225 598 708 3148
1225 4 2 1 1 3122 3730 2367 4264
1226 4 2 1 1 2731 3086 2909 3922
1227 4 2 1 1 3200 3267 2781 2398
1228 4 2 1 1 2682 2769 2200 3353
1229 4 2 1 1 2682 2769 3353 2078
1230 4 2 1 1 2609 3914 3631 3956
1231 4 2 1 1 2197 2668 3501 3700
1232 4 2 1 1 2649 3134 2802 4008
1233 4 2 1 1 2159 2395 2725 3418
1234 4 2 1 1 4081 3404 3932 2482
1235 4 2 1 1 2475 2736 2232 3504
1236 4 2 1 1 2650 2927 676 3124
1237 4 2 1 1 3123 3373 3675 1170
1238 4 2 1 1 3336 3782 2655 3801
1239 4 2 1 1 3433 3506 3969 2453
1240 4 2 1 1 2192 3625 3242 2503
1241 4 2 1 1 2113 2947 3499 3696
1242 4 2 1 1 760 4469 2918 3863
1243 4 2 1 1 4081 3932 3404 2397
1244 4 2 1 1 2249 2694 3367 3631
1245 4 2 1 1 2155 2731 2428 3350
1246 4 2 1 1 2160 2394 2726 3419
1247 4 2 1 1 3370 1892 1881 2705
1248 4 2 1 1 3370 1881 1892 1861
1249 4 2 1 1 2708 2984 3488 4002
1250 4 2 1 1 4121 4470 3865 2916
1251 4 2 1 1 2435 2635 2881 3259
1252 4 2 1 1 2436 2634 2880 3258
1253 4 2 1 1 2434 2636 2882 3260
1254 4 2 1 1 2065 2214 3911 2587
1255 4 2 1 1 2155 2366 2737 3350
1256 4 2 1 1 4403 14 13 825
1257 4 2 1 1 1218 1227 3067 3505
1258 4 2 1 1 2751 2418 4031 3804
1259 4 2 1 1 1094 167 168 2868
1260 4 2 1 1 4192 4062 2110 2524
1261 4 2 1 1 4191 4061 2112 2523
1262 4 2 1 1 2295 3319 2719 3306
1263 4 2 1 1 2293 3320 2717 4114
1264 4 2 1 1 2294 3321 2718 4115
1265 4 2 1 1 919 1017 3591 4055
1266 4 2 1 1 710 2909 2387 3873
1267 4 2 1 1 360 2711 2778 4089
1268 4 2 1 1 2745 2851 1320 4277
1269 4 2 1 1 2674 2514 3309 4036
1270 4 2 1 1 2365 2946 2716 3772
1271 4 2 1 1 1856 2919 3984 2542
1272 4 2 1 1 723 714 3178 4185
1273 4 2 1 1 2449 2834 2172 3023
1274 4 2 1 1 4035 2261 3422 2592
1275 4 2 1 1 3155 3515 2096 3859
1276 4 2 1 1 4034 2263 3423 2594
1277 4 2 1 1 2101 2515 2670 3917
1278 4 2 1 1 2163 2733 2437 2819
1279 4 2 1 1 2114 2494 2910 2979
1280 4 2 1 1 2202 2962 3019 2489
1281 4 2 1 1 136 135 532 4414
1282 4 2 1 1 2832 2547 3964 4041
1283 4 2 1 1 3261 3204 2390 4018
1284 4 2 1 1 1236 2921 3980 2543
1285 4 2 1 1 540 2421 610 3016
1286 4 2 1 1 3278 3583 2578 3699
1287 4 2 1 1 189 190 4475 1137
1288 4 2 1 1 3518 2384 2514 4198
1289 4 2 1 1 285 3766 2400 4367
1290 4 2 1 1 1525 3764 2401 4366
1291 4 2 1 1 905 3765 2402 4365
1292 4 2 1 1 372 371 3296 3570
1293 4 2 1 1 4489 4403 13 825
1294 4 2 1 1 1996 1769 2049 2619
1295 4 2 1 1 616 2922 3977 2544
1296 4 2 1 1 2176 3634 2544 3776
1297 4 2 1 1 2188 3273 2979 3502
1298 4 2 1 1 2361 3859 3155 2456
1299 4 2 1 1 4489 4403 825 3507
1300 4 2 1 1 825 4403 2702 3507
1301 4 2 1 1 2397 3506 3071 3932
1302 4 2 1 1 4548 20 19 830
1303 4 2 1 1 3200 3267 2398 3127
1304 4 2 1 1 4554 1280 3104 4440
1305 4 2 1 1 2424 2253 2728 3901
1306 4 2 1 1 3093 3296 371 3570
1307 4 2 1 1 546 545 547 2494
1308 4 2 1 1 2103 3255 2529 4014
1309 4 2 1 1 2631 3069 2070 3398
1310 4 2 1 1 2583 3997 3343 4345
1311 4 2 1 1 1102 3342 2838 3628
1312 4 2 1 1 2152 3005 2647 3855
1313 4 2 1 1 2571 3576 2741 2415
1314 4 2 1 1 2114 3829 3335 2460
1315 4 2 1 1 1539 1637 3592 4059
1316 4 2 1 1 2177 3639 2543 2931
1317 4 2 1 1 4206 3295 2812 2938
1318 4 2 1 1 662 663 664 2714
1319 4 2 1 1 2233 2390 2934 3377
1320 4 2 1 1 2404 2626 2132 3666
1321 4 2 1 1 2151 2655 3782 3801
1322 4 2 1 1 1780 2424 1850 3017
1323 4 2 1 1 2156 3005 2818 3640
1324 4 2 1 1 2268 2865 3083 3637
1325 4 2 1 1 2084 3125 3392 2818
1326 4 2 1 1 2262 2451 3270 3424
1327 4 2 1 1 2263 2452 3269 3423
1328 4 2 1 1 2261 2450 3271 3422
1329 4 2 1 1 2283 2596 3018 4023
1330 4 2 1 1 1856 2919 2542 1843
1331 4 2 1 1 1183 2946 2478 3868
1332 4 2 1 1 2454 4088 2777 2681
1333 4 2 1 1 1996 2619 2049 3098
1334 4 2 1 1 2483 3113 2752 4082
1335 4 2 1 1 4548 4496 20 830
1336 4 2 1 1 2736 3504 2475 4312
1337 4 2 1 1 3560 3674 3003 4314
1338 4 2 1 1 1236 2921 2543 1223
1339 4 2 1 1 934 2848 1038 3527
1340 4 2 1 1 662 2714 664 3668
1341 4 2 1 1 2455 4087 2776 2682
1342 4 2 1 1 2365 2275 2735 3548
1343 4 2 1 1 2222 3089 3194 3805
1344 4 2 1 1 2220 3087 3195 3806
1345 4 2 1 1 2221 3088 3196 3807
1346 4 2 1 1 2155 2428 2731 3922
1347 4 2 1 1 3683 3159 1796 3677
1348 4 2 1 1 2938 3029 2832 3315
1349 4 2 1 1 3313 3687 3465 4053
1350 4 2 1 1 3314 3686 3466 4052
1351 4 2 1 1 4548 4421 830 19
1352 4 2 1 1 1316 3413 2644 3884
1353 4 2 1 1 3200 3267 3127 2106
1354 4 2 1 1 2156 3005 2647 3778
1355 4 2 1 1 616 2922 2544 603
1356 4 2 1 1 675 676 2650 2927
1357 4 2 1 1 3903 3193 2208 3084
1358 4 2 1 1 2062 3491 3109 3882
1359 4 2 1 1 1787 2495 1785 4310
1360 4 2 1 1 490 4403 205 2702
1361 4 2 1 1 1110 4404 832 2704
1362 4 2 1 1 212 4402 2703 4481
1363 4 2 1 1 2157 3185 2437 3435
1364 4 2 1 1 2441 3211 2549 4389
1365 4 2 1 1 2155 3350 2428 3658
1366 4 2 1 1 2366 2274 2737 3549
1367 4 2 1 1 2299 3035 2396 3712
1368 4 2 1 1 3518 2384 4198 3913
1369 4 2 1 1 4548 4421 3838 830
1370 4 2 1 1 109 110 4477 517
1371 4 2 1 1 2631 2962 3069 3398
1372 4 2 1 1 1786 1785 1787 2495
1373 4 2 1 1 2904 3361 3299 3718
1374 4 2 1 1 2905 3359 3300 3717
1375 4 2 1 1 1799 2814 1798 3425
1376 4 2 1 1 2065 3911 2228 2587
1377 4 2 1 1 573 567 574 2469
1378 4 2 1 1 2647 3005 2374 3855
1379 4 2 1 1 3536 2247 2616 2408
1380 4 2 1 1 4548 3287 830 3838
1381 4 2 1 1 2375 2157 2955 2997
1382 4 2 1 1 2124 2752 2483 2963
1383 4 2 1 1 372 369 2420 4380
1384 4 2 1 1 4548 4496 830 3287
1385 4 2 1 1 4211 2837 3669 2226
1386 4 2 1 1 1680 1746 2748 3886
1387 4 2 1 1 1790 3169 2444 3754
1388 4 2 1 1 2592 2874 1089 3138
1389 4 2 1 1 2594 2875 1709 3139
1390 4 2 1 1 2593 2876 469 3140
1391 4 2 1 1 2441 2992 2272 3276
1392 4 2 1 1 1218 3067 3759 2445
1393 4 2 1 1 2582 3486 2515 3917
1394 4 2 1 1 2913 3887 3936 2180
1395 4 2 1 1 2230 3367 2653 3588
1396 4 2 1 1 2413 2568 4004 4109
1397 4 2 1 1 2271 2443 2993 3175
1398 4 2 1 1 2577 2430 2229 3955
1399 4 2 1 1 2853 3088 3074 3883
1400 4 2 1 1 2550 2848 1038 4102
1401 4 2 1 1 2503 2749 2192 3078
1402 4 2 1 1 2751 3585 2504 3079
1403 4 2 1 1 2505 2750 2191 3080
1404 4 2 1 1 2198 3172 3234 3716
1405 4 2 1 1 2909 3291 2155 2481
1406 4 2 1 1 2623 739 595 3086
1407 4 2 1 1 2458 3413 2644 3847
1408 4 2 1 1 2124 2823 2646 3295
1409 4 2 1 1 2255 2867 2841 3031
1410 4 2 1 1 2206 3062 2687 3371
1411 4 2 1 1 4311 3076 2432 2871
1412 4 2 1 1 1399 2851 1320 2745
1413 4 2 1 1 3055 3906 4132 2539
1414 4 2 1 1 3053 3907 4133 2540
1415 4 2 1 1 3054 3905 4134 2541
1416 4 2 1 1 2577 2430 3955 3133
1417 4 2 1 1 2269 2868 3073 3612
1418 4 2 1 1 2474 2833 2149 3690
1419 4 2 1 1 619 2428 563 729
1420 4 2 1 1 2818 3005 2156 3778
1421 4 2 1 1 2347 3671 3178 4185
1422 4 2 1 1 2074 2753 2741 2583
1423 4 2 1 1 2170 3051 3074 2548
1424 4 2 1 1 2407 2759 3278 3583
1425 4 2 1 1 1612 3303 2423 3669
1426 4 2 1 1 2084 3125 2818 2954
1427 4 2 1 1 2109 2762 3102 3679
1428 4 2 1 1 2289 3655 3938 4269
1429 4 2 1 1 2255 2659 2649 2960
1430 4 2 1 1 2466 4293 3772 3264
1431 4 2 1 1 2444 2734 1790 3425
1432 4 2 1 1 2097 2283 3240 4142
1433 4 2 1 1 2119 2578 3583 3699
1434 4 2 1 1 293 2553 306 2991
1435 4 2 1 1 1533 2551 1546 2992
1436 4 2 1 1 913 2552 926 2993
1437 4 2 1 1 2163 2833 2535 3048
1438 4 2 1 1 3278 3583 2759 2578
1439 4 2 1 1 2139 2435 2846 4039
1440 4 2 1 1 2141 2434 2848 4040
1441 4 2 1 1 1239 2914 2478 3672
1442 4 2 1 1 2498 2385 3179 3779
1443 4 2 1 1 2088 3176 3223 2375
1444 4 2 1 1 2645 2279 3721 3635
1445 4 2 1 1 2573 2631 2070 3204
1446 4 2 1 1 2612 2388 2168 3272
1447 4 2 1 1 2110 2531 2883 3572
1448 4 2 1 1 3029 3601 2892 4318
1449 4 2 1 1 2375 2955 2157 4080
1450 4 2 1 1 664 2714 663 3030
1451 4 2 1 1 2694 2249 2453 3506
1452 4 2 1 1 2203 2885 2533 3571
1453 4 2 1 1 4289 2883 2531 3572
1454 4 2 1 1 2823 3295 2465 3935
1455 4 2 1 1 3972 2603 3511 2080
1456 4 2 1 1 2436 3781 2634 3852
1457 4 2 1 1 810 2693 4555 3481
1458 4 2 1 1 2019 2775 2487 3365
1459 4 2 1 1 369 4067 2420 4380
1460 4 2 1 1 4547 1996 2619 1769
1461 4 2 1 1 1319 3559 3236 1233
1462 4 2 1 1 3814 3259 4242 1731
1463 4 2 1 1 3815 3258 4243 1111
1464 4 2 1 1 3813 3260 4241 491
1465 4 2 1 1 2316 4002 3488 2984
1466 4 2 1 1 3261 3204 4018 2125
1467 4 2 1 1 2150 2805 2946 4109
1468 4 2 1 1 2629 310 4133 3568
1469 4 2 1 1 2628 1550 4132 3567
1470 4 2 1 1 2627 930 4134 3569
1471 4 2 1 1 2684 2381 3783 4076
1472 4 2 1 1 2501 2137 2876 3582
1473 4 2 1 1 2157 3174 2437 3933
1474 4 2 1 1 2425 2929 3136 3553
1475 4 2 1 1 198 197 4547 1769
1476 4 2 1 1 2667 2801 2201 3500
1477 4 2 1 1 2133 2808 2484 2857
1478 4 2 1 1 2134 2809 2485 2856
1479 4 2 1 1 2135 2810 2486 2855
1480 4 2 1 1 2770 2304 3716 3870
1481 4 2 1 1 2213 2684 3783 4076
1482 4 2 1 1 2392 3107 2707 3421
1483 4 2 1 1 4513 2824 788 3768
1484 4 2 1 1 2430 2886 2229 3955
1485 4 2 1 1 1886 1974 2654 3094
1486 4 2 1 1 590 2366 3549 4171
1487 4 2 1 1 2498 3779 3179 4257
1488 4 2 1 1 2152 3352 2612 3855
1489 4 2 1 1 2070 2631 2573 3069
1490 4 2 1 1 2255 2802 2659 2867
1491 4 2 1 1 2703 2992 2272 3385
1492 4 2 1 1 2272 3385 2992 3528
1493 4 2 1 1 901 2550 3744 915
1494 4 2 1 1 3576 2219 3219 3068
1495 4 2 1 1 2872 3551 2815 3913
1496 4 2 1 1 3175 4021 3213 2552
1497 4 2 1 1 4289 2883 3572 2202
1498 4 2 1 1 2203 2533 2885 3462
1499 4 2 1 1 3710 4395 4212 2579
1500 4 2 1 1 2775 2728 3901 4315
1501 4 2 1 1 2518 3423 2431 3751
1502 4 2 1 1 1818 2863 3461 2496
1503 4 2 1 1 2517 3424 2430 3752
1504 4 2 1 1 1818 2863 3183 3461
1505 4 2 1 1 541 620 694 2601
1506 4 2 1 1 3616 2861 3645 2047
1507 4 2 1 1 2519 3422 2429 3753
1508 4 2 1 1 2321 3000 2405 3106
1509 4 2 1 1 2670 2762 2369 3667
1510 4 2 1 1 4547 1996 1769 197
1511 4 2 1 1 2304 3234 3172 3716
1512 4 2 1 1 4521 4547 1769 198
1513 4 2 1 1 2599 2655 2151 3632
1514 4 2 1 1 2212 2445 3105 3456
1515 4 2 1 1 4212 4395 3710 2313
1516 4 2 1 1 390 2471 3140 3726
1517 4 2 1 1 1010 2470 3138 3725
1518 4 2 1 1 1505 3139 3724 2472
1519 4 2 1 1 3917 2101 3931 2288
1520 4 2 1 1 2429 2888 2228 3870
1521 4 2 1 1 2108 2463 2761 3305
1522 4 2 1 1 3233 1597 3724 3856
1523 4 2 1 1 2707 3107 2282 3421
1524 4 2 1 1 2384 2872 2815 3913
1525 4 2 1 1 4521 4547 3470 1769
1526 4 2 1 1 2197 3222 2683 3430
1527 4 2 1 1 323 3007 2935 3875
1528 4 2 1 1 2992 2881 4242 2139
1529 4 2 1 1 2991 2882 4241 2141
1530 4 2 1 1 2993 2880 4243 3781
1531 4 2 1 1 2192 2376 2749 2967
1532 4 2 1 1 2191 2378 2750 2968
1533 4 2 1 1 2773 3304 2225 3693
1534 4 2 1 1 2152 2449 2863 3183
1535 4 2 1 1 4419 2032 3149 1994
1536 4 2 1 1 2108 3676 2761 4028
1537 4 2 1 1 547 2979 2494 2989
1538 4 2 1 1 2169 2280 2699 2570
1539 4 2 1 1 3583 2586 3298 4337
1540 4 2 1 1 4547 1769 2619 3470
1541 4 2 1 1 152 4546 1726 4435
1542 4 2 1 1 1150 4418 1374 2619
1543 4 2 1 1 1968 1969 1805 2915
1544 4 2 1 1 2108 3100 3676 4028
1545 4 2 1 1 2174 2858 2760 4352
1546 4 2 1 1 2764 3575 3538 4168
1547 4 2 1 1 4157 2630 2425 3173
1548 4 2 1 1 2467 2234 3022 3801
1549 4 2 1 1 3455 3223 2619 2527
1550 4 2 1 1 2461 2126 3024 3932
1551 4 2 1 1 1859 1801 2447 3677
1552 4 2 1 1 2440 2919 1964 3130
1553 4 2 1 1 1726 4435 4546 2944
1554 4 2 1 1 2439 2921 1350 3129
1555 4 2 1 1 3368 3902 3207 4374
1556 4 2 1 1 2002 1937 2916 3478
1557 4 2 1 1 762 697 2918 3479
1558 4 2 1 1 2460 2910 4208 2114
1559 4 2 1 1 2933 2986 2323 4020
1560 4 2 1 1 2473 3109 2344 3800
1561 4 2 1 1 2438 2922 730 3128
1562 4 2 1 1 2251 3330 2844 3723
1563 4 2 1 1 2807 3171 3112 3943
1564 4 2 1 1 2314 3369 3179 3773
1565 4 2 1 1 610 540 693 2421
1566 4 2 1 1 4546 121 6 1726
1567 4 2 1 1 2198 2770 3172 3716
1568 4 2 1 1 3840 2143 2458 3847
1569 4 2 1 1 3958 4481 2703 3385
1570 4 2 1 1 2295 3319 3306 2462
1571 4 2 1 1 2773 3142 2526 3284
1572 4 2 1 1 2128 2728 2775 4315
1573 4 2 1 1 516 93 94 4476
1574 4 2 1 1 3242 3625 2636 2503
1575 4 2 1 1 2623 739 3086 3372
1576 4 2 1 1 991 992 989 3628
1577 4 2 1 1 1567 3500 1568 3701
1578 4 2 1 1 4157 2425 2630 3136
1579 4 2 1 1 2517 3589 3418 3752
1580 4 2 1 1 2644 3840 2458 3847
1581 4 2 1 1 2724 3540 2478 4004
1582 4 2 1 1 2518 3588 3419 3751
1583 4 2 1 1 1886 1974 1959 2654
1584 4 2 1 1 2555 1828 1845 1971
1585 4 2 1 1 853 2627 2948 3569
1586 4 2 1 1 2629 2949 233 3568
1587 4 2 1 1 1473 2628 2950 3567
1588 4 2 1 1 2420 3296 3093 3570
1589 4 2 1 1 4522 4546 1726 121
1590 4 2 1 1 2306 3289 3726 3854
1591 4 2 1 1 4522 4546 2944 1726
1592 4 2 1 1 2468 3006 2236 3112
1593 4 2 1 1 2392 3276 2692 3735
1594 4 2 1 1 2613 3362 3644 4278
1595 4 2 1 1 2415 3068 2571 3576
1596 4 2 1 1 2593 2886 2876 3140
1597 4 2 1 1 2594 2887 2875 3139
1598 4 2 1 1 2592 2888 2874 3138
1599 4 2 1 1 3325 3674 3560 4314
1600 4 2 1 1 1780 1933 1850 2424
1601 4 2 1 1 2149 3048 2474 3322
1602 4 2 1 1 2583 2597 2154 3607
1603 4 2 1 1 2460 2910 2114 3829
1604 4 2 1 1 3907 2506 2690 4150
1605 4 2 1 1 3906 2507 2691 4149
1606 4 2 1 1 3905 3976 2689 4151
1607 4 2 1 1 2686 3855 3391 2189
1608 4 2 1 1 1933 1850 2424 3348
1609 4 2 1 1 4409 1681 4481 3385
1610 4 2 1 1 947 3501 948 3700
1611 4 2 1 1 2871 4344 3946 2311
1612 4 2 1 1 2152 2675 3352 3787
1613 4 2 1 1 2072 2986 2933 4020
1614 4 2 1 1 2180 3936 2913 4174
1615 4 2 1 1 1907 1908 1906 4253
1616 4 2 1 1 2225 3304 2773 3573
1617 4 2 1 1 2915 3393 2697 4376
1618 4 2 1 1 2585 3343 2120 4398
1619 4 2 1 1 2152 3787 3352 3855
1620 4 2 1 1 2191 2378 2968 4191
1621 4 2 1 1 2192 2376 2967 4192
1622 4 2 1 1 989 2422 992 4229
1623 4 2 1 1 2768 2306 3715 3955
1624 4 2 1 1 2201 2801 3283 3702
1625 4 2 1 1 4508 218 2604 3177
1626 4 2 1 1 2100 2710 2473 3375
1627 4 2 1 1 2098 2709 2473 3376
1628 4 2 1 1 1536 2866 2441 3528
1629 4 2 1 1 3123 3373 1170 4205
1630 4 2 1 1 4409 1681 60 4481
1631 4 2 1 1 2395 3418 3589 3752
1632 4 2 1 1 659 3266 3217 3864
1633 4 2 1 1 2394 3419 3588 3751
1634 4 2 1 1 2316 3291 3488 4002
1635 4 2 1 1 2093 3423 2518 3751
1636 4 2 1 1 1843 2919 2542 3130
1637 4 2 1 1 2556 2862 1348 4017
1638 4 2 1 1 76 75 4424 526
1639 4 2 1 1 1681 61 60 4481
1640 4 2 1 1 2092 3424 2517 3752
1641 4 2 1 1 1699 2423 1612 3303
1642 4 2 1 1 2312 2832 2547 3964
1643 4 2 1 1 848 2450 3508 3224
1644 4 2 1 1 1470 3226 2452 3509
1645 4 2 1 1 230 3225 2451 3510
1646 4 2 1 1 2094 3422 2519 3753
1647 4 2 1 1 606 2438 3025 3742
1648 4 2 1 1 2450 2592 2261 3445
1649 4 2 1 1 2451 2593 2262 3446
1650 4 2 1 1 2452 2594 2263 3447
1651 4 2 1 1 2168 2612 2675 3352
1652 4 2 1 1 2374 2774 2156 2859
1653 4 2 1 1 2871 4344 2311 3541
1654 4 2 1 1 3072 3261 2390 4018
1655 4 2 1 1 1223 2921 2543 3129
1656 4 2 1 1 2439 3026 1226 3741
1657 4 2 1 1 4162 2572 1376 1429
1658 4 2 1 1 1880 2712 3660 1890
1659 4 2 1 1 2405 2321 3106 3691
1660 4 2 1 1 2312 2960 2568 3550
1661 4 2 1 1 2632 3354 2862 3715
1662 4 2 1 1 2224 2420 2771 3308
1663 4 2 1 1 1846 2440 3027 3738
1664 4 2 1 1 2680 2068 3599 3894
1665 4 2 1 1 2158 2396 2727 3420
1666 4 2 1 1 2104 2491 2664 4251
1667 4 2 1 1 1104 828 2668 4182
1668 4 2 1 1 1856 1855 1843 2542
1669 4 2 1 1 2064 2762 3042 3371
1670 4 2 1 1 2520 3322 3290 3996
1671 4 2 1 1 2090 3160 2803 3209
1672 4 2 1 1 927 2880 2552 3995
1673 4 2 1 1 1547 2881 2551 3994
1674 4 2 1 1 307 2882 2553 3993
1675 4 2 1 1 2080 2603 2830 3293
1676 4 2 1 1 2462 3319 2721 4307
1677 4 2 1 1 1449 2667 1724 4181
1678 4 2 1 1 603 2922 2544 3128
1679 4 2 1 1 2470 2948 856 3138
1680 4 2 1 1 1476 2472 2950 3139
1681 4 2 1 1 2471 2949 236 3140
1682 4 2 1 1 2304 3172 2770 3716
1683 4 2 1 1 1223 1236 1235 2543
1684 4 2 1 1 4162 1376 2572 3256
1685 4 2 1 1 567 2928 3494 3873
1686 4 2 1 1 1850 3017 2424 3348
1687 4 2 1 1 2870 3554 2817 3849
1688 4 2 1 1 2387 3758 2840 3922
1689 4 2 1 1 1995 4545 4406 3342
1690 4 2 1 1 2632 3715 2862 4254
1691 4 2 1 1 1995 4545 3342 1768
1692 4 2 1 1 2571 2219 3006 3576
1693 4 2 1 1 2339 3442 2724 4368
1694 4 2 1 1 1768 166 165 4545
1695 4 2 1 1 3531 4443 2896 743
1696 4 2 1 1 1768 2838 4545 3342
1697 4 2 1 1 4533 749 2820 3774
1698 4 2 1 1 616 615 603 2544
1699 4 2 1 1 1311 4168 3538 3575
1700 4 2 1 1 4545 4500 1768 166
1701 4 2 1 1 2529 3255 2367 4014
1702 4 2 1 1 2063 2585 3503 3589
1703 4 2 1 1 2724 2914 2478 3540
1704 4 2 1 1 2589 2765 2116 4227
1705 4 2 1 1 519 4503 2758 3256
1706 4 2 1 1 2000 2002 1937 2916
1707 4 2 1 1 762 697 760 2918
1708 4 2 1 1 634 4427 767 770
1709 4 2 1 1 1874 4426 2007 2010
1710 4 2 1 1 3455 3223 2527 4332
1711 4 2 1 1 2150 2946 2716 4109
1712 4 2 1 1 490 4403 2702 3813
1713 4 2 1 1 457 2703 4402 3814
1714 4 2 1 1 1110 4404 2704 3815
1715 4 2 1 1 2188 2910 2979 3488
1716 4 2 1 1 624 634 3299 3525
1717 4 2 1 1 1864 1874 3300 3526
1718 4 2 1 1 2188 2979 2910 2588
1719 4 2 1 1 2506 3986 3037 2159
1720 4 2 1 1 2507 3987 3036 2160
1721 4 2 1 1 2508 3985 3038 2158
1722 4 2 1 1 3024 3874 3485 3210
1723 4 2 1 1 2556 4017 1348 4384
1724 4 2 1 1 2831 3658 3835 3198
1725 4 2 1 1 989 4116 2422 4229
1726 4 2 1 1 2502 2904 770 3299
1727 4 2 1 1 2623 3049 2284 3366
1728 4 2 1 1 503 333 329 4196
1729 4 2 1 1 2753 2741 2583 4345
1730 4 2 1 1 4545 4500 2838 1768
1731 4 2 1 1 2500 2905 2010 3300
1732 4 2 1 1 2648 3178 2253 3740
1733 4 2 1 1 1785 2495 1786 3034
1734 4 2 1 1 3160 3584 2090 2803
1735 4 2 1 1 2157 2437 3185 3933
1736 4 2 1 1 2275 2365 2685 3548
1737 4 2 1 1 2297 3519 3311 2755
1738 4 2 1 1 2368 3975 2591 4068
1739 4 2 1 1 3545 3158 3676 2401
1740 4 2 1 1 3546 3154 3679 2402
1741 4 2 1 1 3547 3164 3712 2400
1742 4 2 1 1 3063 2395 2688 3503
1743 4 2 1 1 4225 598 3148 3181
1744 4 2 1 1 2094 2412 3038 2258
1745 4 2 1 1 2092 2410 3037 2257
1746 4 2 1 1 2093 2411 3036 2256
1747 4 2 1 1 4433 3886 1060 4540
1748 4 2 1 1 2345 2125 2763 3920
1749 4 2 1 1 2807 3006 2236 3670
1750 4 2 1 1 1375 4544 4405 3340
1751 4 2 1 1 2413 2946 2805 4109
1752 4 2 1 1 3814 3259 1731 2951
1753 4 2 1 1 3815 3258 1111 2952
1754 4 2 1 1 3813 3260 491 2953
1755 4 2 1 1 1375 4544 3340 1148
1756 4 2 1 1 2126 2595 2346 3044
1757 4 2 1 1 2371 3368 3207 4374
1758 4 2 1 1 2096 3155 2457 3515
1759 4 2 1 1 4482 2712 1134 3002
1760 4 2 1 1 2623 739 3372 720
1761 4 2 1 1 4035 2261 2592 3717
1762 4 2 1 1 4034 2263 2594 3718
1763 4 2 1 1 4033 2262 2137 2941
1764 4 2 1 1 3017 3279 2225 3342
1765 4 2 1 1 2325 2536 2221 3088
1766 4 2 1 1 2327 2538 2222 3089
1767 4 2 1 1 3627 2033 2025 3950
1768 4 2 1 1 2087 3171 2807 3943
1769 4 2 1 1 2219 2807 3006 3112
1770 4 2 1 1 1890 2712 3660 4468
1771 4 2 1 1 2213 3543 2684 4076
1772 4 2 1 1 1823 1813 1814 2819
1773 4 2 1 1 2844 3330 2228 3723
1774 4 2 1 1 54 4544 53 1148
1775 4 2 1 1 2016 3359 1973 3816
1776 4 2 1 1 925 927 926 2552
1777 4 2 1 1 1546 1545 1547 2551
1778 4 2 1 1 306 305 307 2553
1779 4 2 1 1 2375 2997 2955 3294
1780 4 2 1 1 1357 2476 1266 3530
1781 4 2 1 1 2137 2876 2593 2886
1782 4 2 1 1 2138 2875 2594 2887
1783 4 2 1 1 4035 2874 2592 2888
1784 4 2 1 1 1148 2836 4544 3340
1785 4 2 1 1 4544 4499 1148 54
1786 4 2 1 1 4544 4499 2836 1148
1787 4 2 1 1 2391 3003 3560 3674
1788 4 2 1 1 2232 2526 3142 3284
1789 4 2 1 1 2904 2263 3361 3718
1790 4 2 1 1 1388 2906 3732 1275
1791 4 2 1 1 768 2907 3733 655
1792 4 2 1 1 2008 2908 3734 1895
1793 4 2 1 1 2905 2261 3359 3717
1794 4 2 1 1 776 3361 726 3818
1795 4 2 1 1 4400 4371 3287 2826
1796 4 2 1 1 219 3285 2828 4372
1797 4 2 1 1 4401 4373 3286 2827
1798 4 2 1 1 3144 3599 3275 4108
1799 4 2 1 1 2720 3421 3471 2282
1800 4 2 1 1 3084 3193 2447 3600
1801 4 2 1 1 3485 3874 3024 2521
1802 4 2 1 1 2441 2866 1536 3326
1803 4 2 1 1 4446 3481 4478 1928
1804 4 2 1 1 2090 2476 2803 3476
1805 4 2 1 1 4506 2620 1147 3184
1806 4 2 1 1 2648 2253 3444 3740
1807 4 2 1 1 2640 2347 3178 4185
1808 4 2 1 1 2383 2870 2817 3849
1809 4 2 1 1 40 4488 2037 4512
1810 4 2 1 1 4009 2117 2444 2603
1811 4 2 1 1 2518 2653 2294 3042
1812 4 2 1 1 3969 2759 3583 2453
1813 4 2 1 1 1311 4440 3538 4168
1814 4 2 1 1 2150 2803 2466 2805
1815 4 2 1 1 2910 2979 2494 3316
1816 4 2 1 1 1612 2423 1609 3669
1817 4 2 1 1 3589 2293 2517 3043
1818 4 2 1 1 3076 3097 4311 2432
1819 4 2 1 1 2561 685 3149 3896
1820 4 2 1 1 2161 2895 2650 4073
1821 4 2 1 1 1564 3815 3248 3929
1822 4 2 1 1 324 3814 3249 3928
1823 4 2 1 1 944 3813 3250 3927
1824 4 2 1 1 2420 3235 2089 3308
1825 4 2 1 1 3009 3658 2366 3949
1826 4 2 1 1 2913 3936 3517 4174
1827 4 2 1 1 2532 2980 874 3386
1828 4 2 1 1 2531 2981 254 3387
1829 4 2 1 1 1635 2982 3388 2533
1830 4 2 1 1 2217 3305 3040 4114
1831 4 2 1 1 2216 3307 3039 4115
1832 4 2 1 1 4512 4488 2037 2861
1833 4 2 1 1 2775 3365 2497 3775
1834 4 2 1 1 2623 739 720 595
1835 4 2 1 1 4078 4093 3506 4239
1836 4 2 1 1 2197 2668 2467 3336
1837 4 2 1 1 2566 3494 2928 3873
1838 4 2 1 1 2323 3684 3374 4020
1839 4 2 1 1 2080 2603 3511 3691
1840 4 2 1 1 2122 2724 3442 4368
1841 4 2 1 1 3266 610 2421 3864
1842 4 2 1 1 527 4505 2622 3186
1843 4 2 1 1 40 4488 4512 489
1844 4 2 1 1 2212 2895 2650 3867
1845 4 2 1 1 2325 3074 3051 2548
1846 4 2 1 1 4480 4482 3002 1754
1847 4 2 1 1 2444 2947 2734 2208
1848 4 2 1 1 817 4531 97 4478
1849 4 2 1 1 2607 2350 3652 4283
1850 4 2 1 1 2466 4293 3264 1222
1851 4 2 1 1 2493 3200 2811 4077
1852 4 2 1 1 2493 2676 3200 2178
1853 4 2 1 1 2606 2351 3651 4284
1854 4 2 1 1 1928 98 4478 4446
1855 4 2 1 1 194 2057 4480 4474
1856 4 2 1 1 1156 3161 1157 1158
1857 4 2 1 1 3317 3747 3537 3819
1858 4 2 1 1 3520 3102 2762 2292
1859 4 2 1 1 2492 3201 2813 2105
1860 4 2 1 1 2605 2352 3650 4286
1861 4 2 1 1 2813 3201 2492 4066
1862 4 2 1 1 1609 1612 1699 2423
1863 4 2 1 1 832 2704 4404 3390
1864 4 2 1 1 1547 2551 1545 3994
1865 4 2 1 1 3401 927 2552 3995
1866 4 2 1 1 3400 307 2553 3993
1867 4 2 1 1 4511 2572 530 3531
1868 4 2 1 1 2310 2732 2834 3252
1869 4 2 1 1 2172 2834 2449 3252
1870 4 2 1 1 3920 2309 2617 2345
1871 4 2 1 1 1832 2487 3121 1940
1872 4 2 1 1 547 702 2979 2989
1873 4 2 1 1 953 949 1123 4195
1874 4 2 1 1 2084 2954 3182 3729
1875 4 2 1 1 3106 3263 2615 4306
1876 4 2 1 1 2229 3383 2652 3589
1877 4 2 1 1 2217 3040 2506 4114
1878 4 2 1 1 2216 3039 2507 4115
1879 4 2 1 1 2218 3041 3976 3306
1880 4 2 1 1 2152 2449 2647 4333
1881 4 2 1 1 2090 3476 2803 3584
1882 4 2 1 1 1699 2423 3303 2958
1883 4 2 1 1 1051 2656 3386 3189
1884 4 2 1 1 431 2657 3387 3187
1885 4 2 1 1 1631 3188 2658 3388
1886 4 2 1 1 2604 3616 2001 3761
1887 4 2 1 1 2407 3931 3583 4002
1888 4 2 1 1 2067 2547 3210 3619
1889 4 2 1 1 2173 2421 3113 4178
1890 4 2 1 1 2573 2672 2336 3190
1891 4 2 1 1 2575 2673 2338 3192
1892 4 2 1 1 2574 2671 2337 3191
1893 4 2 1 1 2397 3404 2730 3932
1894 4 2 1 1 2224 2420 3308 3093
1895 4 2 1 1 492 4400 3287 2826
1896 4 2 1 1 4539 2828 219 3285
1897 4 2 1 1 837 2827 4401 3286
1898 4 2 1 1 2084 3392 2893 4190
1899 4 2 1 1 2340 3095 2711 3141
1900 4 2 1 1 2711 3095 2239 3141
1901 4 2 1 1 2388 3275 3137 3483
1902 4 2 1 1 2362 3032 2989 3881
1903 4 2 1 1 872 870 871 4083
1904 4 2 1 1 251 252 250 4084
1905 4 2 1 1 634 2502 770 3299
1906 4 2 1 1 2013 4485 4415 3816
1907 4 2 1 1 620 2601 541 4245
1908 4 2 1 1 1874 2500 2010 3300
1909 4 2 1 1 2388 2625 3275 3483
1910 4 2 1 1 2616 2232 3142 3474
1911 4 2 1 1 2304 3096 2898 4170
1912 4 2 1 1 1586 3248 1564 3815
1913 4 2 1 1 346 3249 324 3814
1914 4 2 1 1 966 3250 944 3813
1915 4 2 1 1 4415 4485 157 1098
1916 4 2 1 1 2098 3376 2462 3730
1917 4 2 1 1 1973 4485 2013 3816
1918 4 2 1 1 1634 2742 1629 3567
1919 4 2 1 1 394 2743 389 3568
1920 4 2 1 1 1014 2744 1009 3569
1921 4 2 1 1 1359 2914 1239 3672
1922 4 2 1 1 2961 3736 3617 4204
1923 4 2 1 1 3193 3301 3084 3677
1924 4 2 1 1 1832 2487 1940 2019
1925 4 2 1 1 3340 3570 482 3919
1926 4 2 1 1 2836 3570 3093 4375
1927 4 2 1 1 484 2705 328 4119
1928 4 2 1 1 682 679 3012 3403
1929 4 2 1 1 2253 2775 2728 3901
1930 4 2 1 1 2871 1312 1297 3946
1931 4 2 1 1 693 2421 540 4178
1932 4 2 1 1 3313 4053 3168 3687
1933 4 2 1 1 3686 2203 4052 3314
1934 4 2 1 1 2145 2362 3841 2825
1935 4 2 1 1 1843 2542 1855 3130
1936 4 2 1 1 848 2450 3224 920
1937 4 2 1 1 1470 1540 2452 3226
1938 4 2 1 1 300 2451 230 3225
1939 4 2 1 1 3918 3330 3493 2898
1940 4 2 1 1 2124 2483 2714 3030
1941 4 2 1 1 350 4507 2903 3817
1942 4 2 1 1 2441 3276 2806 3663
1943 4 2 1 1 2466 2667 2201 3230
1944 4 2 1 1 3768 3864 3217 2252
1945 4 2 1 1 4503 1414 3992 2758
1946 4 2 1 1 352 472 363 4200
1947 4 2 1 1 2626 2404 3232 4392
1948 4 2 1 1 3724 3856 1723 3356
1949 4 2 1 1 2631 3204 2573 3887
1950 4 2 1 1 2933 2323 3374 4020
1951 4 2 1 1 1223 2543 1235 3129
1952 4 2 1 1 2089 2420 2771 3431
1953 4 2 1 1 3537 3747 2790 3819
1954 4 2 1 1 2033 3169 2936 3950
1955 4 2 1 1 2438 3128 730 4378
1956 4 2 1 1 4035 2261 3717 2940
1957 4 2 1 1 4034 2263 3718 2942
1958 4 2 1 1 2170 3074 3107 2548
1959 4 2 1 1 1346 4507 3817 2903
1960 4 2 1 1 390 2471 3726 265
1961 4 2 1 1 1505 3139 2472 1476
1962 4 2 1 1 1010 2470 3725 885
1963 4 2 1 1 4540 1060 2756 3886
1964 4 2 1 1 350 4417 4507 3817
1965 4 2 1 1 2118 3010 2565 2499
1966 4 2 1 1 2171 2873 2549 2281
1967 4 2 1 1 2475 3897 2616 3536
1968 4 2 1 1 1051 2656 3189 1011
1969 4 2 1 1 431 2657 3187 391
1970 4 2 1 1 1631 1671 3188 3388
1971 4 2 1 1 2329 3077 2700 4087
1972 4 2 1 1 2014 4327 3738 2643
1973 4 2 1 1 1423 4329 3741 2641
1974 4 2 1 1 803 4328 3742 2642
1975 4 2 1 1 603 2544 615 3128
1976 4 2 1 1 2181 2424 2728 4315
1977 4 2 1 1 2701 2777 2454 4088
1978 4 2 1 1 1785 2495 3034 4310
1979 4 2 1 1 2626 3644 2414 4320
1980 4 2 1 1 2330 3081 2701 4088
1981 4 2 1 1 2495 2734 1788 3169
1982 4 2 1 1 1933 2424 1780 4175
1983 4 2 1 1 2064 2762 2670 3667
1984 4 2 1 1 711 2387 2928 3873
1985 4 2 1 1 2707 2821 2570 3882
1986 4 2 1 1 2155 2894 2428 3922
1987 4 2 1 1 2626 2792 2414 3644
1988 4 2 1 1 245 2531 3463 4062
1989 4 2 1 1 865 2532 3464 4061
1990 4 2 1 1 2144 3142 2773 3284
1991 4 2 1 1 2753 3880 3156 2415
1992 4 2 1 1 2700 2776 2455 4087
1993 4 2 1 1 2113 2616 2736 3492
1994 4 2 1 1 2470 4170 3355 2996
1995 4 2 1 1 1239 2478 2937 3231
1996 4 2 1 1 2108 3288 4028 2463
1997 4 2 1 1 1393 4507 4417 3817
1998 4 2 1 1 395 2531 254 3387
1999 4 2 1 1 1015 2532 874 3386
2000 4 2 1 1 1635 2982 2533 1494
2001 4 2 1 1 208 2705 484 4119
2002 4 2 1 1 1172 3123 3653 3003
2003 4 2 1 1 934 2848 3527 3927
2004 4 2 1 1 2089 3308 3221 3877
2005 4 2 1 1 2155 2737 2879 3135
2006 4 2 1 1 2309 2125 2753 3938
2007 4 2 1 1 3016 3277 2226 3341
2008 4 2 1 1 2467 2668 2197 3222
2009 4 2 1 1 2626 3232 2665 4392
2010 4 2 1 1 2075 3644 2626 4320
2011 4 2 1 1 3854 3726 4174 3357
2012 4 2 1 1 2509 2142 2617 3880
2013 4 2 1 1 2476 3238 1266 3530
2014 4 2 1 1 2578 2119 3583 2586
2015 4 2 1 1 2551 3399 1545 3994
2016 4 2 1 1 3401 927 3995 1027
2017 4 2 1 1 3400 307 3993 407
2018 4 2 1 1 2279 3721 2446 3930
2019 4 2 1 1 3996 3490 3061 3290
2020 4 2 1 1 3245 3403 679 4379
2021 4 2 1 1 2312 2568 2812 3619
2022 4 2 1 1 247 245 3463 4062
2023 4 2 1 1 865 3464 867 4061
2024 4 2 1 1 3996 3061 3490 2409
2025 4 2 1 1 2208 3084 3193 3301
2026 4 2 1 1 3866 4227 2765 2589
2027 4 2 1 1 2585 3639 3503 4262
2028 4 2 1 1 3316 2910 3829 2494
2029 4 2 1 1 2166 3601 3029 3845
2030 4 2 1 1 2730 2482 4010 3932
2031 4 2 1 1 4417 4507 45 478
2032 4 2 1 1 610 3016 2421 3864
2033 4 2 1 1 2440 3130 1964 4355
2034 4 2 1 1 3590 3654 3690 2427
2035 4 2 1 1 2090 3476 3584 3885
2036 4 2 1 1 2154 4362 2716 3382
2037 4 2 1 1 4399 3002 3989 2816
2038 4 2 1 1 2090 3584 2630 3885
2039 4 2 1 1 1346 4507 2903 1135
2040 4 2 1 1 3313 3647 2750 4129
2041 4 2 1 1 2161 3867 2920 3942
2042 4 2 1 1 2612 2675 2152 3272
2043 4 2 1 1 2795 2085 2687 3253
2044 4 2 1 1 3307 4129 2762 4179
2045 4 2 1 1 3865 162 1099 163
2046 4 2 1 1 3865 162 2000 4470
2047 4 2 1 1 1752 4543 4439 33
2048 4 2 1 1 2469 2760 2174 3513
2049 4 2 1 1 3313 2750 3948 4129
2050 4 2 1 1 3351 2383 2480 2789
2051 4 2 1 1 2279 2446 3338 3930
2052 4 2 1 1 2470 4170 2996 3096
2053 4 2 1 1 3695 1894 34 4543
2054 4 2 1 1 2550 3052 898 3213
2055 4 2 1 1 2583 2154 2597 3382
2056 4 2 1 1 1724 2667 1449 3701
2057 4 2 1 1 1894 33 34 4543
2058 4 2 1 1 2439 3129 1350 4250
2059 4 2 1 1 1625 1627 1626 2539
2060 4 2 1 1 386 385 387 2540
2061 4 2 1 1 1006 1005 1007 2541
2062 4 2 1 1 2398 3127 2676 3200
2063 4 2 1 1 2525 2406 3072 2584
2064 4 2 1 1 2376 2192 2749 3078
2065 4 2 1 1 2378 2191 2750 3080
2066 4 2 1 1 4403 825 2702 1077
2067 4 2 1 1 212 4402 4481 62
2068 4 2 1 1 4404 1452 2704 1697
2069 4 2 1 1 1104 2668 828 3700
2070 4 2 1 1 1857 2961 2542 3984
2071 4 2 1 1 2213 2845 2590 3329
2072 4 2 1 1 2109 2762 3307 4129
2073 4 2 1 1 1752 4543 33 1894
2074 4 2 1 1 2331 3179 3369 3773
2075 4 2 1 1 2478 2914 1239 2937
2076 4 2 1 1 397 505 3587 3622
2077 4 2 1 1 1894 2839 4543 3695
2078 4 2 1 1 1237 2959 2543 3980
2079 4 2 1 1 2796 2086 2688 3254
2080 4 2 1 1 1183 2478 2946 3672
2081 4 2 1 1 2123 2840 3758 3922
2082 4 2 1 1 3096 3330 2898 3493
2083 4 2 1 1 2106 2811 3200 4077
2084 4 2 1 1 3695 1760 4542 35
2085 4 2 1 1 2575 3192 2338 3834
2086 4 2 1 1 3177 1760 36 4542
2087 4 2 1 1 3106 2782 2080 4306
2088 4 2 1 1 617 2957 2544 3977
2089 4 2 1 1 2909 2155 3291 2316
2090 4 2 1 1 2436 3248 2847 3852
2091 4 2 1 1 1017 1125 3591 3624
2092 4 2 1 1 1637 1745 3592 3623
2093 4 2 1 1 2462 3730 3376 3947
2094 4 2 1 1 2502 3299 634 3525
2095 4 2 1 1 2500 3300 1874 3526
2096 4 2 1 1 1812 4186 3933 2924
2097 4 2 1 1 4405 209 4498 3340
2098 4 2 1 1 1625 1627 2539 3453
2099 4 2 1 1 385 387 2540 3452
2100 4 2 1 1 1005 1007 2541 3454
2101 4 2 1 1 595 2623 3086 3366
2102 4 2 1 1 35 4542 36 1760
2103 4 2 1 1 2272 3276 2992 3680
2104 4 2 1 1 2371 3247 2915 3393
2105 4 2 1 1 1857 1960 3368 3617
2106 4 2 1 1 1000 999 995 4182
2107 4 2 1 1 2397 4078 3506 4239
2108 4 2 1 1 1760 4542 2705 3695
2109 4 2 1 1 2104 2390 2934 3137
2110 4 2 1 1 2233 2934 2390 3137
2111 4 2 1 1 606 730 2438 3742
2112 4 2 1 1 508 4518 2643 443
2113 4 2 1 1 1128 2642 1063 3861
2114 4 2 1 1 1683 1748 2641 3862
2115 4 2 1 1 1350 2439 1226 3741
2116 4 2 1 1 3363 2957 617 4349
2117 4 2 1 1 3171 2807 3097 3690
2118 4 2 1 1 1846 1964 2440 3738
2119 4 2 1 1 2274 2366 2683 3549
2120 4 2 1 1 2570 3882 2699 3586
2121 4 2 1 1 2369 2670 2595 3748
2122 4 2 1 1 2181 3121 2424 4315
2123 4 2 1 1 3062 3371 2206 4263
2124 4 2 1 1 2094 2412 2258 3555
2125 4 2 1 1 2092 2410 2257 3557
2126 4 2 1 1 2093 2411 2256 3556
2127 4 2 1 1 1319 1318 3236 3413
2128 4 2 1 1 3113 3266 2752 4082
2129 4 2 1 1 4542 1760 2705 3177
2130 4 2 1 1 4432 1088 4541 10
2131 4 2 1 1 2267 3538 2764 3575
2132 4 2 1 1 552 2979 2534 3273
2133 4 2 1 1 555 3273 3522 4001
2134 4 2 1 1 3768 3864 2252 2824
2135 4 2 1 1 2813 3201 2677 4081
2136 4 2 1 1 3358 2959 1237 4343
2137 4 2 1 1 2249 2609 2842 3323
2138 4 2 1 1 2301 2842 2609 3323
2139 4 2 1 1 2302 2843 2608 3324
2140 4 2 1 1 2250 2608 2843 3324
2141 4 2 1 1 2278 2619 3223 4258
2142 4 2 1 1 2272 2806 3276 3680
2143 4 2 1 1 3076 3097 2432 4227
2144 4 2 1 1 2413 2568 4109 2812
2145 4 2 1 1 4181 1568 1666 3500
2146 4 2 1 1 835 4541 4408 2935
2147 4 2 1 1 2812 3619 2568 4157
2148 4 2 1 1 2155 2972 2737 3135
2149 4 2 1 1 2193 2561 3176 3294
2150 4 2 1 1 1295 2633 3381 4311
2151 4 2 1 1 2173 2421 2752 3113
2152 4 2 1 1 1741 3083 3637 2620
2153 4 2 1 1 2288 2407 3931 3583
2154 4 2 1 1 3426 3668 2465 4219
2155 4 2 1 1 2983 3812 2701 4188
2156 4 2 1 1 901 2550 915 898
2157 4 2 1 1 4406 829 4497 3342
2158 4 2 1 1 2817 2870 2383 2085
2159 4 2 1 1 2105 3201 2813 4081
2160 4 2 1 1 1836 1837 2819 3777
2161 4 2 1 1 965 4541 2935 3926
2162 4 2 1 1 4182 948 1046 3501
2163 4 2 1 1 2304 2770 2898 3870
2164 4 2 1 1 3062 2206 3634 4263
2165 4 2 1 1 705 3522 2534 3539
2166 4 2 1 1 3346 4257 3203 2498
2167 4 2 1 1 867 3464 2884 4061
2168 4 2 1 1 247 3463 2883 4062
2169 4 2 1 1 1269 2268 3789 3637
2170 4 2 1 1 2524 2981 255 4062
2171 4 2 1 1 4061 881 880 2980
2172 4 2 1 1 2628 2964 1550 3509
2173 4 2 1 1 2629 2965 310 3510
2174 4 2 1 1 930 2627 2966 3508
2175 4 2 1 1 2134 2809 2606 2351
2176 4 2 1 1 2570 3586 2707 3882
2177 4 2 1 1 3877 2089 4288 3954
2178 4 2 1 1 2421 3016 540 3277
2179 4 2 1 1 567 2469 573 3494
2180 4 2 1 1 2424 3017 1780 3279
2181 4 2 1 1 2128 2775 2487 4315
2182 4 2 1 1 547 702 549 2979
2183 4 2 1 1 672 766 687 2650
2184 4 2 1 1 231 2629 310 3510
2185 4 2 1 1 1471 2628 1550 3509
2186 4 2 1 1 930 851 2627 3508
2187 4 2 1 1 372 2420 3296 4380
2188 4 2 1 1 2281 2852 3087 2220
2189 4 2 1 1 2225 2773 2422 2983
2190 4 2 1 1 2104 2934 2491 4251
2191 4 2 1 1 2228 2898 3096 3330
2192 4 2 1 1 2131 3192 2575 3834
2193 4 2 1 1 1088 10 11 4541
2194 4 2 1 1 1573 1569 1743 4194
2195 4 2 1 1 4432 1088 3926 4541
2196 4 2 1 1 965 4541 3926 1088
2197 4 2 1 1 1857 1871 1960 3617
2198 4 2 1 1 3074 3088 2325 3883
2199 4 2 1 1 231 310 2629 3568
2200 4 2 1 1 1471 1550 2628 3567
2201 4 2 1 1 930 2627 851 3569
2202 4 2 1 1 2239 3141 3095 4251
2203 4 2 1 1 1708 4433 138 4540
2204 4 2 1 1 2140 2634 3781 3852
2205 4 2 1 1 1150 1374 1412 2619
2206 4 2 1 1 2063 2291 3043 3503
2207 4 2 1 1 1455 4540 4407 2756
2208 4 2 1 1 2714 2752 3266 4082
2209 4 2 1 1 2128 2775 2728 3775
2210 4 2 1 1 2162 2445 2926 3456
2211 4 2 1 1 460 3958 212 2703
2212 4 2 1 1 2135 2810 2607 2350
2213 4 2 1 1 2174 2729 3147 2955
2214 4 2 1 1 2831 3658 3198 2151
2215 4 2 1 1 1533 2551 2992 3211
2216 4 2 1 1 293 2553 2991 3212
2217 4 2 1 1 913 2552 2993 3213
2218 4 2 1 1 2074 2597 2583 3325
2219 4 2 1 1 212 3958 460 416
2220 4 2 1 1 675 814 676 2927
2221 4 2 1 1 2512 2697 3683 2121
2222 4 2 1 1 2062 3735 3421 4136
2223 4 2 1 1 2340 3095 3141 4251
2224 4 2 1 1 3248 3815 2436 3929
2225 4 2 1 1 3249 3814 2435 3928
2226 4 2 1 1 3250 3813 2434 3927
2227 4 2 1 1 2330 2773 2422 3437
2228 4 2 1 1 2574 3191 2337 3719
2229 4 2 1 1 2573 3190 2336 3720
2230 4 2 1 1 4057 3351 2259 3412
2231 4 2 1 1 2524 3051 261 2981
2232 4 2 1 1 2523 3052 881 2980
2233 4 2 1 1 2212 2895 2510 3456
2234 4 2 1 1 2133 2808 2605 2352
2235 4 2 1 1 1791 2734 3301 3425
2236 4 2 1 1 3918 3330 2898 2228
2237 4 2 1 1 3433 2586 3583 4337
2238 4 2 1 1 2171 2692 3276 3735
2239 4 2 1 1 2126 3203 2407 3485
2240 4 2 1 1 866 870 2884 3168
2241 4 2 1 1 250 2883 246 3167
2242 4 2 1 1 2876 3140 2886 3726
2243 4 2 1 1 2875 3139 2887 3724
2244 4 2 1 1 2874 3138 2888 3725
2245 4 2 1 1 2425 3553 3662 2482
2246 4 2 1 1 2109 3679 3102 2402
2247 4 2 1 1 2571 3576 3006 3674
2248 4 2 1 1 4150 3907 3429 2690
2249 4 2 1 1 4151 3905 3427 2689
2250 4 2 1 1 4149 3906 3428 2691
2251 4 2 1 1 722 3148 3049 4225
2252 4 2 1 1 2108 3676 3100 2401
2253 4 2 1 1 3425 3988 1799 2814
2254 4 2 1 1 809 2561 685 3149
2255 4 2 1 1 2333 2915 2697 4376
2256 4 2 1 1 2680 2446 3599 4108
2257 4 2 1 1 2991 3212 2553 3979
2258 4 2 1 1 2174 3147 3577 2955
2259 4 2 1 1 2288 2101 2670 3917
2260 4 2 1 1 2498 3203 3779 4257
2261 4 2 1 1 1455 4540 2756 1708
2262 4 2 1 1 1857 2542 2961 3368
2263 4 2 1 1 2957 3977 2607 2135
2264 4 2 1 1 138 139 1708 4540
2265 4 2 1 1 2387 2840 2481 3922
2266 4 2 1 1 3101 3513 3124 4163
2267 4 2 1 1 2585 3343 3309 3997
2268 4 2 1 1 2078 2769 2578 3810
2269 4 2 1 1 3395 2752 2421 2090
2270 4 2 1 1 2831 3658 2151 3339
2271 4 2 1 1 2744 3189 2355 3569
2272 4 2 1 1 2742 3188 2353 3567
2273 4 2 1 1 2743 3187 2354 3568
2274 4 2 1 1 1835 1953 3685 3828
2275 4 2 1 1 1426 4482 4448 2712
2276 4 2 1 1 1708 4433 4540 3886
2277 4 2 1 1 2619 3098 2209 3165
2278 4 2 1 1 30 29 206 4461
2279 4 2 1 1 1183 2478 3231 3868
2280 4 2 1 1 1708 4540 2756 3886
2281 4 2 1 1 2210 2597 3540 2841
2282 4 2 1 1 996 2622 3073 3612
2283 4 2 1 1 3920 2309 2345 2125
2284 4 2 1 1 1220 3354 1231 2862
2285 4 2 1 1 1142 173 174 4459
2286 4 2 1 1 2938 3315 2832 3964
2287 4 2 1 1 3036 3987 2411 2160
2288 4 2 1 1 3037 3986 2410 2159
2289 4 2 1 1 3038 3985 2412 2158
2290 4 2 1 1 3683 3159 3677 2382
2291 4 2 1 1 644 2648 3178 4015
2292 4 2 1 1 2497 1913 4467 3439
2293 4 2 1 1 3528 1695 3385 2992
2294 4 2 1 1 1565 3259 1731 4242
2295 4 2 1 1 1111 945 3258 4243
2296 4 2 1 1 325 3260 491 4241
2297 4 2 1 1 2379 2737 3135 3657
2298 4 2 1 1 2570 2699 3882 2280
2299 4 2 1 1 2959 3980 2606 2134
2300 4 2 1 1 2416 2617 2142 3157
2301 4 2 1 1 2424 2181 2728 3304
2302 4 2 1 1 711 3086 739 3372
2303 4 2 1 1 2525 2584 3930 3959
2304 4 2 1 1 1708 4433 3886 1702
2305 4 2 1 1 2189 3521 2839 3695
2306 4 2 1 1 4318 3850 3029 2602
2307 4 2 1 1 2469 2927 2161 4163
2308 4 2 1 1 4454 2908 1056 2945
2309 4 2 1 1 4455 2906 436 2943
2310 4 2 1 1 768 4456 2944 2907
2311 4 2 1 1 2183 3145 2559 3281
2312 4 2 1 1 2184 3146 2560 3282
2313 4 2 1 1 2300 3319 3805 3915
2314 4 2 1 1 2302 3320 3807 2608
2315 4 2 1 1 2301 3321 3806 3914
2316 4 2 1 1 2122 3440 2568 4004
2317 4 2 1 1 3352 3370 3855 2496
2318 4 2 1 1 2774 1960 1816 1975
2319 4 2 1 1 2201 3497 2598 3772
2320 4 2 1 1 2376 2202 3688 3312
2321 4 2 1 1 3686 2203 3314 2377
2322 4 2 1 1 3740 3908 3268 2640
2323 4 2 1 1 2233 3137 2390 3261
2324 4 2 1 1 2504 2635 2195 3259
2325 4 2 1 1 2505 2634 2194 3258
2326 4 2 1 1 2503 2636 2196 3260
2327 4 2 1 1 2254 3118 2509 3609
2328 4 2 1 1 4246 4308 4003 3185
2329 4 2 1 1 2923 3660 3104 3722
2330 4 2 1 1 3285 1450 4422 68
2331 4 2 1 1 2604 3093 374 4375
2332 4 2 1 1 2767 3880 2509 3920
2333 4 2 1 1 2290 3874 3485 4257
2334 4 2 1 1 2128 2766 2679 3803
2335 4 2 1 1 2754 1314 3565 3844
2336 4 2 1 1 2422 3302 992 4229
2337 4 2 1 1 4246 4003 4308 3000
2338 4 2 1 1 2255 2841 2867 3442
2339 4 2 1 1 68 4422 67 1450
2340 4 2 1 1 555 553 3273 4001
2341 4 2 1 1 2078 2677 2694 3788
2342 4 2 1 1 4422 1450 3285 3837
2343 4 2 1 1 2568 2960 2122 3394
2344 4 2 1 1 2168 3120 2664 4190
2345 4 2 1 1 2961 3984 2605 2133
2346 4 2 1 1 304 2554 3143 3280
2347 4 2 1 1 2420 2340 2771 3431
2348 4 2 1 1 2774 1960 3368 1816
2349 4 2 1 1 2901 4170 2996 3355
2350 4 2 1 1 2561 2193 3149 3294
2351 4 2 1 1 2142 2684 2404 3543
2352 4 2 1 1 2236 3112 2807 3171
2353 4 2 1 1 2132 3118 2393 3839
2354 4 2 1 1 369 459 4067 4380
2355 4 2 1 1 3098 3165 1925 3649
2356 4 2 1 1 3266 610 3864 659
2357 4 2 1 1 2115 3576 2741 3674
2358 4 2 1 1 710 739 711 3086
2359 4 2 1 1 567 719 2928 3873
2360 4 2 1 1 1835 3685 2732 3828
2361 4 2 1 1 1654 2885 2522 4326
2362 4 2 1 1 2659 2802 2649 3802
2363 4 2 1 1 3740 3908 2640 3178
2364 4 2 1 1 3668 3935 2465 4219
2365 4 2 1 1 3768 3864 2824 660
2366 4 2 1 1 3236 1220 3559 2632
2367 4 2 1 1 3502 4056 550 2588
2368 4 2 1 1 1040 3744 3213 2443
2369 4 2 1 1 3590 3654 2427 2215
2370 4 2 1 1 4362 3552 2877 2086
2371 4 2 1 1 2757 3176 2561 3294
2372 4 2 1 1 2249 2595 2842 3692
2373 4 2 1 1 1021 2559 3145 3281
2374 4 2 1 1 2516 4278 3536 4321
2375 4 2 1 1 1544 2560 3146 3282
2376 4 2 1 1 3866 4227 2589 2973
2377 4 2 1 1 2587 2214 3011 3934
2378 4 2 1 1 4222 1457 4539 70
2379 4 2 1 1 2167 2679 3803 4323
2380 4 2 1 1 3844 2403 1319 3202
2381 4 2 1 1 77 78 515 4460
2382 4 2 1 1 2090 2752 2421 2252
2383 4 2 1 1 1172 3123 3241 3653
2384 4 2 1 1 2122 3540 2724 4004
2385 4 2 1 1 2192 2967 2749 3242
2386 4 2 1 1 2189 2705 3521 3695
2387 4 2 1 1 2871 4344 3541 1312
2388 4 2 1 1 2228 3096 2888 3380
2389 4 2 1 1 2457 2546 2096 4008
2390 4 2 1 1 1754 2055 2020 2712
2391 4 2 1 1 2640 3022 2347 4185
2392 4 2 1 1 2385 3179 2562 3762
2393 4 2 1 1 2144 2822 2363 2681
2394 4 2 1 1 2275 3497 2877 4135
2395 4 2 1 1 2591 3975 3566 4068
2396 4 2 1 1 372 369 371 3570
2397 4 2 1 1 2162 2432 3076 3541
2398 4 2 1 1 2130 3191 2574 3719
2399 4 2 1 1 2129 3190 2573 3720
2400 4 2 1 1 1220 2632 3354 2862
2401 4 2 1 1 2996 4170 2901 2178
2402 4 2 1 1 2506 2148 3037 3053
2403 4 2 1 1 2507 2147 3036 3055
2404 4 2 1 1 3976 3038 2508 3054
2405 4 2 1 1 2902 3856 3111 4248
2406 4 2 1 1 2870 3253 2817 3554
2407 4 2 1 1 3153 2445 1218 3759
2408 4 2 1 1 2464 4129 3307 4179
2409 4 2 1 1 2632 3236 1220 3354
2410 4 2 1 1 2872 3254 2815 3551
2411 4 2 1 1 2095 3331 2443 3767
2412 4 2 1 1 2095 2806 2442 3514
2413 4 2 1 1 2162 2926 2445 3759
2414 4 2 1 1 3285 1457 69 4539
2415 4 2 1 1 2699 2974 2419 3265
2416 4 2 1 1 2276 2686 4204 3617
2417 4 2 1 1 2583 2289 3997 2975
2418 4 2 1 1 2366 590 3198 4171
2419 4 2 1 1 208 484 2705 3695
2420 4 2 1 1 2654 2764 2267 3616
2421 4 2 1 1 3106 3181 2328 4306
2422 4 2 1 1 4539 69 70 1457
2423 4 2 1 1 3465 3687 2490 4053
2424 4 2 1 1 3466 3686 2488 4052
2425 4 2 1 1 2413 3440 2724 4004
2426 4 2 1 1 2428 3366 3086 3922
2427 4 2 1 1 3200 3267 2106 2781
2428 4 2 1 1 409 2554 304 3280
2429 4 2 1 1 2268 3475 2865 3637
2430 4 2 1 1 3171 3097 2807 2236
2431 4 2 1 1 1021 2559 3281 1029
2432 4 2 1 1 1544 1649 2560 3282
2433 4 2 1 1 1790 2444 1798 3754
2434 4 2 1 1 1500 1517 3820 4193
2435 4 2 1 1 1699 1609 2423 3968
2436 4 2 1 1 4539 2828 1457 4222
2437 4 2 1 1 1857 2542 1856 3984
2438 4 2 1 1 1517 4103 3820 4193
2439 4 2 1 1 2544 3634 2379 3776
2440 4 2 1 1 2281 2111 2852 2220
2441 4 2 1 1 2419 2974 2699 3823
2442 4 2 1 1 2571 3031 2841 3560
2443 4 2 1 1 3788 2932 3662 2461
2444 4 2 1 1 2804 3640 2276 3902
2445 4 2 1 1 624 611 634 3525
2446 4 2 1 1 1864 1851 1874 3526
2447 4 2 1 1 490 4403 3813 448
2448 4 2 1 1 1110 4404 3815 1068
2449 4 2 1 1 4402 1730 2703 1445
2450 4 2 1 1 2444 3435 2924 4215
2451 4 2 1 1 2466 4293 1222 3230
2452 4 2 1 1 1237 2543 1236 3980
2453 4 2 1 1 1457 2828 4539 3285
2454 4 2 1 1 2831 3658 3339 3835
2455 4 2 1 1 754 792 530 3256
2456 4 2 1 1 3137 3347 2104 3925
2457 4 2 1 1 2392 3663 3276 3735
2458 4 2 1 1 2616 3142 2232 2736
2459 4 2 1 1 2202 3019 2962 3069
2460 4 2 1 1 2251 2869 2298 3311
2461 4 2 1 1 1473 2628 1471 3459
2462 4 2 1 1 233 2629 231 3460
2463 4 2 1 1 851 853 2627 3458
2464 4 2 1 1 1719 4538 130 131
2465 4 2 1 1 2515 2582 2259 3949
2466 4 2 1 1 1426 4482 2712 1134
2467 4 2 1 1 3341 1448 132 4538
2468 4 2 1 1 1448 131 132 4538
2469 4 2 1 1 508 4518 443 461
2470 4 2 1 1 1719 4538 131 1448
2471 4 2 1 1 1617 4538 2639 3863
2472 4 2 1 1 2462 3438 2098 3730
2473 4 2 1 1 617 2544 616 3977
2474 4 2 1 1 2318 2489 2962 4207
2475 4 2 1 1 2453 3583 3433 2586
2476 4 2 1 1 2530 2929 2231 3136
2477 4 2 1 1 2114 2534 2979 3488
2478 4 2 1 1 2174 2760 2558 3513
2479 4 2 1 1 2561 3012 685 3896
2480 4 2 1 1 3330 3918 2844 2228
2481 4 2 1 1 3049 2623 2328 3148
2482 4 2 1 1 2118 3179 3697 3773
2483 4 2 1 1 2118 3179 2498 3697
2484 4 2 1 1 1903 1902 2775 3365
2485 4 2 1 1 1448 2639 4538 3341
2486 4 2 1 1 2672 3190 2573 3324
2487 4 2 1 1 2673 3192 2575 2300
2488 4 2 1 1 2671 3191 2574 3323
2489 4 2 1 1 673 3180 3426 2465
2490 4 2 1 1 2161 2927 2469 3240
2491 4 2 1 1 2462 2721 3319 4128
2492 4 2 1 1 2215 2678 2535 3921
2493 4 2 1 1 1491 3166 1493 4085
2494 4 2 1 1 253 251 3167 4084
2495 4 2 1 1 871 3168 873 4083
2496 4 2 1 1 2543 3639 2380 2931
2497 4 2 1 1 2189 2786 2705 3352
2498 4 2 1 1 2149 2520 3076 3322
2499 4 2 1 1 2304 2898 2888 3870
2500 4 2 1 1 1282 3660 1137 2923
2501 4 2 1 1 2210 2597 2841 3325
2502 4 2 1 1 1040 3213 3744 901
2503 4 2 1 1 2049 2619 1925 3098
2504 4 2 1 1 2629 4133 310 2965
2505 4 2 1 1 2628 4132 1550 2964
2506 4 2 1 1 2627 4134 930 2966
2507 4 2 1 1 1334 1357 1266 3530
2508 4 2 1 1 2867 3442 2841 4044
2509 4 2 1 1 3371 3588 2586 4263
2510 4 2 1 1 2953 1070 3454 4113
2511 4 2 1 1 450 3452 2951 4112
2512 4 2 1 1 2952 1690 3453 4111
2513 4 2 1 1 920 1003 850 2450
2514 4 2 1 1 1540 1623 1470 2452
2515 4 2 1 1 300 383 230 2451
2516 4 2 1 1 1798 2444 1790 3425
2517 4 2 1 1 2340 2420 3028 3431
2518 4 2 1 1 1586 2952 3248 3815
2519 4 2 1 1 2951 3249 346 3814
2520 4 2 1 1 2953 3250 966 3813
2521 4 2 1 1 4225 598 3181 609
2522 4 2 1 1 2150 2805 2466 3772
2523 4 2 1 1 2224 3308 2771 4288
2524 4 2 1 1 751 76 77 4510
2525 4 2 1 1 2305 3233 3724 3856
2526 4 2 1 1 2107 2788 3306 4264
2527 4 2 1 1 3612 841 87 4537
2528 4 2 1 1 4476 3774 516 4533
2529 4 2 1 1 2113 2947 2495 3409
2530 4 2 1 1 2621 2834 2172 2248
2531 4 2 1 1 2962 3019 2318 3069
2532 4 2 1 1 2159 3545 2485 3676
2533 4 2 1 1 2487 2775 3901 4315
2534 4 2 1 1 4492 1141 2667 3184
2535 4 2 1 1 1927 4029 2698 4308
2536 4 2 1 1 2160 3546 2486 3679
2537 4 2 1 1 2225 2983 2422 3628
2538 4 2 1 1 2330 2422 2983 4116
2539 4 2 1 1 2526 3142 2773 3304
2540 4 2 1 1 2250 3830 3383 2608
2541 4 2 1 1 2889 3254 3146 3642
2542 4 2 1 1 332 3416 3054 3985
2543 4 2 1 1 952 3415 3055 3987
2544 4 2 1 1 1572 3414 3053 3986
2545 4 2 1 1 2344 3491 2419 3746
2546 4 2 1 1 548 2494 547 2979
2547 4 2 1 1 2845 2970 2213 3232
2548 4 2 1 1 2891 3253 3145 3641
2549 4 2 1 1 2091 2424 2728 3304
2550 4 2 1 1 2686 3855 2189 3370
2551 4 2 1 1 2330 2422 2956 3437
2552 4 2 1 1 248 2994 2900 3092
2553 4 2 1 1 1488 2995 2902 3090
2554 4 2 1 1 868 2996 2901 3091
2555 4 2 1 1 2048 1758 2698 3149
2556 4 2 1 1 2656 3189 1011 4049
2557 4 2 1 1 2657 3187 391 4047
2558 4 2 1 1 1631 2658 3188 4048
2559 4 2 1 1 653 4555 4478 3481
2560 4 2 1 1 2184 3146 2889 3254
2561 4 2 1 1 2128 3803 2679 4315
2562 4 2 1 1 357 355 3289 3726
2563 4 2 1 1 2807 2236 3006 3112
2564 4 2 1 1 2446 3599 3338 3930
2565 4 2 1 1 2419 2699 3491 3823
2566 4 2 1 1 2648 3178 2347 3671
2567 4 2 1 1 2198 2454 2777 2681
2568 4 2 1 1 901 2550 898 3213
2569 4 2 1 1 4028 3466 3288 2108
2570 4 2 1 1 2183 3145 2891 3253
2571 4 2 1 1 2961 3368 2276 3617
2572 4 2 1 1 2645 3930 2279 4199
2573 4 2 1 1 841 88 87 4537
2574 4 2 1 1 2300 2610 3319 3915
2575 4 2 1 1 4537 4534 797 2868
2576 4 2 1 1 2301 2609 3321 3914
2577 4 2 1 1 789 4503 3992 519
2578 4 2 1 1 2101 2595 2670 3748
2579 4 2 1 1 2876 3289 355 3726
2580 4 2 1 1 2946 4004 2716 4109
2581 4 2 1 1 1371 172 173 4509
2582 4 2 1 1 2200 2455 2776 2682
2583 4 2 1 1 2167 2947 2495 3169
2584 4 2 1 1 788 2824 660 3768
2585 4 2 1 1 2126 2407 2759 3485
2586 4 2 1 1 2078 2694 2759 3788
2587 4 2 1 1 2520 3097 3076 4227
2588 4 2 1 1 3399 4232 2885 4309
2589 4 2 1 1 1209 3129 2931 3827
2590 4 2 1 1 1209 1208 3129 3827
2591 4 2 1 1 2614 2745 1399 3999
2592 4 2 1 1 2646 3295 2823 3935
2593 4 2 1 1 2199 3354 2632 3715
2594 4 2 1 1 2913 2747 3517 3936
2595 4 2 1 1 2560 3064 2184 3282
2596 4 2 1 1 4324 2183 3281 2781
2597 4 2 1 1 3049 2328 2623 2782
2598 4 2 1 1 2516 3536 2971 4321
2599 4 2 1 1 841 2868 4537 3612
2600 4 2 1 1 4537 4534 88 797
2601 4 2 1 1 29 28 439 4530
2602 4 2 1 1 3198 3350 3658 3835
2603 4 2 1 1 1214 3562 3498 4363
2604 4 2 1 1 3637 1461 183 2865
2605 4 2 1 1 2108 2401 3014 3676
2606 4 2 1 1 2109 2402 3015 3679
2607 4 2 1 1 2574 2671 2071 3163
2608 4 2 1 1 2575 2673 2072 3162
2609 4 2 1 1 2395 3418 3043 3589
2610 4 2 1 1 2145 2825 3841 2682
2611 4 2 1 1 4493 520 2668 3186
2612 4 2 1 1 2737 2972 2379 3135
2613 4 2 1 1 2297 3011 3644 4330
2614 4 2 1 1 2385 3018 3134 2283
2615 4 2 1 1 3995 3406 2691 2505
2616 4 2 1 1 3993 3408 2689 2503
2617 4 2 1 1 3994 3407 2690 2504
2618 4 2 1 1 2394 3419 3042 3588
2619 4 2 1 1 2836 432 3570 4375
2620 4 2 1 1 2967 3242 3214 2417
2621 4 2 1 1 2253 3444 2728 3775
2622 4 2 1 1 2085 2817 2870 3253
2623 4 2 1 1 2321 2936 2405 4246
2624 4 2 1 1 390 2471 265 236
2625 4 2 1 1 1010 2470 885 856
2626 4 2 1 1 1505 3139 1476 1630
2627 4 2 1 1 2453 2759 3583 2578
2628 4 2 1 1 1022 1028 3406 3995
2629 4 2 1 1 402 408 3408 3993
2630 4 2 1 1 1642 1648 3407 3994
2631 4 2 1 1 2865 183 184 1461
2632 4 2 1 1 1282 1137 3660 1402
2633 4 2 1 1 1673 3083 1616 1672
2634 4 2 1 1 2166 2892 3029 3601
2635 4 2 1 1 2802 3613 3456 4216
2636 4 2 1 1 2107 2400 3013 3712
2637 4 2 1 1 3352 3370 4063 2705
2638 4 2 1 1 2108 4028 2761 2463
2639 4 2 1 1 2397 2694 2677 3071
2640 4 2 1 1 332 3054 312 3985
2641 4 2 1 1 952 3055 932 3987
2642 4 2 1 1 1572 3053 1552 3986
2643 4 2 1 1 3351 3099 3504 2426
2644 4 2 1 1 2086 2815 2872 3254
2645 4 2 1 1 4454 2012 4536 154
2646 4 2 1 1 2271 3175 2993 3681
2647 4 2 1 1 2084 3125 2954 2448
2648 4 2 1 1 2201 3500 2801 3702
2649 4 2 1 1 3373 3123 2115 4205
2650 4 2 1 1 2364 3182 2864 3626
2651 4 2 1 1 153 154 4536 2012
2652 4 2 1 1 2158 3547 2484 3712
2653 4 2 1 1 2467 3222 621 3961
2654 4 2 1 1 4455 436 2906 481
2655 4 2 1 1 2907 1676 4456 2944
2656 4 2 1 1 4454 1056 2908 1101
2657 4 2 1 1 1313 3524 2666 3630
2658 4 2 1 1 4225 598 609 708
2659 4 2 1 1 2166 2832 3029 3315
2660 4 2 1 1 2888 3870 2429 4035
2661 4 2 1 1 285 3547 270 4367
2662 4 2 1 1 890 905 3546 4365
2663 4 2 1 1 1525 3545 1510 4366
2664 4 2 1 1 621 3961 4294 2467
2665 4 2 1 1 916 901 1040 3744
2666 4 2 1 1 2847 3781 2436 3852
2667 4 2 1 1 3352 3370 2705 2189
2668 4 2 1 1 2291 2761 3043 3676
2669 4 2 1 1 3153 1218 2445 3711
2670 4 2 1 1 2802 2659 3613 4216
2671 4 2 1 1 2666 3575 2764 4168
2672 4 2 1 1 2216 2784 2691 2505
2673 4 2 1 1 2217 2785 2690 2504
2674 4 2 1 1 2218 2783 2689 2503
2675 4 2 1 1 612 3473 613 3957
2676 4 2 1 1 612 3117 3473 3957
2677 4 2 1 1 1805 4098 1811 2915
2678 4 2 1 1 2680 3599 3144 4108
2679 4 2 1 1 2197 3430 2599 3782
2680 4 2 1 1 2019 3365 2487 3950
2681 4 2 1 1 4306 2328 2623 3148
2682 4 2 1 1 2960 3394 2568 3550
2683 4 2 1 1 4499 477 2836 2861
2684 4 2 1 1 2156 3207 2774 3640
2685 4 2 1 1 3055 4132 3906 2147
2686 4 2 1 1 3053 4133 3907 2148
2687 4 2 1 1 3054 4134 3905 2146
2688 4 2 1 1 2970 3232 2845 3705
2689 4 2 1 1 2292 2762 3042 3679
2690 4 2 1 1 2321 2405 3000 4246
2691 4 2 1 1 1233 1319 1318 3236
2692 4 2 1 1 2285 2864 3182 3626
2693 4 2 1 1 3006 3112 2468 3721
2694 4 2 1 1 2577 2585 2120 4398
2695 4 2 1 1 1076 3812 2983 4188
2696 4 2 1 1 2838 3017 2225 3342
2697 4 2 1 1 2696 2119 2930 3831
2698 4 2 1 1 2481 2840 2387 3694
2699 4 2 1 1 1053 3073 996 1052
2700 4 2 1 1 677 692 769 3124
2701 4 2 1 1 2199 2632 2768 3715
2702 4 2 1 1 4306 2623 2328 2782
2703 4 2 1 1 2163 3048 2819 3174
2704 4 2 1 1 1089 2874 2592 3580
2705 4 2 1 1 1709 2875 2594 3581
2706 4 2 1 1 469 2876 2593 3582
2707 4 2 1 1 443 213 4423 2643
2708 4 2 1 1 526 4483 4424 2642
2709 4 2 1 1 1146 4484 4425 2641
2710 4 2 1 1 2623 3758 3086 3922
2711 4 2 1 1 3261 3204 2125 3925
2712 4 2 1 1 977 975 3234 3725
2713 4 2 1 1 2423 1699 3968 2958
2714 4 2 1 1 2843 4256 2608 3620
2715 4 2 1 1 1597 1595 3233 3724
2716 4 2 1 1 2114 2989 2534 2246
2717 4 2 1 1 4536 2038 153 2012
2718 4 2 1 1 2874 3234 975 3725
2719 4 2 1 1 284 3547 2890 3794
2720 4 2 1 1 904 3546 2891 3796
2721 4 2 1 1 1524 3545 2889 3795
2722 4 2 1 1 2213 2970 2845 3329
2723 4 2 1 1 2123 3758 2623 3922
2724 4 2 1 1 2875 3233 1595 3724
2725 4 2 1 1 372 459 369 4380
2726 4 2 1 1 3681 3852 3781 2847
2727 4 2 1 1 2476 2803 2235 3209
2728 4 2 1 1 3160 3584 2803 2150
2729 4 2 1 1 2667 1568 3500 3701
2730 4 2 1 1 2621 3704 2834 2248
2731 4 2 1 1 2954 3164 2669 3182
2732 4 2 1 1 3974 1700 1452 1656
2733 4 2 1 1 2181 2600 3304 4175
2734 4 2 1 1 2133 2396 2669 3075
2735 4 2 1 1 2469 3513 3101 4163
2736 4 2 1 1 4454 2012 2945 4536
2737 4 2 1 1 1964 2919 2440 3738
2738 4 2 1 1 1102 2838 1052 3628
2739 4 2 1 1 2749 3242 2967 3947
2740 4 2 1 1 2355 3569 3189 4049
2741 4 2 1 1 2354 3568 3187 4047
2742 4 2 1 1 2353 3567 3188 4048
2743 4 2 1 1 383 2593 282 3460
2744 4 2 1 1 1522 1623 2594 3459
2745 4 2 1 1 1003 2592 902 3458
2746 4 2 1 1 2612 3352 2189 3855
2747 4 2 1 1 1834 3023 2834 3828
2748 4 2 1 1 2340 2420 3001 4067
2749 4 2 1 1 2730 2102 4010 3763
2750 4 2 1 1 2469 573 3494 4163
2751 4 2 1 1 2653 3042 2518 3588
2752 4 2 1 1 2230 2453 2694 3367
2753 4 2 1 1 3222 3782 2467 4171
2754 4 2 1 1 3974 1452 1700 2704
2755 4 2 1 1 2180 4174 3720 2994
2756 4 2 1 1 2617 2763 2529 3770
2757 4 2 1 1 1350 2921 2439 3741
2758 4 2 1 1 285 2890 284 3547
2759 4 2 1 1 904 905 2891 3546
2760 4 2 1 1 1525 2889 1524 3545
2761 4 2 1 1 2668 948 3501 3700
2762 4 2 1 1 2276 2374 2774 3640
2763 4 2 1 1 2253 2648 3444 3775
2764 4 2 1 1 1176 2937 2569 3231
2765 4 2 1 1 2904 3361 2263 3818
2766 4 2 1 1 2905 3359 2261 3816
2767 4 2 1 1 2299 2214 3035 4013
2768 4 2 1 1 2405 3595 3365 3803
2769 4 2 1 1 569 2428 3350 3835
2770 4 2 1 1 730 2922 2438 3742
2771 4 2 1 1 3669 1722 4211 1610
2772 4 2 1 1 2091 2526 2728 4105
2773 4 2 1 1 3589 2293 3043 2063
2774 4 2 1 1 256 3608 3092 4393
2775 4 2 1 1 2126 2759 2461 3485
2776 4 2 1 1 2091 2728 2424 3268
2777 4 2 1 1 2271 2873 3175 3681
2778 4 2 1 1 4168 4440 3538 2764
2779 4 2 1 1 1326 1220 3236 3354
2780 4 2 1 1 2886 3955 2430 4033
2781 4 2 1 1 4177 3778 2626 2792
2782 4 2 1 1 2208 2734 2444 3425
2783 4 2 1 1 2124 2483 3030 3315
2784 4 2 1 1 2103 2617 2529 3770
2785 4 2 1 1 1787 2911 2495 4310
2786 4 2 1 1 2293 3305 2463 4114
2787 4 2 1 1 2410 3058 2725 2159
2788 4 2 1 1 2411 3059 2726 2160
2789 4 2 1 1 2412 3060 2727 2158
2790 4 2 1 1 1494 2982 2533 4326
2791 4 2 1 1 2969 2111 2190 4232
2792 4 2 1 1 794 2698 3149 3896
2793 4 2 1 1 3617 3736 2686 4204
2794 4 2 1 1 2574 3163 2071 4239
2795 4 2 1 1 4455 1392 4535 42
2796 4 2 1 1 2475 3536 2408 4321
2797 4 2 1 1 1003 2450 920 3445
2798 4 2 1 1 1623 2452 1540 3447
2799 4 2 1 1 300 383 2451 3446
2800 4 2 1 1 745 4549 2837 2865
2801 4 2 1 1 3111 3856 2241 3310
2802 4 2 1 1 1053 3073 1052 2838
2803 4 2 1 1 1852 3480 1853 3960
2804 4 2 1 1 2113 3696 3499 2408
2805 4 2 1 1 3503 3639 3063 4262
2806 4 2 1 1 2345 2763 2125 3542
2807 4 2 1 1 2262 3270 2941 3424
2808 4 2 1 1 2263 3269 2942 3423
2809 4 2 1 1 2261 3271 2940 3422
2810 4 2 1 1 1852 3116 3480 3960
2811 4 2 1 1 2390 3377 3072 3936
2812 4 2 1 1 2159 3040 3014 3043
2813 4 2 1 1 3988 3425 1844 3084
2814 4 2 1 1 1673 3083 1672 2837
2815 4 2 1 1 1392 42 41 4535
2816 4 2 1 1 974 2500 2874 3580
2817 4 2 1 1 2502 2875 1594 3581
2818 4 2 1 1 2501 2876 354 3582
2819 4 2 1 1 2160 3039 3015 3042
2820 4 2 1 1 2113 2616 2247 2408
2821 4 2 1 1 3041 4072 3976 3306
2822 4 2 1 1 3039 4071 2507 4115
2823 4 2 1 1 3040 4070 2506 4114
2824 4 2 1 1 3517 3936 3004 4174
2825 4 2 1 1 3229 3449 2266 4327
2826 4 2 1 1 3227 3450 2265 4328
2827 4 2 1 1 3228 3451 2264 4329
2828 4 2 1 1 1741 3083 2620 1614
2829 4 2 1 1 2225 2422 2773 3693
2830 4 2 1 1 3770 3255 3978 2359
2831 4 2 1 1 3075 3911 2214 2587
2832 4 2 1 1 4535 1418 41 1392
2833 4 2 1 1 2762 2292 3102 3679
2834 4 2 1 1 2487 3901 3121 4315
2835 4 2 1 1 4455 1392 2943 4535
2836 4 2 1 1 4232 3571 2969 2111
2837 4 2 1 1 2432 2162 3076 4227
2838 4 2 1 1 1222 1241 2466 3230
2839 4 2 1 1 2107 3712 2788 4396
2840 4 2 1 1 2600 3492 2181 3142
2841 4 2 1 1 2600 3492 3142 2363
2842 4 2 1 1 2219 3006 2807 3670
2843 4 2 1 1 2321 2405 2936 3691
2844 4 2 1 1 2884 3464 2532 4061
2845 4 2 1 1 2883 3463 2531 4062
2846 4 2 1 1 4500 1097 2838 2868
2847 4 2 1 1 2232 3284 3142 3474
2848 4 2 1 1 794 3328 2698 3896
2849 4 2 1 1 2585 2120 3343 3997
2850 4 2 1 1 1787 2495 2911 2734
2851 4 2 1 1 2132 2393 2970 3839
2852 4 2 1 1 2281 3735 2563 3823
2853 4 2 1 1 2588 3601 2166 3845
2854 4 2 1 1 4535 4532 486 41
2855 4 2 1 1 2968 3313 2750 3948
2856 4 2 1 1 1271 3789 4107 3184
2857 4 2 1 1 2260 2716 2568 3173
2858 4 2 1 1 2615 2174 3147 4165
2859 4 2 1 1 5 168 2036 4534
2860 4 2 1 1 2428 2894 2155 3658
2861 4 2 1 1 2469 2760 2161 3240
2862 4 2 1 1 1888 2001 3616 3761
2863 4 2 1 1 281 2442 4390 3212
2864 4 2 1 1 1521 2441 4389 3211
2865 4 2 1 1 2367 4264 2788 4396
2866 4 2 1 1 4311 3076 2871 4094
2867 4 2 1 1 1005 930 3569 4134
2868 4 2 1 1 1625 1550 3567 4132
2869 4 2 1 1 385 310 3568 4133
2870 4 2 1 1 296 3007 2442 3477
2871 4 2 1 1 2732 2834 2449 3828
2872 4 2 1 1 2159 2395 3043 3676
2873 4 2 1 1 4357 284 3794 3547
2874 4 2 1 1 4359 904 3796 3546
2875 4 2 1 1 4358 1524 3795 3545
2876 4 2 1 1 1004 930 851 3569
2877 4 2 1 1 231 384 310 3568
2878 4 2 1 1 1471 1624 1550 3567
2879 4 2 1 1 2176 2930 3634 3776
2880 4 2 1 1 2446 3721 2279 3737
2881 4 2 1 1 2102 3566 2591 3975
2882 4 2 1 1 2254 3125 3257 3889
2883 4 2 1 1 1239 1183 2478 3231
2884 4 2 1 1 2278 3223 2757 4258
2885 4 2 1 1 650 94 95 4467
2886 4 2 1 1 2680 2446 4108 3721
2887 4 2 1 1 2513 3938 2250 3443
2888 4 2 1 1 2084 2612 3392 4190
2889 4 2 1 1 4534 2868 168 2036
2890 4 2 1 1 1763 4533 4442 2820
2891 4 2 1 1 1544 1641 1649 3282
2892 4 2 1 1 1021 2559 1029 924
2893 4 2 1 1 2529 2763 2345 4336
2894 4 2 1 1 2436 2880 2634 3781
2895 4 2 1 1 2435 2881 2635 2139
2896 4 2 1 1 2434 2882 2636 2141
2897 4 2 1 1 3099 3333 4395 2579
2898 4 2 1 1 1003 850 2450 3458
2899 4 2 1 1 1623 1470 2452 3459
2900 4 2 1 1 383 230 2451 3460
2901 4 2 1 1 2474 3322 3048 2590
2902 4 2 1 1 2158 3013 3035 3041
2903 4 2 1 1 2151 3099 2655 4105
2904 4 2 1 1 2113 2512 3239 2247
2905 4 2 1 1 2305 3111 3856 4248
2906 4 2 1 1 583 3318 3101 4163
2907 4 2 1 1 2356 3619 2812 4157
2908 4 2 1 1 2266 2857 3449 4196
2909 4 2 1 1 2265 2855 3450 4195
2910 4 2 1 1 2264 2856 3451 4194
2911 4 2 1 1 964 4428 2952 4111
2912 4 2 1 1 450 2951 4429 4112
2913 4 2 1 1 344 4430 2953 4113
2914 4 2 1 1 1763 4533 2820 2028
2915 4 2 1 1 2440 2940 2094 3753
2916 4 2 1 1 2113 3239 2512 3696
2917 4 2 1 1 1500 3820 2982 4193
2918 4 2 1 1 2439 2941 2092 3752
2919 4 2 1 1 3322 3290 4296 2520
2920 4 2 1 1 856 2948 2470 3944
2921 4 2 1 1 2438 2942 2093 3751
2922 4 2 1 1 4309 1486 1491 3166
2923 4 2 1 1 1218 3759 3067 1216
2924 4 2 1 1 3720 4174 2180 2913
2925 4 2 1 1 455 2991 2702 3507
2926 4 2 1 1 2091 3563 2526 4105
2927 4 2 1 1 2845 2970 3705 4051
2928 4 2 1 1 401 409 304 3280
2929 4 2 1 1 2282 2707 3421 3471
2930 4 2 1 1 1832 2487 2019 3901
2931 4 2 1 1 2529 2998 2755 4210
2932 4 2 1 1 254 395 245 2531
2933 4 2 1 1 1015 865 874 2532
2934 4 2 1 1 1635 1485 1494 2533
2935 4 2 1 1 4119 328 426 3521
2936 4 2 1 1 2440 3738 2266 4122
2937 4 2 1 1 2439 3741 2264 4124
2938 4 2 1 1 2438 3742 2265 4123
2939 4 2 1 1 2802 3456 2079 4216
2940 4 2 1 1 4533 92 93 2028
2941 4 2 1 1 2126 3071 2759 3506
2942 4 2 1 1 2414 2792 2626 3778
2943 4 2 1 1 3749 256 4393 3608
2944 4 2 1 1 2837 3083 1672 3669
2945 4 2 1 1 520 3961 2668 3186
2946 4 2 1 1 2267 2764 2666 3575
2947 4 2 1 1 208 4542 2705 3177
2948 4 2 1 1 2728 2775 2253 3775
2949 4 2 1 1 366 3001 2711 3840
2950 4 2 1 1 2072 2673 2986 3162
2951 4 2 1 1 1812 4186 2924 1807
2952 4 2 1 1 2511 3697 3293 2499
2953 4 2 1 1 2160 2394 3042 3679
2954 4 2 1 1 2890 3182 3143 3626
2955 4 2 1 1 1336 4343 3727 2685
2956 4 2 1 1 2107 3126 3712 4396
2957 4 2 1 1 2732 4333 4054 3410
2958 4 2 1 1 469 3140 2876 3726
2959 4 2 1 1 1089 3138 2874 3725
2960 4 2 1 1 1709 3139 2875 3724
2961 4 2 1 1 4028 3466 2108 3100
2962 4 2 1 1 2593 2876 2137 3582
2963 4 2 1 1 2272 2992 2441 3528
2964 4 2 1 1 2494 3638 545 3032
2965 4 2 1 1 3528 1563 2866 2748
2966 4 2 1 1 3504 4130 2480 3351
2967 4 2 1 1 2632 2768 3715 4254
2968 4 2 1 1 2064 3588 3367 2586
2969 4 2 1 1 2318 3280 2489 4207
2970 4 2 1 1 3079 3585 2504 3994
2971 4 2 1 1 2888 2429 3983 4035
2972 4 2 1 1 2886 2430 3981 4033
2973 4 2 1 1 2705 2786 2189 3521
2974 4 2 1 1 4063 3787 2496 3352
2975 4 2 1 1 2421 3277 3395 3673
2976 4 2 1 1 2517 3043 3418 3589
2977 4 2 1 1 4476 4533 93 2028
2978 4 2 1 1 1242 2466 4069 1222
2979 4 2 1 1 2110 3572 2883 4192
2980 4 2 1 1 2113 3499 2475 2408
2981 4 2 1 1 2126 2461 2759 3071
2982 4 2 1 1 236 2949 2471 3924
2983 4 2 1 1 1476 2950 2472 3923
2984 4 2 1 1 3398 2359 2631 2962
2985 4 2 1 1 1836 2535 2678 3921
2986 4 2 1 1 1841 2834 1834 3023
2987 4 2 1 1 2440 2094 3152 3753
2988 4 2 1 1 2439 2092 3151 3752
2989 4 2 1 1 2438 2093 3150 3751
2990 4 2 1 1 2467 3782 3336 3801
2991 4 2 1 1 3305 3804 4114 2751
2992 4 2 1 1 2081 2464 2750 4115
2993 4 2 1 1 2259 2582 2515 2789
2994 4 2 1 1 1959 3033 2654 4169
2995 4 2 1 1 716 4349 3728 2683
2996 4 2 1 1 2518 3042 3419 3588
2997 4 2 1 1 2909 2155 3922 2481
2998 4 2 1 1 3348 2269 3017 3268
2999 4 2 1 1 2837 3016 2226 3341
3000 4 2 1 1 620 4000 2825 4245
3001 4 2 1 1 3044 2595 2842 2249
3002 4 2 1 1 4476 3774 4533 2028
3003 4 2 1 1 1349 1359 1239 3672
3004 4 2 1 1 4476 3774 2028 3082
3005 4 2 1 1 2028 4533 2820 3774
3006 4 2 1 1 4 169 4532 1727
3007 4 2 1 1 2332 2845 2665 3232
3008 4 2 1 1 2120 2585 2577 3396
3009 4 2 1 1 72 4532 4 486
3010 4 2 1 1 4453 4532 169 1727
3011 4 2 1 1 2137 2501 2876 3715
3012 4 2 1 1 2113 2459 2947 3409
3013 4 2 1 1 4532 486 4436 2943
3014 4 2 1 1 4453 4532 1727 2943
3015 4 2 1 1 4469 1441 4457 2918
3016 4 2 1 1 996 2622 994 3073
3017 4 2 1 1 3348 2269 3268 2820
3018 4 2 1 1 2208 2947 2734 3696
3019 4 2 1 1 3374 3684 3297 4020
3020 4 2 1 1 540 2421 3277 4178
3021 4 2 1 1 2282 2720 2418 4030
3022 4 2 1 1 4469 1441 129 4457
3023 4 2 1 1 2848 3337 2141 4040
3024 4 2 1 1 519 2758 808 3256
3025 4 2 1 1 2121 2697 3393 4376
3026 4 2 1 1 2154 2583 2975 3382
3027 4 2 1 1 128 129 1441 4457
3028 4 2 1 1 4467 650 2497 3439
3029 4 2 1 1 2924 3933 2437 4186
3030 4 2 1 1 2095 2442 3432 3523
3031 4 2 1 1 1622 2660 4042 2958
3032 4 2 1 1 4399 3002 2816 1893
3033 4 2 1 1 2171 2873 2281 3735
3034 4 2 1 1 2098 3438 2462 4307
3035 4 2 1 1 4457 1441 128 1736
3036 4 2 1 1 1226 3026 2439 3360
3037 4 2 1 1 606 3025 2438 3361
3038 4 2 1 1 1846 3027 2440 3359
3039 4 2 1 1 3411 2505 2191 3912
3040 4 2 1 1 2413 3672 3498 4363
3041 4 2 1 1 545 3638 2494 546
3042 4 2 1 1 2375 3174 3048 2341
3043 4 2 1 1 4537 797 533 2868
3044 4 2 1 1 1226 2439 1350 4250
3045 4 2 1 1 1002 2663 4045 2956
3046 4 2 1 1 1035 934 1038 3527
3047 4 2 1 1 2123 3369 2840 3448
3048 4 2 1 1 1601 2700 3811 1602
3049 4 2 1 1 2342 3108 2473 3375
3050 4 2 1 1 2344 3110 2473 3374
3051 4 2 1 1 2343 3109 2473 3376
3052 4 2 1 1 2753 3880 2415 4347
3053 4 2 1 1 2224 2420 3093 3570
3054 4 2 1 1 2843 4256 3620 2100
3055 4 2 1 1 981 2701 3812 982
3056 4 2 1 1 2112 3441 2532 2884
3057 4 2 1 1 2682 2769 2078 3310
3058 4 2 1 1 687 808 2758 4095
3059 4 2 1 1 710 604 2909 3873
3060 4 2 1 1 2174 2469 3318 4352
3061 4 2 1 1 1513 2660 2958 3206
3062 4 2 1 1 2326 3820 4103 4193
3063 4 2 1 1 2028 2820 1900 3774
3064 4 2 1 1 1674 4457 1441 2918
3065 4 2 1 1 2655 2234 3801 3853
3066 4 2 1 1 1618 2918 1734 3863
3067 4 2 1 1 191 190 1402 4468
3068 4 2 1 1 2461 2932 2624 3788
3069 4 2 1 1 893 2663 2956 3205
3070 4 2 1 1 684 685 2561 3012
3071 4 2 1 1 2864 3182 2364 3389
3072 4 2 1 1 2374 2686 3617 3461
3073 4 2 1 1 1859 2447 3410 3731
3074 4 2 1 1 1334 1266 3238 3530
3075 4 2 1 1 1928 2698 3481 1927
3076 4 2 1 1 2379 3634 2930 3776
3077 4 2 1 1 2588 2979 2910 3316
3078 4 2 1 1 2494 2989 2114 3335
3079 4 2 1 1 1751 4449 3439 4531
3080 4 2 1 1 374 3093 2604 3296
3081 4 2 1 1 4121 4470 2916 1091
3082 4 2 1 1 2144 2773 3142 3304
3083 4 2 1 1 4508 2604 218 3645
3084 4 2 1 1 2309 2591 3542 3938
3085 4 2 1 1 2063 3589 3383 2585
3086 4 2 1 1 2232 2736 2526 3504
3087 4 2 1 1 3014 3043 2761 3676
3088 4 2 1 1 3584 3885 3476 4346
3089 4 2 1 1 2495 2911 2113 3492
3090 4 2 1 1 2732 3600 2447 4054
3091 4 2 1 1 1751 4449 4531 96
3092 4 2 1 1 97 96 1751 4531
3093 4 2 1 1 4531 1751 97 2044
3094 4 2 1 1 3236 3559 1220 1233
3095 4 2 1 1 3015 3042 2762 3679
3096 4 2 1 1 2150 2716 2598 3173
3097 4 2 1 1 2542 3902 3368 4374
3098 4 2 1 1 1751 2693 4531 3439
3099 4 2 1 1 4363 1205 1206 1199
3100 4 2 1 1 3018 2283 2385 4142
3101 4 2 1 1 2119 3135 2379 3831
3102 4 2 1 1 4339 4252 4230 2712
3103 4 2 1 1 2686 3855 3370 3461
3104 4 2 1 1 2044 4531 1751 2693
3105 4 2 1 1 2845 3329 2970 4051
3106 4 2 1 1 2198 2777 2454 4121
3107 4 2 1 1 3814 3259 2951 2435
3108 4 2 1 1 3815 3258 2952 2436
3109 4 2 1 1 3813 3260 2953 2434
3110 4 2 1 1 2228 2844 2576 3918
3111 4 2 1 1 2188 2387 2909 3502
3112 4 2 1 1 1887 2764 1886 3616
3113 4 2 1 1 3104 2059 2060 1989
3114 4 2 1 1 2413 4004 2946 4109
3115 4 2 1 1 2276 2374 3640 3391
3116 4 2 1 1 2200 2776 2455 4125
3117 4 2 1 1 2535 2678 2163 2819
3118 4 2 1 1 110 111 4466 782
3119 4 2 1 1 2223 3221 2790 3537
3120 4 2 1 1 2165 2817 2599 3833
3121 4 2 1 1 2288 2407 3583 3969
3122 4 2 1 1 3022 3801 2234 3853
3123 4 2 1 1 1766 4530 4423 28
3124 4 2 1 1 3969 3583 2759 2407
3125 4 2 1 1 1611 3083 3303 3669
3126 4 2 1 1 2497 639 3082 3661
3127 4 2 1 1 1857 1855 1856 2542
3128 4 2 1 1 2804 2352 2669 3902
3129 4 2 1 1 3076 3916 2311 4094
3130 4 2 1 1 2122 2724 3440 4004
3131 4 2 1 1 1237 1235 1236 2543
3132 4 2 1 1 3316 3829 2910 2166
3133 4 2 1 1 2424 3279 1780 4175
3134 4 2 1 1 617 615 616 2544
3135 4 2 1 1 2113 2911 2512 2247
3136 4 2 1 1 2563 3735 3586 3823
3137 4 2 1 1 4363 1206 1205 3562
3138 4 2 1 1 2599 3632 4057 3412
3139 4 2 1 1 2021 3000 3481 2693
3140 4 2 1 1 2526 3487 3409 2679
3141 4 2 1 1 2403 3844 3413 2143
3142 4 2 1 1 3409 3487 2526 2736
3143 4 2 1 1 29 28 4530 1991
3144 4 2 1 1 1505 2472 3356 3923
3145 4 2 1 1 265 2471 3357 3924
3146 4 2 1 1 3352 3370 2189 3855
3147 4 2 1 1 371 3093 3570 4375
3148 4 2 1 1 2075 2545 3193 3644
3149 4 2 1 1 4530 4461 29 1991
3150 4 2 1 1 4018 2250 3938 3542
3151 4 2 1 1 2918 3863 1618 4125
3152 4 2 1 1 2330 2983 2422 2773
3153 4 2 1 1 2116 2765 2589 3560
3154 4 2 1 1 1766 4530 28 1991
3155 4 2 1 1 2184 3282 2488 3532
3156 4 2 1 1 2504 2881 2635 3259
3157 4 2 1 1 2505 2880 2634 3258
3158 4 2 1 1 2503 2882 2636 3260
3159 4 2 1 1 2183 3281 2490 3533
3160 4 2 1 1 2062 3586 3421 3735
3161 4 2 1 1 2176 3062 2544 3634
3162 4 2 1 1 784 4443 743 2896
3163 4 2 1 1 2765 3097 2116 4227
3164 4 2 1 1 2115 2741 3576 2525
3165 4 2 1 1 3963 3096 2178 2575
3166 4 2 1 1 2215 2772 2427 3590
3167 4 2 1 1 1415 3381 2427 3496
3168 4 2 1 1 3346 4257 2498 3179
3169 4 2 1 1 4121 4470 1091 998
3170 4 2 1 1 2387 2188 2566 3502
3171 4 2 1 1 4530 4461 1991 3229
3172 4 2 1 1 1611 3303 1612 3669
3173 4 2 1 1 2251 2516 3330 2398
3174 4 2 1 1 2043 4530 3229 4327
3175 4 2 1 1 783 4523 518 794
3176 4 2 1 1 3063 3503 2207 3639
3177 4 2 1 1 2162 2432 2973 4227
3178 4 2 1 1 3389 2285 4046 2864
3179 4 2 1 1 2081 2750 2464 4313
3180 4 2 1 1 2302 3320 2608 4256
3181 4 2 1 1 2268 2865 2837 3083
3182 4 2 1 1 2418 2282 2692 3421
3183 4 2 1 1 2649 2960 2659 3802
3184 4 2 1 1 2631 2573 4079 3887
3185 4 2 1 1 2301 2609 3692 4244
3186 4 2 1 1 3840 2143 3847 3001
3187 4 2 1 1 2466 4293 3230 3772
3188 4 2 1 1 1204 1358 1218 3759
3189 4 2 1 1 2477 3346 2789 2101
3190 4 2 1 1 2512 2697 3535 3683
3191 4 2 1 1 2371 2915 3247 3973
3192 4 2 1 1 660 659 3217 3864
3193 4 2 1 1 4415 1765 4529 156
3194 4 2 1 1 1261 2466 4107 1242
3195 4 2 1 1 3395 2752 2090 3885
3196 4 2 1 1 4553 530 3531 4511
3197 4 2 1 1 2269 2868 2838 3073
3198 4 2 1 1 3007 3327 2442 3432
3199 4 2 1 1 2068 3599 3894 4223
3200 4 2 1 1 2682 2769 3310 2200
3201 4 2 1 1 2094 3038 2412 3420
3202 4 2 1 1 2092 3037 2410 3418
3203 4 2 1 1 2093 3036 2411 3419
3204 4 2 1 1 2177 3063 2543 3639
3205 4 2 1 1 2340 4203 2143 2771
3206 4 2 1 1 2296 3499 2613 2565
3207 4 2 1 1 1313 1279 2666 3524
3208 4 2 1 1 2447 3193 3084 3677
3209 4 2 1 1 814 676 2927 3124
3210 4 2 1 1 3528 1563 2748 1704
3211 4 2 1 1 3013 3035 2788 3712
3212 4 2 1 1 2254 2818 3005 3392
3213 4 2 1 1 2558 2760 2277 3061
3214 4 2 1 1 1470 1468 3226 3509
3215 4 2 1 1 228 3225 230 3510
3216 4 2 1 1 848 2450 920 850
3217 4 2 1 1 4529 155 156 1765
3218 4 2 1 1 1242 2466 1222 1241
3219 4 2 1 1 550 2979 2588 3316
3220 4 2 1 1 2163 2437 2733 4074
3221 4 2 1 1 1365 3538 2861 3575
3222 4 2 1 1 2132 2970 2393 3252
3223 4 2 1 1 2474 3048 2833 2590
3224 4 2 1 1 2018 4529 155 4454
3225 4 2 1 1 2182 3143 2890 3182
3226 4 2 1 1 2118 3697 2546 2370
3227 4 2 1 1 3545 3158 2401 2889
3228 4 2 1 1 4474 3002 4399 1893
3229 4 2 1 1 2445 2212 2567 3505
3230 4 2 1 1 2301 3321 2609 4244
3231 4 2 1 1 4415 1765 3816 4529
3232 4 2 1 1 3546 3154 2402 2891
3233 4 2 1 1 2251 2298 2706 3438
3234 4 2 1 1 577 3473 3881 4397
3235 4 2 1 1 2018 4529 4454 2908
3236 4 2 1 1 2425 4152 3763 2384
3237 4 2 1 1 653 4446 4478 783
3238 4 2 1 1 3239 2247 3536 2408
3239 4 2 1 1 1258 3067 2758 3656
3240 4 2 1 1 730 606 2438 4378
3241 4 2 1 1 1600 2776 2700 3797
3242 4 2 1 1 2134 3063 2543 3151
3243 4 2 1 1 3856 3724 4248 3356
3244 4 2 1 1 3155 3859 2096 2456
3245 4 2 1 1 1877 3397 3002 3921
3246 4 2 1 1 2119 2379 3135 3634
3247 4 2 1 1 1915 4246 3185 4308
3248 4 2 1 1 2095 2985 2442 3523
3249 4 2 1 1 980 2777 2701 3798
3250 4 2 1 1 3947 3312 2749 4264
3251 4 2 1 1 2299 2788 3035 3712
3252 4 2 1 1 3916 4094 3076 4391
3253 4 2 1 1 2135 3062 2544 3150
3254 4 2 1 1 3099 3563 2655 4105
3255 4 2 1 1 2124 2646 2812 3295
3256 4 2 1 1 3180 3482 781 2793
3257 4 2 1 1 1895 4529 2908 3816
3258 4 2 1 1 4417 1145 4528 44
3259 4 2 1 1 44 4528 43 1145
3260 4 2 1 1 1398 4528 43 4455
3261 4 2 1 1 2599 4057 3632 2151
3262 4 2 1 1 2253 2424 2728 3268
3263 4 2 1 1 2417 2343 3471 4086
3264 4 2 1 1 2133 3075 2542 3152
3265 4 2 1 1 2092 2451 2257 3757
3266 4 2 1 1 2093 2452 2256 3756
3267 4 2 1 1 2094 2450 2258 3755
3268 4 2 1 1 1841 1870 2621 4297
3269 4 2 1 1 1314 2754 3413 3844
3270 4 2 1 1 2283 3018 3134 4023
3271 4 2 1 1 2395 3589 3503 4262
3272 4 2 1 1 2326 2281 2549 3852
3273 4 2 1 1 1307 1386 1428 4120
3274 4 2 1 1 2301 3806 3323 3914
3275 4 2 1 1 2302 3807 3324 2608
3276 4 2 1 1 2167 2495 2947 3409
3277 4 2 1 1 4417 1145 3817 4528
3278 4 2 1 1 1398 4528 4455 2906
3279 4 2 1 1 656 4457 4144 2918
3280 4 2 1 1 2613 3499 2296 2408
3281 4 2 1 1 2680 2446 3721 3930
3282 4 2 1 1 902 2592 1089 3138
3283 4 2 1 1 1709 1522 2594 3139
3284 4 2 1 1 469 282 2593 3140
3285 4 2 1 1 2169 2443 3213 3331
3286 4 2 1 1 2613 3890 3499 4321
3287 4 2 1 1 2940 3131 2429 2175
3288 4 2 1 1 2942 3132 2431 2176
3289 4 2 1 1 1275 4528 2906 3817
3290 4 2 1 1 2341 3061 3322 4391
3291 4 2 1 1 2618 3583 3931 4002
3292 4 2 1 1 2252 3238 2476 3476
3293 4 2 1 1 4339 4252 2712 3660
3294 4 2 1 1 4399 3002 1308 3989
3295 4 2 1 1 1846 2440 1964 4355
3296 4 2 1 1 3576 2525 2741 2415
3297 4 2 1 1 2161 2760 2469 3513
3298 4 2 1 1 2085 2515 2879 4138
3299 4 2 1 1 2937 1329 1333 3003
3300 4 2 1 1 35 208 36 4542
3301 4 2 1 1 4441 1373 4527 3475
3302 4 2 1 1 2301 3323 2609 3914
3303 4 2 1 1 4441 1373 107 4527
3304 4 2 1 1 261 3051 2524 4101
3305 4 2 1 1 1373 106 107 4527
3306 4 2 1 1 2167 2444 2947 3169
3307 4 2 1 1 2254 3125 2818 3392
3308 4 2 1 1 2183 3145 3281 3533
3309 4 2 1 1 3333 4212 3057 4395
3310 4 2 1 1 2227 3352 2675 3787
3311 4 2 1 1 2213 3329 2590 3783
3312 4 2 1 1 2184 3146 3282 3532
3313 4 2 1 1 2618 3291 2073 3909
3314 4 2 1 1 4537 1109 2868 841
3315 4 2 1 1 2126 2521 3203 3485
3316 4 2 1 1 3547 3164 2400 2890
3317 4 2 1 1 2802 4216 3802 2659
3318 4 2 1 1 2900 2994 393 3357
3319 4 2 1 1 2902 2995 1633 3356
3320 4 2 1 1 2901 2996 1013 3355
3321 4 2 1 1 2117 2444 2814 3903
3322 4 2 1 1 3814 3259 2435 4242
3323 4 2 1 1 3815 3258 2436 4243
3324 4 2 1 1 3813 3260 2434 4241
3325 4 2 1 1 2610 2462 3438 4307
3326 4 2 1 1 2321 4003 3185 4246
3327 4 2 1 1 2210 2597 3325 3607
3328 4 2 1 1 2248 3590 2772 4230
3329 4 2 1 1 84 83 4493 520
3330 4 2 1 1 2819 2997 1932 3933
3331 4 2 1 1 1330 1239 2914 2937
3332 4 2 1 1 745 2837 3858 2865
3333 4 2 1 1 634 4427 770 2502
3334 4 2 1 1 2164 2815 2598 3702
3335 4 2 1 1 2453 2230 2694 2578
3336 4 2 1 1 827 4426 2905 4485
3337 4 2 1 1 2702 2141 2991 4241
3338 4 2 1 1 2704 3781 2993 4243
3339 4 2 1 1 2703 2139 2992 4242
3340 4 2 1 1 328 3521 2705 3695
3341 4 2 1 1 2171 3663 2873 3735
3342 4 2 1 1 2732 3410 2449 4333
3343 4 2 1 1 2967 3242 2417 3947
3344 4 2 1 1 4473 4527 106 1373
3345 4 2 1 1 2352 3622 3587 3650
3346 4 2 1 1 4473 4527 1373 3475
3347 4 2 1 1 4405 209 3340 444
3348 4 2 1 1 2280 2570 2821 3882
3349 4 2 1 1 2083 3805 3089 4025
3350 4 2 1 1 2081 3806 3087 4026
3351 4 2 1 1 2107 3013 2400 3688
3352 4 2 1 1 2108 3014 2401 3686
3353 4 2 1 1 2109 3015 2402 3687
3354 4 2 1 1 2299 3035 2788 4013
3355 4 2 1 1 2476 2268 3209 3789
3356 4 2 1 1 2063 2291 3503 2674
3357 4 2 1 1 2645 3959 3930 4199
3358 4 2 1 1 1764 4526 4440 3538
3359 4 2 1 1 1764 4526 3538 1993
3360 4 2 1 1 2082 3807 3088 4030
3361 4 2 1 1 2423 2939 2090 3990
3362 4 2 1 1 4526 187 186 1993
3363 4 2 1 1 490 4403 448 205
3364 4 2 1 1 1110 4404 1068 832
3365 4 2 1 1 4402 1730 1445 1688
3366 4 2 1 1 2268 3083 2620 3637
3367 4 2 1 1 2694 2230 3367 3631
3368 4 2 1 1 4471 4526 186 1993
3369 4 2 1 1 2068 3275 3599 4223
3370 4 2 1 1 2294 3042 2653 3956
3371 4 2 1 1 304 3143 401 3280
3372 4 2 1 1 1147 2620 4506 3637
3373 4 2 1 1 2750 2968 2378 3313
3374 4 2 1 1 2749 2967 2376 3312
3375 4 2 1 1 3504 4130 3351 2426
3376 4 2 1 1 1280 4440 1408 1144
3377 4 2 1 1 2283 3290 3061 3490
3378 4 2 1 1 2449 3252 2732 4333
3379 4 2 1 1 4362 3552 2086 2514
3380 4 2 1 1 2614 2923 2223 3251
3381 4 2 1 1 2308 2498 2477 3346
3382 4 2 1 1 2270 3601 3029 4318
3383 4 2 1 1 2305 3111 3310 3856
3384 4 2 1 1 1141 4492 2667 3701
3385 4 2 1 1 4471 4526 1993 3538
3386 4 2 1 1 3023 3828 1834 4292
3387 4 2 1 1 2212 3105 2895 3456
3388 4 2 1 1 1836 2678 2535 2819
3389 4 2 1 1 1021 2559 924 3145
3390 4 2 1 1 3532 1544 3146 3282
3391 4 2 1 1 1212 2851 2614 3630
3392 4 2 1 1 2557 3299 725 3361
3393 4 2 1 1 1985 2838 3876 2868
3394 4 2 1 1 2064 2586 3371 3588
3395 4 2 1 1 4493 2668 520 3700
3396 4 2 1 1 4444 2027 4525 103
3397 4 2 1 1 102 103 4525 2027
3398 4 2 1 1 2159 2976 3545 3676
3399 4 2 1 1 4525 1770 102 2027
3400 4 2 1 1 2555 3300 1972 3359
3401 4 2 1 1 2667 2466 2235 4107
3402 4 2 1 1 1319 3202 2403 3559
3403 4 2 1 1 4444 2027 3468 4525
3404 4 2 1 1 3272 3609 3275 2399
3405 4 2 1 1 2167 2679 2766 3803
3406 4 2 1 1 2140 4021 2563 3175
3407 4 2 1 1 2350 3624 3591 3652
3408 4 2 1 1 2937 1329 3003 3594
3409 4 2 1 1 885 2470 3355 3944
3410 4 2 1 1 682 679 769 3012
3411 4 2 1 1 2351 3623 3592 3651
3412 4 2 1 1 3740 3908 3178 2253
3413 4 2 1 1 2431 2586 3132 4322
3414 4 2 1 1 2160 2977 3546 3679
3415 4 2 1 1 2087 2807 3171 3690
3416 4 2 1 1 4406 829 3342 1064
3417 4 2 1 1 327 3521 328 3695
3418 4 2 1 1 2449 2152 3317 4333
3419 4 2 1 1 521 2639 757 3341
3420 4 2 1 1 2084 2954 2669 3182
3421 4 2 1 1 2203 2885 3166 3462
3422 4 2 1 1 2202 2883 3167 3463
3423 4 2 1 1 3763 4152 2425 2482
3424 4 2 1 1 4154 1580 174 4463
3425 4 2 1 1 2945 4451 3860 461
3426 4 2 1 1 2436 3248 2952 3815
3427 4 2 1 1 2435 3249 2951 3814
3428 4 2 1 1 2434 3250 2953 3813
3429 4 2 1 1 2526 2091 2773 3437
3430 4 2 1 1 2201 3772 3283 2466
3431 4 2 1 1 4397 3957 3473 2580
3432 4 2 1 1 4061 881 2980 2523
3433 4 2 1 1 2524 255 2981 261
3434 4 2 1 1 2398 3200 2676 3493
3435 4 2 1 1 2131 2575 3192 2300
3436 4 2 1 1 2130 2574 3191 3323
3437 4 2 1 1 2129 2573 3190 3324
3438 4 2 1 1 2581 2681 2198 2077
3439 4 2 1 1 281 2442 3212 420
3440 4 2 1 1 1521 2441 3211 1660
3441 4 2 1 1 4351 1761 2638 3342
3442 4 2 1 1 2580 2682 2200 3353
3443 4 2 1 1 2291 3676 3100 4028
3444 4 2 1 1 2163 2535 2819 3048
3445 4 2 1 1 4525 4551 528 102
3446 4 2 1 1 3283 3772 2201 2598
3447 4 2 1 1 2022 1902 1913 2497
3448 4 2 1 1 2157 3435 2830 2321
3449 4 2 1 1 1197 3565 3202 3635
3450 4 2 1 1 527 2622 4505 3612
3451 4 2 1 1 687 3482 2758 3992
3452 4 2 1 1 2511 3614 2603 4127
3453 4 2 1 1 3398 4016 3066 4118
3454 4 2 1 1 1923 3294 3149 4029
3455 4 2 1 1 2761 3676 2291 4028
3456 4 2 1 1 3466 3288 3314 2987
3457 4 2 1 1 4552 31 470 4465
3458 4 2 1 1 4465 470 4552 3622
3459 4 2 1 1 3976 3038 3054 2146
3460 4 2 1 1 2238 3440 2724 3498
3461 4 2 1 1 594 2623 595 3366
3462 4 2 1 1 2021 3872 3000 2693
3463 4 2 1 1 2086 3552 2877 4135
3464 4 2 1 1 378 3884 4089 2917
3465 4 2 1 1 3217 3266 2252 3864
3466 4 2 1 1 2180 3004 4213 3936
3467 4 2 1 1 3006 2219 2571 3670
3468 4 2 1 1 539 757 620 4245
3469 4 2 1 1 2275 2685 2365 3497
3470 4 2 1 1 1619 1615 1620 4181
3471 4 2 1 1 296 2442 3007 3327
3472 4 2 1 1 2401 3545 2976 3676
3473 4 2 1 1 3650 4465 4156 4286
3474 4 2 1 1 2068 2509 3118 3609
3475 4 2 1 1 1295 3381 3496 4311
3476 4 2 1 1 2235 2803 2466 3283
3477 4 2 1 1 2104 2934 2390 3384
3478 4 2 1 1 180 179 4492 1141
3479 4 2 1 1 397 505 330 3587
3480 4 2 1 1 354 2876 2501 3784
3481 4 2 1 1 974 2874 2500 3785
3482 4 2 1 1 1594 2875 2502 3786
3483 4 2 1 1 4472 2031 4524 3484
3484 4 2 1 1 4472 2031 90 4524
3485 4 2 1 1 4524 90 91 2031
3486 4 2 1 1 2080 3511 2766 3691
3487 4 2 1 1 2962 3126 2359 3056
3488 4 2 1 1 4442 4524 91 2031
3489 4 2 1 1 2067 3619 3210 4265
3490 4 2 1 1 2402 3546 2977 3679
3491 4 2 1 1 4442 4524 2031 3484
3492 4 2 1 1 2681 2777 2198 3172
3493 4 2 1 1 1861 3370 2496 3461
3494 4 2 1 1 2961 3617 3736 1871
3495 4 2 1 1 2274 3430 2879 4138
3496 4 2 1 1 2803 3160 2235 3209
3497 4 2 1 1 3341 1738 2639 4211
3498 4 2 1 1 1235 3129 2543 2931
3499 4 2 1 1 2301 3191 2671 3323
3500 4 2 1 1 2302 3190 2672 3324
3501 4 2 1 1 37 218 38 4508
3502 4 2 1 1 2420 3001 2224 2771
3503 4 2 1 1 2841 3325 2571 3560
3504 4 2 1 1 1017 1125 950 3591
3505 4 2 1 1 1570 1637 1745 3592
3506 4 2 1 1 3078 4192 4266 2376
3507 4 2 1 1 3080 4191 4267 2378
3508 4 2 1 1 3969 2759 2453 3506
3509 4 2 1 1 644 2648 4015 630
3510 4 2 1 1 773 4517 125 4416
3511 4 2 1 1 4419 1758 4523 100
3512 4 2 1 1 4523 99 100 1758
3513 4 2 1 1 719 567 559 3873
3514 4 2 1 1 2701 2330 4088 4361
3515 4 2 1 1 3866 4227 2973 2432
3516 4 2 1 1 3589 2293 2063 2652
3517 4 2 1 1 615 3128 2544 3776
3518 4 2 1 1 3616 2861 2047 3538
3519 4 2 1 1 726 4517 3818 2904
3520 4 2 1 1 1134 3002 2712 4274
3521 4 2 1 1 1654 1663 2522 3399
3522 4 2 1 1 2399 3272 2715 3317
3523 4 2 1 1 2860 4094 3916 4391
3524 4 2 1 1 2252 3472 3238 3768
3525 4 2 1 1 1758 4523 99 2029
3526 4 2 1 1 4419 1758 3149 4523
3527 4 2 1 1 1758 4523 2698 3149
3528 4 2 1 1 2029 1758 4523 2698
3529 4 2 1 1 121 122 1676 4522
3530 4 2 1 1 2625 3431 3272 3750
3531 4 2 1 1 3337 3991 3331 2550
3532 4 2 1 1 1427 2865 3475 3637
3533 4 2 1 1 4522 1676 121 1726
3534 4 2 1 1 4522 4456 122 1676
3535 4 2 1 1 2300 2933 2706 2072
3536 4 2 1 1 2714 2752 2252 3266
3537 4 2 1 1 4057 3351 3412 3099
3538 4 2 1 1 606 3025 627 3742
3539 4 2 1 1 499 2604 218 3177
3540 4 2 1 1 4351 1761 3342 1997
3541 4 2 1 1 296 2442 420 3477
3542 4 2 1 1 2138 2769 3714 3810
3543 4 2 1 1 2579 4212 3333 4395
3544 4 2 1 1 1900 3082 2028 3774
3545 4 2 1 1 621 4171 2467 4294
3546 4 2 1 1 1214 3498 1215 3672
3547 4 2 1 1 646 737 2640 3178
3548 4 2 1 1 2075 2545 2613 2296
3549 4 2 1 1 1247 1226 3026 3741
3550 4 2 1 1 2750 3647 3307 4129
3551 4 2 1 1 2421 3016 3277 3673
3552 4 2 1 1 1855 3130 2542 2915
3553 4 2 1 1 2686 3461 1955 3617
3554 4 2 1 1 2174 2558 2858 3952
3555 4 2 1 1 454 282 383 2593
3556 4 2 1 1 1694 1522 1623 2594
3557 4 2 1 1 1074 902 1003 2592
3558 4 2 1 1 1846 3027 1867 3738
3559 4 2 1 1 2750 3307 2464 4129
3560 4 2 1 1 3080 3406 1028 3995
3561 4 2 1 1 3079 3407 1648 3994
3562 4 2 1 1 3078 3408 408 3993
3563 4 2 1 1 2481 2073 3291 3909
3564 4 2 1 1 2158 3035 2396 3420
3565 4 2 1 1 2421 2252 2752 3266
3566 4 2 1 1 2160 3042 2394 3419
3567 4 2 1 1 2159 3043 2395 3418
3568 4 2 1 1 808 3256 2758 4095
3569 4 2 1 1 2669 3075 2214 3902
3570 4 2 1 1 2301 3692 2342 4244
3571 4 2 1 1 2516 3493 3330 2398
3572 4 2 1 1 2483 4082 3030 4285
3573 4 2 1 1 2276 2352 2804 3902
3574 4 2 1 1 4134 1006 1005 930
3575 4 2 1 1 4132 1626 1625 1550
3576 4 2 1 1 4133 386 385 310
3577 4 2 1 1 2167 2766 2679 3511
3578 4 2 1 1 2475 3499 2736 4312
3579 4 2 1 1 2307 3653 3123 3003
3580 4 2 1 1 3335 3659 2932 2460
3581 4 2 1 1 2834 3023 2449 3828
3582 4 2 1 1 4522 1676 1726 2944
3583 4 2 1 1 4522 4456 1676 2944
3584 4 2 1 1 98 783 4478 4446
3585 4 2 1 1 317 464 323 3477
3586 4 2 1 1 2550 1038 2848 3527
3587 4 2 1 1 653 4446 783 2698
3588 4 2 1 1 595 3086 729 3366
3589 4 2 1 1 2474 2149 3097 3690
3590 4 2 1 1 3248 3852 3820 2847
3591 4 2 1 1 4148 1955 3461 3617
3592 4 2 1 1 1470 1468 1540 3226
3593 4 2 1 1 228 300 230 3225
3594 4 2 1 1 848 2450 850 3508
3595 4 2 1 1 2234 3801 3336 2655
3596 4 2 1 1 1365 2861 2836 3575
3597 4 2 1 1 2316 2731 2909 2155
3598 4 2 1 1 3999 3251 2248 2923
3599 4 2 1 1 2515 2101 2383 2789
3600 4 2 1 1 2023 194 4474 2057
3601 4 2 1 1 2152 2715 3272 3317
3602 4 2 1 1 2168 2664 3483 4190
3603 4 2 1 1 511 4555 2693 4531
3604 4 2 1 1 2023 4474 1893 2057
3605 4 2 1 1 2206 2515 2879 3486
3606 4 2 1 1 255 414 423 2524
3607 4 2 1 1 1495 1654 1663 2522
3608 4 2 1 1 1034 1043 875 2523
3609 4 2 1 1 2485 3158 2395 3676
3610 4 2 1 1 4394 3960 3480 2581
3611 4 2 1 1 2161 3513 3124 3942
3612 4 2 1 1 1140 2644 1377 3340
3613 4 2 1 1 3171 2427 3590 3690
3614 4 2 1 1 2023 1893 4474 4399
3615 4 2 1 1 2544 2379 3634 3657
3616 4 2 1 1 1988 198 199 4521
3617 4 2 1 1 2486 3154 2394 3679
3618 4 2 1 1 1988 1769 198 4521
3619 4 2 1 1 360 2778 2711 3799
3620 4 2 1 1 1763 4533 2028 92
3621 4 2 1 1 1536 2441 1660 3528
3622 4 2 1 1 4521 4445 199 1988
3623 4 2 1 1 1988 1769 4521 3470
3624 4 2 1 1 4521 4445 1988 3470
3625 4 2 1 1 807 2868 3484 3612
3626 4 2 1 1 1074 1089 2592 3580
3627 4 2 1 1 1709 2594 1694 3581
3628 4 2 1 1 469 2593 454 3582
3629 4 2 1 1 1841 2621 1869 3704
3630 4 2 1 1 2707 2821 2170 3979
3631 4 2 1 1 2445 2567 2212 3105
3632 4 2 1 1 3804 4114 2751 2082
3633 4 2 1 1 685 809 684 2561
3634 4 2 1 1 4503 1414 2758 1138
3635 4 2 1 1 177 178 4520 1747
3636 4 2 1 1 4520 4438 177 1747
3637 4 2 1 1 4520 3701 1747 178
3638 4 2 1 1 4428 1443 2952 1690
3639 4 2 1 1 1740 4520 2850 3701
3640 4 2 1 1 4430 822 2953 1070
3641 4 2 1 1 2613 3644 3519 4278
3642 4 2 1 1 2324 2418 3375 4031
3643 4 2 1 1 1740 4520 3701 1747
3644 4 2 1 1 2014 4327 2643 1766
3645 4 2 1 1 2312 2547 2832 3802
3646 4 2 1 1 2848 3927 2141 3991
3647 4 2 1 1 208 495 3177 4119
3648 4 2 1 1 2520 2867 3996 4106
3649 4 2 1 1 2075 2665 2626 3193
3650 4 2 1 1 385 310 384 3568
3651 4 2 1 1 1625 1550 1624 3567
3652 4 2 1 1 1005 930 1004 3569
3653 4 2 1 1 2152 3183 2863 3855
3654 4 2 1 1 2962 3126 3056 4207
3655 4 2 1 1 261 2524 423 4101
3656 4 2 1 1 82 81 1127 4519
3657 4 2 1 1 580 2428 3835 3366
3658 4 2 1 1 1394 2641 1423 3741
3659 4 2 1 1 2432 3097 2765 4227
3660 4 2 1 1 4519 4437 81 1127
3661 4 2 1 1 2269 3073 2622 3612
3662 4 2 1 1 2543 2380 3639 2207
3663 4 2 1 1 2063 3443 3309 2585
3664 4 2 1 1 2140 4021 3175 2552
3665 4 2 1 1 2197 2849 2683 3222
3666 4 2 1 1 2201 2850 2685 3230
3667 4 2 1 1 774 2642 803 3742
3668 4 2 1 1 2145 2362 2825 2601
3669 4 2 1 1 579 585 580 3366
3670 4 2 1 1 4036 3975 2674 3518
3671 4 2 1 1 2736 3499 2459 4312
3672 4 2 1 1 3336 3801 2234 2467
3673 4 2 1 1 2563 2699 2169 4021
3674 4 2 1 1 3554 4130 2817 3849
3675 4 2 1 1 2991 3477 2273 3507
3676 4 2 1 1 854 856 2948 3138
3677 4 2 1 1 1476 2950 1474 3139
3678 4 2 1 1 234 236 2949 3140
3679 4 2 1 1 3058 3545 1515 4358
3680 4 2 1 1 895 3059 3546 4359
3681 4 2 1 1 275 3060 3547 4357
3682 4 2 1 1 2432 2162 2973 3541
3683 4 2 1 1 2676 3200 2178 3493
3684 4 2 1 1 2158 2978 3547 3712
3685 4 2 1 1 2620 3209 2268 3789
3686 4 2 1 1 2295 2651 2519 3045
3687 4 2 1 1 2293 2652 2517 3046
3688 4 2 1 1 2294 2653 2518 3047
3689 4 2 1 1 2250 3324 3830 2608
3690 4 2 1 1 2195 2536 3196 4140
3691 4 2 1 1 2194 2537 3195 4141
3692 4 2 1 1 2196 2538 3194 4139
3693 4 2 1 1 2140 2549 2281 3852
3694 4 2 1 1 2145 2362 2601 3332
3695 4 2 1 1 2126 3071 3506 3932
3696 4 2 1 1 690 2835 3328 3896
3697 4 2 1 1 1508 2739 2976 3597
3698 4 2 1 1 888 2740 2977 3596
3699 4 2 1 1 268 2738 2978 3598
3700 4 2 1 1 1499 2976 2739 4366
3701 4 2 1 1 879 2977 2740 4365
3702 4 2 1 1 259 2978 2738 4367
3703 4 2 1 1 2750 3313 2378 3647
3704 4 2 1 1 2749 3312 2376 3648
3705 4 2 1 1 2383 2870 2515 2085
3706 4 2 1 1 650 780 815 3439
3707 4 2 1 1 181 182 1147 4506
3708 4 2 1 1 527 85 86 4505
3709 4 2 1 1 2733 2814 2437 4186
3710 4 2 1 1 2732 3252 2132 4333
3711 4 2 1 1 2491 2104 2664 4247
3712 4 2 1 1 2611 3294 2997 1916
3713 4 2 1 1 1239 2937 1181 3231
3714 4 2 1 1 2138 2502 3714 4236
3715 4 2 1 1 4519 3700 1127 82
3716 4 2 1 1 2752 3113 2421 3266
3717 4 2 1 1 2985 2991 2442 3477
3718 4 2 1 1 1120 4519 2849 3700
3719 4 2 1 1 3725 1103 3851 977
3720 4 2 1 1 2204 2986 2673 3162
3721 4 2 1 1 1119 2622 839 3186
3722 4 2 1 1 1739 2620 1459 3184
3723 4 2 1 1 2337 2671 2574 3163
3724 4 2 1 1 2338 2673 2575 3162
3725 4 2 1 1 2144 3304 2600 3573
3726 4 2 1 1 2386 3124 3513 3942
3727 4 2 1 1 2418 2692 2282 3103
3728 4 2 1 1 2637 2954 2214 4330
3729 4 2 1 1 2146 3045 2519 3755
3730 4 2 1 1 2147 3047 2518 3756
3731 4 2 1 1 2148 3046 2517 3757
3732 4 2 1 1 1241 2667 2466 3230
3733 4 2 1 1 2420 2340 3028 4067
3734 4 2 1 1 2611 3294 2955 2997
3735 4 2 1 1 2103 3682 4014 2755
3736 4 2 1 1 2107 3013 2788 3712
3737 4 2 1 1 2201 2685 2850 4059
3738 4 2 1 1 3683 3159 1797 1796
3739 4 2 1 1 2273 2991 2985 3477
3740 4 2 1 1 422 2882 2991 306
3741 4 2 1 1 1042 2993 926 4243
3742 4 2 1 1 1662 2992 1546 4242
3743 4 2 1 1 2117 2208 2444 3903
3744 4 2 1 1 3618 3498 1221 2646
3745 4 2 1 1 2142 2404 2684 2509
3746 4 2 1 1 2197 2683 2849 4055
3747 4 2 1 1 3223 2787 3436 4332
3748 4 2 1 1 3012 3245 2787 3403
3749 4 2 1 1 2825 3574 2601 4245
3750 4 2 1 1 3331 3213 2169 2550
3751 4 2 1 1 2565 3010 2118 3262
3752 4 2 1 1 414 2524 255 4062
3753 4 2 1 1 875 1034 2523 4061
3754 4 2 1 1 2429 3422 2519 3983
3755 4 2 1 1 3017 3279 2424 3693
3756 4 2 1 1 2431 3423 2518 3982
3757 4 2 1 1 2430 3424 2517 3981
3758 4 2 1 1 2095 2442 2985 3514
3759 4 2 1 1 3336 2197 3501 3833
3760 4 2 1 1 4209 2443 2271 2873
3761 4 2 1 1 2109 2986 3313 3465
3762 4 2 1 1 3466 3314 3288 2108
3763 4 2 1 1 2226 3395 3277 3673
3764 4 2 1 1 510 3449 3229 4327
3765 4 2 1 1 1130 3450 3227 4328
3766 4 2 1 1 1750 3451 3228 4329
3767 4 2 1 1 1754 1947 2055 2712
3768 4 2 1 1 3737 2614 3630 3877
3769 4 2 1 1 605 2557 725 3361
3770 4 2 1 1 1299 3197 2527 3832
3771 4 2 1 1 2466 2803 2235 3220
3772 4 2 1 1 2195 3196 2743 4140
3773 4 2 1 1 2194 3195 2742 4141
3774 4 2 1 1 2196 3194 2744 4139
3775 4 2 1 1 3498 3562 2413 4363
3776 4 2 1 1 2576 2844 2587 3904
3777 4 2 1 1 1280 4440 1144 4168
3778 4 2 1 1 1845 2555 1972 3359
3779 4 2 1 1 2649 2832 2547 3802
3780 4 2 1 1 2495 2947 2734 3169
3781 4 2 1 1 664 2465 3030 3180
3782 4 2 1 1 2359 2529 3769 3770
3783 4 2 1 1 2417 2707 3471 3882
3784 4 2 1 1 1120 4519 3700 1127
3785 4 2 1 1 866 3168 2884 3464
3786 4 2 1 1 246 3167 2883 3463
3787 4 2 1 1 1486 3166 2885 3462
3788 4 2 1 1 1363 2896 3470 3531
3789 4 2 1 1 2102 3518 2514 4198
3790 4 2 1 1 2109 2986 3465 3678
3791 4 2 1 1 2271 2993 2443 3417
3792 4 2 1 1 4423 1990 4518 2643
3793 4 2 1 1 769 597 2835 3101
3794 4 2 1 1 2266 2919 2440 3152
3795 4 2 1 1 3659 3829 2460 3335
3796 4 2 1 1 1052 2838 3073 3628
3797 4 2 1 1 2264 2921 2439 3151
3798 4 2 1 1 2832 3315 2166 3964
3799 4 2 1 1 2646 2823 2124 3629
3800 4 2 1 1 3343 2753 4018 3938
3801 4 2 1 1 2265 2922 2438 3150
3802 4 2 1 1 573 3318 583 4163
3803 4 2 1 1 2326 2982 3820 4193
3804 4 2 1 1 902 1074 1089 2592
3805 4 2 1 1 1709 1522 1694 2594
3806 4 2 1 1 282 454 469 2593
3807 4 2 1 1 1176 1181 2937 3231
3808 4 2 1 1 2070 2573 2672 3069
3809 4 2 1 1 604 3502 2909 3873
3810 4 2 1 1 2137 2941 3133 4033
3811 4 2 1 1 2138 2942 3132 4034
3812 4 2 1 1 2136 2940 3131 4035
3813 4 2 1 1 3618 1221 3498 1248
3814 4 2 1 1 1138 1425 2758 3256
3815 4 2 1 1 3506 4093 3044 4239
3816 4 2 1 1 2451 3270 3225 3446
3817 4 2 1 1 2452 3269 3226 3447
3818 4 2 1 1 2450 3271 3224 3445
3819 4 2 1 1 2128 2487 3803 4315
3820 4 2 1 1 2144 3142 2600 3304
3821 4 2 1 1 4423 1990 27 4518
3822 4 2 1 1 2278 3531 3470 2896
3823 4 2 1 1 2326 2549 2847 3852
3824 4 2 1 1 2423 2090 3160 3990
3825 4 2 1 1 2649 3802 2802 4023
3826 4 2 1 1 4150 3429 3907 2540
3827 4 2 1 1 4149 3428 3906 2539
3828 4 2 1 1 4151 3427 3905 2541
3829 4 2 1 1 2811 3284 2232 4058
3830 4 2 1 1 27 26 4518 1990
3831 4 2 1 1 1786 3034 2495 3627
3832 4 2 1 1 2787 3223 2088 3176
3833 4 2 1 1 354 355 2876 3289
3834 4 2 1 1 2178 3096 2996 4170
3835 4 2 1 1 2673 2986 2204 3441
3836 4 2 1 1 2151 3009 2599 4057
3837 4 2 1 1 2067 2425 2260 4157
3838 4 2 1 1 2210 3325 2841 3560
3839 4 2 1 1 4542 208 2705 3695
3840 4 2 1 1 4208 4257 3485 2708
3841 4 2 1 1 2088 2955 3176 2375
3842 4 2 1 1 2092 3424 2451 3757
3843 4 2 1 1 2093 3423 2452 3756
3844 4 2 1 1 2094 3422 2450 3755
3845 4 2 1 1 3470 3531 2278 3455
3846 4 2 1 1 2626 2665 3232 3600
3847 4 2 1 1 2875 2502 2138 3718
3848 4 2 1 1 524 4513 4441 2824
3849 4 2 1 1 2885 3399 2522 4232
3850 4 2 1 1 3400 414 4266 2524
3851 4 2 1 1 1034 1043 2523 4267
3852 4 2 1 1 2397 3506 3044 4239
3853 4 2 1 1 3312 3648 2749 4264
3854 4 2 1 1 2546 2829 2069 3208
3855 4 2 1 1 4541 10 11 440
3856 4 2 1 1 2792 3193 2545 3644
3857 4 2 1 1 2208 2296 2947 3696
3858 4 2 1 1 722 595 594 2623
3859 4 2 1 1 2563 2974 2699 4021
3860 4 2 1 1 2084 3389 2612 4190
3861 4 2 1 1 2595 2670 2288 2101
3862 4 2 1 1 1079 4116 989 4229
3863 4 2 1 1 2349 2728 2679 2526
3864 4 2 1 1 2400 3547 2978 3712
3865 4 2 1 1 2297 3644 3682 4330
3866 4 2 1 1 1405 1399 2745 3999
3867 4 2 1 1 2542 3075 2133 3902
3868 4 2 1 1 1235 2543 1237 3358
3869 4 2 1 1 2091 2424 3304 3693
3870 4 2 1 1 3816 4485 4415 1098
3871 4 2 1 1 2694 2453 2249 3367
3872 4 2 1 1 2014 4327 1766 2043
3873 4 2 1 1 4424 803 2642 4328
3874 4 2 1 1 4425 1423 2641 4329
3875 4 2 1 1 2611 3294 1916 4029
3876 4 2 1 1 2327 3114 3337 3665
3877 4 2 1 1 1973 4485 3816 2905
3878 4 2 1 1 1336 4343 2685 1332
3879 4 2 1 1 2787 3223 3176 2278
3880 4 2 1 1 1218 3153 1328 3711
3881 4 2 1 1 2154 2735 2569 3231
3882 4 2 1 1 4518 3734 2643 1990
3883 4 2 1 1 4517 3818 1718 4416
3884 4 2 1 1 2138 2502 2875 3714
3885 4 2 1 1 2874 2500 2136 3717
3886 4 2 1 1 615 2544 617 3363
3887 4 2 1 1 354 3289 2876 3784
3888 4 2 1 1 501 2604 374 4375
3889 4 2 1 1 3877 4288 2089 3308
3890 4 2 1 1 2780 3962 3201 4239
3891 4 2 1 1 1449 1735 3184 4181
3892 4 2 1 1 1861 1842 3461 2496
3893 4 2 1 1 125 1718 4416 4517
3894 4 2 1 1 2026 3754 2924 4246
3895 4 2 1 1 3337 3991 2550 2848
3896 4 2 1 1 3336 3501 2800 3833
3897 4 2 1 1 2253 2424 3348 3901
3898 4 2 1 1 1590 4517 2904 3818
3899 4 2 1 1 2149 2833 3654 3690
3900 4 2 1 1 2249 2609 3323 3631
3901 4 2 1 1 2582 2073 2314 3448
3902 4 2 1 1 2979 552 551 3273
3903 4 2 1 1 2625 3272 2388 3275
3904 4 2 1 1 1115 3186 828 4182
3905 4 2 1 1 2109 3015 2762 3679
3906 4 2 1 1 2290 3210 3485 3874
3907 4 2 1 1 1336 4343 1332 1251
3908 4 2 1 1 2680 3006 2115 3721
3909 4 2 1 1 2374 2686 3461 3855
3910 4 2 1 1 2230 2912 2694 3810
3911 4 2 1 1 2345 2529 2617 2763
3912 4 2 1 1 2108 3014 2761 3676
3913 4 2 1 1 3184 2235 3789 4107
3914 4 2 1 1 125 1718 4517 1446
3915 4 2 1 1 3238 3472 1265 3768
3916 4 2 1 1 2432 2871 3076 3541
3917 4 2 1 1 3992 3067 1258 3505
3918 4 2 1 1 1330 2937 2914 3594
3919 4 2 1 1 1590 4517 3818 1718
3920 4 2 1 1 3958 4481 3385 463
3921 4 2 1 1 4475 3104 3660 2053
3922 4 2 1 1 2449 3023 2172 3317
3923 4 2 1 1 4475 4468 190 2053
3924 4 2 1 1 2109 3465 3313 3687
3925 4 2 1 1 2108 3466 3314 3686
3926 4 2 1 1 3764 4085 3686 2739
3927 4 2 1 1 2740 3687 3168 3765
3928 4 2 1 1 2738 3688 3167 3766
3929 4 2 1 1 3009 3412 2599 4057
3930 4 2 1 1 2447 3410 2732 4054
3931 4 2 1 1 2136 2500 2874 3716
3932 4 2 1 1 3173 2260 2425 4157
3933 4 2 1 1 3337 3991 2848 2141
3934 4 2 1 1 2769 3132 2578 4322
3935 4 2 1 1 2365 2716 2877 3497
3936 4 2 1 1 1857 1855 2542 3368
3937 4 2 1 1 716 4349 2683 712
3938 4 2 1 1 4475 4468 1402 190
3939 4 2 1 1 2534 3273 2316 3522
3940 4 2 1 1 2161 2920 3490 3709
3941 4 2 1 1 3272 3431 2675 3750
3942 4 2 1 1 2619 2527 2209 3832
3943 4 2 1 1 2360 3094 2654 4169
3944 4 2 1 1 3669 1722 1610 1672
3945 4 2 1 1 974 975 2874 3234
3946 4 2 1 1 787 4443 119 4553
3947 4 2 1 1 2251 2610 3438 4307
3948 4 2 1 1 2067 2425 3136 3662
3949 4 2 1 1 1595 2875 1594 3233
3950 4 2 1 1 281 2442 420 296
3951 4 2 1 1 1521 2441 1660 1536
3952 4 2 1 1 4443 787 3531 4553
3953 4 2 1 1 2580 3473 3117 3957
3954 4 2 1 1 2619 2209 2527 3223
3955 4 2 1 1 2927 3124 2161 4163
3956 4 2 1 1 2573 2336 2672 3069
3957 4 2 1 1 3840 2143 3001 2711
3958 4 2 1 1 3200 3493 2398 4214
3959 4 2 1 1 2141 2991 2553 3979
3960 4 2 1 1 4203 3275 3599 2446
3961 4 2 1 1 2277 2858 2558 3952
3962 4 2 1 1 4443 3531 787 743
3963 4 2 1 1 1870 1869 1841 2621
3964 4 2 1 1 2429 2228 3131 3870
3965 4 2 1 1 2107 2788 4264 4396
3966 4 2 1 1 1211 1350 3129 4250
3967 4 2 1 1 1614 3083 2620 3303
3968 4 2 1 1 716 4349 712 631
3969 4 2 1 1 2512 2697 2121 3239
3970 4 2 1 1 2146 3045 3755 4233
3971 4 2 1 1 2147 3047 3756 4234
3972 4 2 1 1 2148 3046 3757 4235
3973 4 2 1 1 3931 4002 2407 4160
3974 4 2 1 1 568 590 578 3198
3975 4 2 1 1 2116 2765 3560 3670
3976 4 2 1 1 2238 2445 2567 3711
3977 4 2 1 1 3589 2293 2652 2517
3978 4 2 1 1 3877 2153 3251 2790
3979 4 2 1 1 1197 1165 3565 3635
3980 4 2 1 1 2611 2193 2955 3294
3981 4 2 1 1 1835 1953 1979 3685
3982 4 2 1 1 580 2428 569 3835
3983 4 2 1 1 2582 2314 2073 3346
3984 4 2 1 1 2149 2520 3322 2474
3985 4 2 1 1 2189 2839 2686 3370
3986 4 2 1 1 2161 2650 3867 3942
3987 4 2 1 1 2315 2812 3562 4109
3988 4 2 1 1 2090 2939 2423 3673
3989 4 2 1 1 2547 2832 2290 4041
3990 4 2 1 1 79 80 4516 1090
3991 4 2 1 1 2747 2913 2573 3887
3992 4 2 1 1 974 3234 2874 3785
3993 4 2 1 1 468 58 59 4486
3994 4 2 1 1 2519 3753 2429 3911
3995 4 2 1 1 1594 3233 2875 3786
3996 4 2 1 1 1654 2522 1495 4326
3997 4 2 1 1 3090 3611 2492 4369
3998 4 2 1 1 1183 2946 1189 3672
3999 4 2 1 1 4018 3938 2250 2513
4000 4 2 1 1 2304 2898 2770 3172
4001 4 2 1 1 2888 2898 2228 3870
4002 4 2 1 1 986 2701 3812 4188
4003 4 2 1 1 3091 3610 2493 4370
4004 4 2 1 1 4203 3599 3275 2233
4005 4 2 1 1 3502 550 4056 554
4006 4 2 1 1 2509 2617 2142 3495
4007 4 2 1 1 3044 4137 2730 4239
4008 4 2 1 1 2390 3936 3887 4213
4009 4 2 1 1 2427 2772 2215 3381
4010 4 2 1 1 4464 1090 79 4516
4011 4 2 1 1 821 4516 4437 80
4012 4 2 1 1 821 4516 80 1090
4013 4 2 1 1 2802 3802 4216 2079
4014 4 2 1 1 1188 3264 2946 3868
4015 4 2 1 1 1533 1545 1546 2551
4016 4 2 1 1 926 913 925 2552
4017 4 2 1 1 293 305 306 2553
4018 4 2 1 1 1381 3637 1269 3789
4019 4 2 1 1 2207 3063 2688 3503
4020 4 2 1 1 2654 2764 3616 1886
4021 4 2 1 1 2418 3804 3375 4031
4022 4 2 1 1 2079 2802 3802 4023
4023 4 2 1 1 2212 2650 2602 3482
4024 4 2 1 1 4464 1090 4516 3624
4025 4 2 1 1 2557 3361 2942 3718
4026 4 2 1 1 2555 3359 2940 3717
4027 4 2 1 1 1499 2976 4366 1509
4028 4 2 1 1 879 2977 4365 889
4029 4 2 1 1 259 2978 4367 269
4030 4 2 1 1 2115 2525 3930 3959
4031 4 2 1 1 2406 4018 2753 4347
4032 4 2 1 1 4162 2758 1425 3256
4033 4 2 1 1 492 4400 2826 217
4034 4 2 1 1 1457 1732 2828 3285
4035 4 2 1 1 1112 2827 837 3286
4036 4 2 1 1 2458 2778 2143 2711
4037 4 2 1 1 2409 3916 2920 4270
4038 4 2 1 1 2330 2956 2422 4116
4039 4 2 1 1 2372 3253 2897 3641
4040 4 2 1 1 3999 3251 2923 2614
4041 4 2 1 1 138 139 4540 1060
4042 4 2 1 1 2282 2418 3103 4030
4043 4 2 1 1 3351 3504 3099 2066
4044 4 2 1 1 1494 2533 1485 4326
4045 4 2 1 1 3144 3621 3112 3943
4046 4 2 1 1 2232 2925 2526 3284
4047 4 2 1 1 2329 2813 2660 3077
4048 4 2 1 1 3221 3308 2666 3877
4049 4 2 1 1 2667 2235 2466 3283
4050 4 2 1 1 1219 1220 1231 2862
4051 4 2 1 1 2327 3337 2848 4040
4052 4 2 1 1 2101 2670 2515 3520
4053 4 2 1 1 3183 3461 2863 3855
4054 4 2 1 1 2455 2776 2700 4125
4055 4 2 1 1 2373 3254 2899 3642
4056 4 2 1 1 2733 2437 2814 4074
4057 4 2 1 1 621 4294 3961 622
4058 4 2 1 1 2107 3688 2400 4377
4059 4 2 1 1 2167 2459 4009 3511
4060 4 2 1 1 2263 2942 3361 3718
4061 4 2 1 1 2261 2940 3359 3717
4062 4 2 1 1 1155 2836 1365 2861
4063 4 2 1 1 2458 2778 2199 2143
4064 4 2 1 1 2113 2736 3409 3492
4065 4 2 1 1 3764 4085 2739 1493
4066 4 2 1 1 4084 3688 2376 3167
4067 4 2 1 1 4083 3687 2378 3168
4068 4 2 1 1 3988 3425 3084 3903
4069 4 2 1 1 3323 3631 2609 3914
4070 4 2 1 1 2912 3631 2694 4078
4071 4 2 1 1 794 3149 805 3896
4072 4 2 1 1 1767 2604 2042 3177
4073 4 2 1 1 431 2657 391 392
4074 4 2 1 1 1632 1631 2658 3388
4075 4 2 1 1 1051 2656 1011 1012
4076 4 2 1 1 4423 1990 2643 1766
4077 4 2 1 1 526 4483 2642 750
4078 4 2 1 1 1146 4484 2641 1370
4079 4 2 1 1 2169 2443 3331 3767
4080 4 2 1 1 2476 3472 2268 3789
4081 4 2 1 1 2391 3006 2571 3670
4082 4 2 1 1 2877 3552 2207 4135
4083 4 2 1 1 3375 3804 3707 4031
4084 4 2 1 1 2330 2811 2663 3081
4085 4 2 1 1 2526 2925 2232 3504
4086 4 2 1 1 2912 3111 2694 3810
4087 4 2 1 1 1146 171 172 4425
4088 4 2 1 1 2071 4137 3044 4239
4089 4 2 1 1 3772 2946 2805 3264
4090 4 2 1 1 2455 2700 3811 4125
4091 4 2 1 1 2499 2313 3511 4075
4092 4 2 1 1 2206 2586 3371 4337
4093 4 2 1 1 2231 2929 2813 3553
4094 4 2 1 1 2229 3457 2577 3517
4095 4 2 1 1 422 2702 2991 4241
4096 4 2 1 1 1662 2703 2992 4242
4097 4 2 1 1 1042 2704 2993 4243
4098 4 2 1 1 1476 2472 1505 3923
4099 4 2 1 1 236 2471 265 3924
4100 4 2 1 1 2454 2777 2701 4121
4101 4 2 1 1 3587 3622 4046 4316
4102 4 2 1 1 2415 3219 3068 3576
4103 4 2 1 1 2674 3518 2514 4036
4104 4 2 1 1 2667 2201 3230 3701
4105 4 2 1 1 3055 4132 2147 4300
4106 4 2 1 1 3053 4133 2148 4301
4107 4 2 1 1 3054 4134 2146 4302
4108 4 2 1 1 2692 3103 2418 2190
4109 4 2 1 1 175 176 4515 1710
4110 4 2 1 1 2595 3969 2126 4197
4111 4 2 1 1 2499 3057 2313 4075
4112 4 2 1 1 1336 3230 2685 3727
4113 4 2 1 1 3082 3661 639 4015
4114 4 2 1 1 2745 3615 1405 3999
4115 4 2 1 1 3681 3852 2847 2549
4116 4 2 1 1 2189 3391 2612 3855
4117 4 2 1 1 4468 1426 4448 2712
4118 4 2 1 1 4177 3778 2792 2156
4119 4 2 1 1 2362 3332 2624 3335
4120 4 2 1 1 3164 3182 2954 3729
4121 4 2 1 1 2668 2197 3222 3700
4122 4 2 1 1 2110 2967 3572 4192
4123 4 2 1 1 4463 1710 175 4515
4124 4 2 1 1 2431 4263 3751 2176
4125 4 2 1 1 856 2470 885 3944
4126 4 2 1 1 1444 4515 4438 176
4127 4 2 1 1 2430 4262 3752 3133
4128 4 2 1 1 2429 2587 3753 2175
4129 4 2 1 1 2412 2727 3060 2857
4130 4 2 1 1 2411 2726 3059 2855
4131 4 2 1 1 2410 2725 3058 2856
4132 4 2 1 1 2512 2697 3239 3535
4133 4 2 1 1 2499 3697 3293 3773
4134 4 2 1 1 327 397 299 4316
4135 4 2 1 1 2867 2973 2589 4227
4136 4 2 1 1 2836 3161 2224 3340
4137 4 2 1 1 2292 2687 2394 3371
4138 4 2 1 1 2454 2701 3812 4121
4139 4 2 1 1 2201 2850 3500 4059
4140 4 2 1 1 2967 3214 3242 2192
4141 4 2 1 1 3772 2805 2946 2150
4142 4 2 1 1 2074 2741 2753 2415
4143 4 2 1 1 2699 2974 2563 3823
4144 4 2 1 1 4472 2036 1986 2868
4145 4 2 1 1 2278 2561 2757 3176
4146 4 2 1 1 3880 2753 2309 2125
4147 4 2 1 1 2893 3056 2448 3729
4148 4 2 1 1 4395 3057 2066 4075
4149 4 2 1 1 2326 2537 4006 2220
4150 4 2 1 1 1444 4515 176 1710
4151 4 2 1 1 2167 2444 3169 4215
4152 4 2 1 1 2504 3585 2881 3994
4153 4 2 1 1 4270 2920 3490 2510
4154 4 2 1 1 2162 2520 2867 3996
4155 4 2 1 1 2888 3096 2470 3380
4156 4 2 1 1 646 714 737 3178
4157 4 2 1 1 2189 2686 2839 4046
4158 4 2 1 1 3171 3590 2427 2772
4159 4 2 1 1 4463 1710 4515 3623
4160 4 2 1 1 3433 3506 2453 2249
4161 4 2 1 1 484 328 380 4119
4162 4 2 1 1 2937 1329 3594 1330
4163 4 2 1 1 2299 2669 2396 2214
4164 4 2 1 1 2104 3347 3137 4037
4165 4 2 1 1 2613 2075 3519 3644
4166 4 2 1 1 2235 2803 2476 3220
4167 4 2 1 1 1788 1786 1787 2495
4168 4 2 1 1 2348 3954 3877 4288
4169 4 2 1 1 1263 3238 3768 2823
4170 4 2 1 1 885 3355 2470 3725
4171 4 2 1 1 2472 1505 3356 3724
4172 4 2 1 1 2471 265 3357 3726
4173 4 2 1 1 1214 1215 1200 3672
4174 4 2 1 1 2471 2913 2886 4174
4175 4 2 1 1 4473 796 2865 4487
4176 4 2 1 1 112 113 1131 4514
4177 4 2 1 1 1825 3023 1834 4292
4178 4 2 1 1 716 3222 2683 3728
4179 4 2 1 1 2484 3164 2396 3712
4180 4 2 1 1 1608 4255 1696 3070
4181 4 2 1 1 2419 3491 3265 3746
4182 4 2 1 1 2076 2768 2577 3517
4183 4 2 1 1 621 3222 2467 4171
4184 4 2 1 1 2135 2957 2544 4011
4185 4 2 1 1 2472 2912 2887 4248
4186 4 2 1 1 2392 3421 2707 3586
4187 4 2 1 1 2313 3057 4212 4395
4188 4 2 1 1 2879 2515 2206 4138
4189 4 2 1 1 2316 3488 2534 2984
4190 4 2 1 1 548 2494 2979 3316
4191 4 2 1 1 1400 4514 4450 112
4192 4 2 1 1 2232 2475 2971 3897
4193 4 2 1 1 2575 3834 2338 3963
4194 4 2 1 1 1696 4255 1608 1606
4195 4 2 1 1 2084 3125 2448 3392
4196 4 2 1 1 3534 401 400 429
4197 4 2 1 1 2663 2811 2330 4388
4198 4 2 1 1 1400 4514 112 1131
4199 4 2 1 1 916 3417 2988 3744
4200 4 2 1 1 1260 1435 1327 4219
4201 4 2 1 1 2134 2959 2543 4012
4202 4 2 1 1 3617 3736 1871 1958
4203 4 2 1 1 3029 3601 2270 3845
4204 4 2 1 1 2286 2897 3253 3641
4205 4 2 1 1 2202 2489 3688 2962
4206 4 2 1 1 2274 2683 2366 3430
4207 4 2 1 1 808 519 687 2758
4208 4 2 1 1 2197 2849 3501 4055
4209 4 2 1 1 1268 2476 1357 3789
4210 4 2 1 1 3534 400 401 3280
4211 4 2 1 1 1216 1218 1227 3067
4212 4 2 1 1 2137 2862 2501 3715
4213 4 2 1 1 2134 2485 2809 4167
4214 4 2 1 1 1311 4168 3575 1278
4215 4 2 1 1 1021 3533 1020 3281
4216 4 2 1 1 2602 3850 3029 4043
4217 4 2 1 1 3572 4192 2376 2883
4218 4 2 1 1 2751 4031 2418 2969
4219 4 2 1 1 2231 2929 2530 3292
4220 4 2 1 1 2135 2486 2810 4161
4221 4 2 1 1 548 546 547 2494
4222 4 2 1 1 2407 3485 2708 3593
4223 4 2 1 1 2581 3480 3116 3960
4224 4 2 1 1 2677 3111 2241 3945
4225 4 2 1 1 2287 2899 3254 3642
4226 4 2 1 1 2219 3112 3621 3943
4227 4 2 1 1 3426 1430 4514 1131
4228 4 2 1 1 1363 3470 3455 3531
4229 4 2 1 1 3962 4078 3201 4239
4230 4 2 1 1 2198 3172 2777 3234
4231 4 2 1 1 2315 3562 2805 4109
4232 4 2 1 1 2124 2714 2752 3629
4233 4 2 1 1 3726 483 3854 357
4234 4 2 1 1 1136 4513 4477 3217
4235 4 2 1 1 2588 2566 2188 3502
4236 4 2 1 1 3089 3805 2854 4025
4237 4 2 1 1 3087 3806 2852 4026
4238 4 2 1 1 2100 2473 2343 3108
4239 4 2 1 1 2099 2473 2342 3110
4240 4 2 1 1 1758 1927 2048 2698
4241 4 2 1 1 2677 2241 3111 4066
4242 4 2 1 1 2210 2597 3607 3540
4243 4 2 1 1 101 100 4419 756
4244 4 2 1 1 2781 2358 3267 3849
4245 4 2 1 1 1886 2764 1885 3094
4246 4 2 1 1 972 2905 2500 3580
4247 4 2 1 1 2655 2599 2165 3632
4248 4 2 1 1 1592 2904 2502 3581
4249 4 2 1 1 2236 4022 2765 4172
4250 4 2 1 1 4161 3062 2394 2687
4251 4 2 1 1 2843 4256 2100 2302
4252 4 2 1 1 4551 809 2561 3468
4253 4 2 1 1 3127 2811 2106 4060
4254 4 2 1 1 2126 2407 3203 3969
4255 4 2 1 1 2104 2664 3483 4251
4256 4 2 1 1 3988 3425 3903 2814
4257 4 2 1 1 2159 3043 3014 3676
4258 4 2 1 1 2526 2091 3437 3563
4259 4 2 1 1 2196 2538 3250 4040
4260 4 2 1 1 2195 2536 3249 4039
4261 4 2 1 1 2609 3367 2249 3667
4262 4 2 1 1 1452 3390 2704 3974
4263 4 2 1 1 3552 2975 2877 2207
4264 4 2 1 1 2428 729 3086 3366
4265 4 2 1 1 2634 2505 3411 3912
4266 4 2 1 1 3837 4150 1582 1571
4267 4 2 1 1 3836 4149 962 951
4268 4 2 1 1 3838 4151 342 331
4269 4 2 1 1 2144 2773 3304 3573
4270 4 2 1 1 4471 1416 2861 4488
4271 4 2 1 1 4513 1136 3768 3217
4272 4 2 1 1 2490 3465 2183 2402
4273 4 2 1 1 2089 3221 2790 3877
4274 4 2 1 1 1669 2488 1549 3970
4275 4 2 1 1 109 108 4513 1369
4276 4 2 1 1 1049 2490 929 3971
4277 4 2 1 1 3617 3736 1958 2686
4278 4 2 1 1 2161 3513 3942 4131
4279 4 2 1 1 2160 3042 3015 3679
4280 4 2 1 1 3810 2078 2694 2578
4281 4 2 1 1 2488 3466 2184 2401
4282 4 2 1 1 2419 3823 2722 4026
4283 4 2 1 1 3066 4016 2709 4118
4284 4 2 1 1 3088 3807 2853 4030
4285 4 2 1 1 2418 2324 2969 4031
4286 4 2 1 1 3713 3535 3239 2697
4287 4 2 1 1 1079 989 992 4229
4288 4 2 1 1 2972 3135 2155 3831
4289 4 2 1 1 2154 4362 2877 2716
4290 4 2 1 1 510 4196 3229 3449
4291 4 2 1 1 1130 4195 3227 3450
4292 4 2 1 1 1750 4194 3228 3451
4293 4 2 1 1 2732 4054 4333 2132
4294 4 2 1 1 2475 2232 2971 3504
4295 4 2 1 1 1143 4513 4441 108
4296 4 2 1 1 2437 2819 2733 4186
4297 4 2 1 1 2498 3697 2385 2546
4298 4 2 1 1 3810 2694 2078 3111
4299 4 2 1 1 2118 2370 3010 2499
4300 4 2 1 1 2252 2752 2714 3629
4301 4 2 1 1 397 3622 3587 4316
4302 4 2 1 1 4167 3063 2395 2688
4303 4 2 1 1 2090 2421 3395 3673
4304 4 2 1 1 1020 3533 1021 1049
4305 4 2 1 1 2067 3136 2425 4157
4306 4 2 1 1 2238 3105 2445 4216
4307 4 2 1 1 1673 4549 2837 1717
4308 4 2 1 1 994 3073 2622 3302
4309 4 2 1 1 3092 3608 2491 4393
4310 4 2 1 1 3276 3663 2171 3735
4311 4 2 1 1 2250 3542 2843 3620
4312 4 2 1 1 1374 197 196 4418
4313 4 2 1 1 4513 3768 1136 1369
4314 4 2 1 1 1940 2487 3121 3627
4315 4 2 1 1 1184 1360 2695 3241
4316 4 2 1 1 1432 4443 3531 1368
4317 4 2 1 1 2102 2514 3518 4036
4318 4 2 1 1 2152 2863 2449 3317
4319 4 2 1 1 1143 4513 108 1369
4320 4 2 1 1 276 2978 3060 3985
4321 4 2 1 1 1516 2976 3058 3986
4322 4 2 1 1 896 2977 3059 3987
4323 4 2 1 1 2769 2578 3810 4322
4324 4 2 1 1 2312 3619 2812 4206
4325 4 2 1 1 3532 1641 1640 1669
4326 4 2 1 1 3532 1640 1641 3282
4327 4 2 1 1 772 4456 4522 2944
4328 4 2 1 1 2251 2300 2706 2072
4329 4 2 1 1 2123 2579 2894 3339
4330 4 2 1 1 2728 3444 2128 3775
4331 4 2 1 1 1563 1704 1746 2748
4332 4 2 1 1 1169 3123 1170 4205
4333 4 2 1 1 722 720 2623 3148
4334 4 2 1 1 3879 3492 3034 2600
4335 4 2 1 1 2600 3492 3034 2181
4336 4 2 1 1 2231 2932 2530 3136
4337 4 2 1 1 4106 4008 3290 2829
4338 4 2 1 1 1147 2620 1422 3184
4339 4 2 1 1 2407 3278 2984 3583
4340 4 2 1 1 1042 2993 2704 4382
4341 4 2 1 1 2668 2800 2234 3336
4342 4 2 1 1 1473 1471 2628 3567
4343 4 2 1 1 231 2629 233 3568
4344 4 2 1 1 851 2627 853 3569
4345 4 2 1 1 2309 4269 3938 3655
4346 4 2 1 1 3740 3908 2253 3268
4347 4 2 1 1 2447 3600 2732 3731
4348 4 2 1 1 1471 3459 2628 3509
4349 4 2 1 1 231 3460 2629 3510
4350 4 2 1 1 851 3458 2627 3508
4351 4 2 1 1 578 568 3198 3835
4352 4 2 1 1 3788 3662 2932 2231
4353 4 2 1 1 2938 3105 2320 3295
4354 4 2 1 1 1188 1198 2946 3264
4355 4 2 1 1 3305 3804 2751 4031
4356 4 2 1 1 2464 3307 2750 4115
4357 4 2 1 1 1176 2569 1180 3231
4358 4 2 1 1 3066 3398 2322 4016
4359 4 2 1 1 414 2524 4062 4266
4360 4 2 1 1 1034 2523 4061 4267
4361 4 2 1 1 1784 3121 3034 3627
4362 4 2 1 1 3171 3244 2427 3097
4363 4 2 1 1 2090 2252 2421 3673
4364 4 2 1 1 2170 2821 2707 3214
4365 4 2 1 1 3127 2811 4060 2232
4366 4 2 1 1 1053 2838 1097 2868
4367 4 2 1 1 2816 3002 2215 3921
4368 4 2 1 1 2413 3562 2812 4109
4369 4 2 1 1 117 116 754 3256
4370 4 2 1 1 2575 3162 2072 4214
4371 4 2 1 1 783 794 653 2698
4372 4 2 1 1 996 1121 994 2622
4373 4 2 1 1 3488 3593 4208 2114
4374 4 2 1 1 4148 1955 3617 1975
4375 4 2 1 1 725 605 728 2557
4376 4 2 1 1 4513 788 3217 3768
4377 4 2 1 1 1369 2824 4513 3768
4378 4 2 1 1 1534 1639 1484 4280
4379 4 2 1 1 2802 3134 2649 4023
4380 4 2 1 1 2468 3006 3721 2115
4381 4 2 1 1 1845 1971 1972 2555
4382 4 2 1 1 3352 4063 3370 2496
4383 4 2 1 1 2819 2437 3174 3933
4384 4 2 1 1 3485 3874 2521 4257
4385 4 2 1 1 2588 2188 2566 3008
4386 4 2 1 1 2163 2845 3329 2590
4387 4 2 1 1 3863 130 1734 1618
4388 4 2 1 1 4554 4440 188 1408
4389 4 2 1 1 4026 2974 2419 3823
4390 4 2 1 1 2549 2873 2140 2281
4391 4 2 1 1 823 964 4428 2952
4392 4 2 1 1 4429 202 2951 450
4393 4 2 1 1 4430 203 344 2953
4394 4 2 1 1 2145 3332 3345 3841
4395 4 2 1 1 1898 3348 2820 3876
4396 4 2 1 1 2263 2907 3269 3447
4397 4 2 1 1 3817 3270 3446 2906
4398 4 2 1 1 2261 2908 3271 3445
4399 4 2 1 1 4211 2837 2226 3341
4400 4 2 1 1 2603 2830 2511 4127
4401 4 2 1 1 1279 1230 1313 2666
4402 4 2 1 1 3947 3312 4264 2322
4403 4 2 1 1 254 2531 245 4062
4404 4 2 1 1 865 874 2532 4061
4405 4 2 1 1 4554 1280 4440 1408
4406 4 2 1 1 2427 3690 3171 3097
4407 4 2 1 1 2758 1310 3656 4162
4408 4 2 1 1 3916 4240 2920 4270
4409 4 2 1 1 2140 4021 2552 3912
4410 4 2 1 1 1901 2775 1902 3082
4411 4 2 1 1 2534 2316 3273 3488
4412 4 2 1 1 2571 3560 3325 3674
4413 4 2 1 1 2132 2404 3118 3839
4414 4 2 1 1 3043 3503 2395 3589
4415 4 2 1 1 3938 4269 2309 2591
4416 4 2 1 1 3337 3991 2141 3331
4417 4 2 1 1 2299 3712 3126 4396
4418 4 2 1 1 2546 3134 2829 3208
4419 4 2 1 1 3926 458 224 440
4420 4 2 1 1 1958 3370 2686 3736
4421 4 2 1 1 2076 2577 3457 3517
4422 4 2 1 1 2093 3150 2726 3556
4423 4 2 1 1 4440 2059 1989 1764
4424 4 2 1 1 2667 2801 2235 3283
4425 4 2 1 1 2571 3006 2391 3674
4426 4 2 1 1 527 2622 802 3186
4427 4 2 1 1 2092 3151 2725 3557
4428 4 2 1 1 2688 2207 3552 4135
4429 4 2 1 1 2708 3593 3485 4208
4430 4 2 1 1 213 28 27 4423
4431 4 2 1 1 2094 3152 2727 3555
4432 4 2 1 1 2092 2257 3037 3757
4433 4 2 1 1 2093 2256 3036 3756
4434 4 2 1 1 2094 2258 3038 3755
4435 4 2 1 1 3017 3348 1897 3876
4436 4 2 1 1 2340 3001 2420 2771
4437 4 2 1 1 3721 3737 2446 4108
4438 4 2 1 1 2504 2635 2881 3585
4439 4 2 1 1 2802 4106 3996 2867
4440 4 2 1 1 2705 3352 2227 4063
4441 4 2 1 1 3896 3328 3147 2835
4442 4 2 1 1 1654 1506 3399 4309
4443 4 2 1 1 4512 40 39 1773
4444 4 2 1 1 3153 3498 1328 3711
4445 4 2 1 1 3163 3962 2780 4239
4446 4 2 1 1 2632 3246 2403 2199
4447 4 2 1 1 2199 2768 2632 3246
4448 4 2 1 1 569 3350 2428 563
4449 4 2 1 1 3367 3667 2609 3956
4450 4 2 1 1 669 3482 3180 3850
4451 4 2 1 1 2437 2163 2819 3174
4452 4 2 1 1 4029 2205 2698 4308
4453 4 2 1 1 2529 2998 2617 2755
4454 4 2 1 1 1733 2748 3528 3385
4455 4 2 1 1 4440 2059 3104 1989
4456 4 2 1 1 2098 3109 2473 3800
4457 4 2 1 1 585 594 3366 3671
4458 4 2 1 1 458 3875 506 3926
4459 4 2 1 1 3926 224 458 2878
4460 4 2 1 1 2124 2823 2714 3629
4461 4 2 1 1 2503 2192 3625 3993
4462 4 2 1 1 3956 3588 3042 2653
4463 4 2 1 1 2705 2786 2227 3352
4464 4 2 1 1 2817 3833 2165 4317
4465 4 2 1 1 2407 3485 3203 4160
4466 4 2 1 1 2385 3208 2546 3697
4467 4 2 1 1 1653 3058 1515 4358
4468 4 2 1 1 895 1033 3059 4359
4469 4 2 1 1 275 413 3060 4357
4470 4 2 1 1 2574 3719 2337 3962
4471 4 2 1 1 2086 2872 2514 3552
4472 4 2 1 1 4512 40 1773 2037
4473 4 2 1 1 2158 2396 3035 3712
4474 4 2 1 1 2731 2909 713 4001
4475 4 2 1 1 2069 2590 3322 3783
4476 4 2 1 1 4376 3011 3904 2587
4477 4 2 1 1 3498 3562 2812 2413
4478 4 2 1 1 2679 2728 2128 4315
4479 4 2 1 1 317 323 3007 3477
4480 4 2 1 1 2623 3148 720 3372
4481 4 2 1 1 2730 4010 2102 3745
4482 4 2 1 1 1741 3083 1614 1616
4483 4 2 1 1 1758 2029 1927 2698
4484 4 2 1 1 4063 3787 3352 2227
4485 4 2 1 1 1311 1277 1278 3575
4486 4 2 1 1 1537 1567 2899 3500
4487 4 2 1 1 2138 2887 2594 4034
4488 4 2 1 1 2137 2886 2593 4033
4489 4 2 1 1 4035 2874 2888 2136
4490 4 2 1 1 3076 4311 3097 2149
4491 4 2 1 1 462 4486 2878 4431
4492 4 2 1 1 3886 844 2878 4433
4493 4 2 1 1 3645 4512 39 1773
4494 4 2 1 1 2311 4094 3916 4202
4495 4 2 1 1 725 2557 728 3299
4496 4 2 1 1 2280 3491 2699 3882
4497 4 2 1 1 4181 3500 1666 2801
4498 4 2 1 1 2326 3050 2549 2281
4499 4 2 1 1 2356 3885 3584 4346
4500 4 2 1 1 4481 1695 2703 3385
4501 4 2 1 1 1323 2765 1406 4022
4502 4 2 1 1 2167 2459 3409 2947
4503 4 2 1 1 4512 2861 1773 3645
4504 4 2 1 1 2037 1773 4512 2861
4505 4 2 1 1 4551 809 3468 528
4506 4 2 1 1 2787 3012 2386 3245
4507 4 2 1 1 1536 1557 2866 3528
4508 4 2 1 1 1972 2555 1971 3300
4509 4 2 1 1 3590 3654 2215 2833
4510 4 2 1 1 1545 2551 1533 3211
4511 4 2 1 1 305 2553 293 3212
4512 4 2 1 1 913 925 2552 3213
4513 4 2 1 1 276 2978 3985 424
4514 4 2 1 1 1516 2976 3986 1664
4515 4 2 1 1 896 2977 3987 1044
4516 4 2 1 1 1210 3264 1198 1188
4517 4 2 1 1 2775 3082 1901 4159
4518 4 2 1 1 2153 3737 2790 3877
4519 4 2 1 1 2043 4530 4327 1766
4520 4 2 1 1 4424 803 4328 751
4521 4 2 1 1 4425 1423 4329 1371
4522 4 2 1 1 4551 756 528 101
4523 4 2 1 1 2138 2557 4236 3132
4524 4 2 1 1 2850 3230 2201 3701
4525 4 2 1 1 917 947 2897 3501
4526 4 2 1 1 2468 2745 2236 4172
4527 4 2 1 1 431 2657 392 3387
4528 4 2 1 1 1632 1671 1631 3388
4529 4 2 1 1 1051 2656 1012 3386
4530 4 2 1 1 2590 3115 2213 3783
4531 4 2 1 1 2499 4075 3511 2565
4532 4 2 1 1 2505 3406 3080 3995
4533 4 2 1 1 2503 3408 3078 3993
4534 4 2 1 1 2504 3407 3079 3994
4535 4 2 1 1 2071 2671 2574 4117
4536 4 2 1 1 1516 2976 1509 3058
4537 4 2 1 1 276 2978 269 3060
4538 4 2 1 1 896 2977 889 3059
4539 4 2 1 1 2687 2206 2515 4138
4540 4 2 1 1 3768 3864 660 3217
4541 4 2 1 1 1838 3397 2678 3706
4542 4 2 1 1 3127 2811 2232 2676
4543 4 2 1 1 2724 2914 1359 3672
4544 4 2 1 1 1210 3264 1222 1198
4545 4 2 1 1 2849 3222 2197 3700
4546 4 2 1 1 2366 3009 2879 3430
4547 4 2 1 1 4419 2032 1994 1770
4548 4 2 1 1 2560 3551 2105 4319
4549 4 2 1 1 1805 1804 2697 3247
4550 4 2 1 1 117 118 1149 4511
4551 4 2 1 1 1887 1885 1886 2764
4552 4 2 1 1 1185 2931 1344 3469
4553 4 2 1 1 2554 2664 2104 4247
4554 4 2 1 1 1471 1470 3459 3509
4555 4 2 1 1 231 230 3460 3510
4556 4 2 1 1 851 850 3458 3508
4557 4 2 1 1 2559 3554 4077 4317
4558 4 2 1 1 2132 3600 2732 4054
4559 4 2 1 1 1176 2569 2937 3003
4560 4 2 1 1 1955 1871 1958 3617
4561 4 2 1 1 4188 988 1076 986
4562 4 2 1 1 684 3012 2561 3403
4563 4 2 1 1 3343 4018 2753 2406
4564 4 2 1 1 2871 4344 1312 3946
4565 4 2 1 1 3364 4314 2307 2583
4566 4 2 1 1 1102 1052 990 3628
4567 4 2 1 1 2206 2515 3486 3917
4568 4 2 1 1 2340 3431 3028 4273
4569 4 2 1 1 2585 3443 3343 2513
4570 4 2 1 1 2417 3242 3882 4025
4571 4 2 1 1 2514 2384 3544 4198
4572 4 2 1 1 1149 4553 1368 3531
4573 4 2 1 1 2267 2654 2604 3235
4574 4 2 1 1 2310 2732 3252 3705
4575 4 2 1 1 3978 3347 4299 3770
4576 4 2 1 1 3920 2309 2125 3880
4577 4 2 1 1 4511 1149 117 1376
4578 4 2 1 1 1982 2757 2561 1920
4579 4 2 1 1 4270 3490 2920 2409
4580 4 2 1 1 4309 1486 3166 2885
4581 4 2 1 1 2518 2431 3588 3751
4582 4 2 1 1 788 660 3217 3768
4583 4 2 1 1 3073 3017 2269 3693
4584 4 2 1 1 2486 3154 2891 4161
4585 4 2 1 1 2517 2430 3589 3752
4586 4 2 1 1 2478 3672 2724 4004
4587 4 2 1 1 1184 1325 1360 3241
4588 4 2 1 1 4553 530 4511 118
4589 4 2 1 1 2113 2947 2459 3499
4590 4 2 1 1 4511 1429 2572 3531
4591 4 2 1 1 2321 3000 4003 4246
4592 4 2 1 1 2198 2077 2770 4065
4593 4 2 1 1 1955 1958 2686 3617
4594 4 2 1 1 4006 4141 3188 2537
4595 4 2 1 1 302 3187 2536 4140
4596 4 2 1 1 922 3189 2538 4139
4597 4 2 1 1 2887 4248 3724 2472
4598 4 2 1 1 4511 1429 3531 1149
4599 4 2 1 1 2234 2467 3022 3961
4600 4 2 1 1 2705 2189 3370 3695
4601 4 2 1 1 3504 4130 2426 4060
4602 4 2 1 1 2620 3184 2235 3789
4603 4 2 1 1 4474 3002 1893 2057
4604 4 2 1 1 344 2953 3427 4113
4605 4 2 1 1 964 2952 3428 4111
4606 4 2 1 1 2951 3429 1584 4112
4607 4 2 1 1 1149 4553 3531 4511
4608 4 2 1 1 2001 3616 2604 3645
4609 4 2 1 1 3627 2033 3950 3169
4610 4 2 1 1 2485 3158 2889 4167
4611 4 2 1 1 1263 3238 2823 3878
4612 4 2 1 1 3335 3659 3332 2932
4613 4 2 1 1 1885 2764 3104 3722
4614 4 2 1 1 4188 1076 988 2983
4615 4 2 1 1 2043 4530 1766 1991
4616 4 2 1 1 751 3227 803 4328
4617 4 2 1 1 1371 3228 1423 4329
4618 4 2 1 1 4182 3501 1046 2800
4619 4 2 1 1 3345 2078 3788 3945
4620 4 2 1 1 2125 3204 2763 3925
4621 4 2 1 1 2634 3781 2880 3912
4622 4 2 1 1 4153 3324 2672 2573
4623 4 2 1 1 2788 3712 2299 4396
4624 4 2 1 1 2078 3345 2682 3945
4625 4 2 1 1 2812 2938 2312 4206
4626 4 2 1 1 2228 3380 2888 3983
4627 4 2 1 1 2229 3378 2886 3981
4628 4 2 1 1 583 573 574 3318
4629 4 2 1 1 3208 3290 2829 2069
4630 4 2 1 1 337 2643 2797 4327
4631 4 2 1 1 1577 2641 2798 4329
4632 4 2 1 1 2642 2799 957 4328
4633 4 2 1 1 2933 3374 3297 4020
4634 4 2 1 1 3207 3368 2276 3902
4635 4 2 1 1 2200 2455 2918 4125
4636 4 2 1 1 2452 3269 2093 2256
4637 4 2 1 1 2451 3270 2092 2257
4638 4 2 1 1 2450 3271 2094 2258
4639 4 2 1 1 2198 2454 2916 4121
4640 4 2 1 1 2475 2971 3897 3536
4641 4 2 1 1 826 4510 4460 77
4642 4 2 1 1 4153 2672 3324 4118
4643 4 2 1 1 2162 2973 2867 4227
4644 4 2 1 1 4510 76 77 1059
4645 4 2 1 1 2158 3035 3013 3712
4646 4 2 1 1 4451 3734 1774 2945
4647 4 2 1 1 395 245 2531 3791
4648 4 2 1 1 1485 2533 1635 3790
4649 4 2 1 1 1015 865 2532 3792
4650 4 2 1 1 4264 4128 3306 2749
4651 4 2 1 1 2091 3268 2424 3693
4652 4 2 1 1 2847 3781 3681 3929
4653 4 2 1 1 2846 2139 3680 3928
4654 4 2 1 1 826 4510 77 1059
4655 4 2 1 1 4510 4424 76 1059
4656 4 2 1 1 1130 4510 4328 3227
4657 4 2 1 1 2547 3550 2312 3619
4658 4 2 1 1 2886 4174 3726 2471
4659 4 2 1 1 3364 4314 2583 3607
4660 4 2 1 1 2151 3632 3099 4057
4661 4 2 1 1 2076 3377 2584 2794
4662 4 2 1 1 2094 3271 2450 3422
4663 4 2 1 1 2092 3270 2451 3424
4664 4 2 1 1 2093 3269 2452 3423
4665 4 2 1 1 2481 3922 3909 2155
4666 4 2 1 1 2556 2862 2137 4254
4667 4 2 1 1 2070 2672 2573 4153
4668 4 2 1 1 2454 2701 4088 3573
4669 4 2 1 1 2840 3922 3448 2481
4670 4 2 1 1 2609 2842 2301 3692
4671 4 2 1 1 4510 4424 1059 4328
4672 4 2 1 1 2711 3001 366 4189
4673 4 2 1 1 2881 3585 2635 2139
4674 4 2 1 1 2858 3263 2237 3318
4675 4 2 1 1 2193 3176 2955 3294
4676 4 2 1 1 1917 2997 1932 4176
4677 4 2 1 1 1447 4509 4459 173
4678 4 2 1 1 2565 3499 2613 3890
4679 4 2 1 1 3896 3147 3328 2698
4680 4 2 1 1 2079 2832 2938 3029
4681 4 2 1 1 2598 3173 2716 3516
4682 4 2 1 1 456 3001 366 3840
4683 4 2 1 1 2021 3872 2693 1984
4684 4 2 1 1 2685 3727 2850 4059
4685 4 2 1 1 2882 3625 2636 2141
4686 4 2 1 1 3652 4464 4155 4283
4687 4 2 1 1 4509 172 173 1679
4688 4 2 1 1 2330 3437 2956 4388
4689 4 2 1 1 1447 4509 173 1679
4690 4 2 1 1 2139 2992 2551 3276
4691 4 2 1 1 4509 4425 172 1679
4692 4 2 1 1 3287 3416 405 4342
4693 4 2 1 1 2828 3414 1732 4340
4694 4 2 1 1 2827 3415 1112 4341
4695 4 2 1 1 1750 4509 4329 3228
4696 4 2 1 1 4509 4425 1679 4329
4697 4 2 1 1 3645 1767 38 4508
4698 4 2 1 1 2727 2412 3555 2857
4699 4 2 1 1 2726 2411 3556 2855
4700 4 2 1 1 2725 2410 3557 2856
4701 4 2 1 1 3651 4463 4154 4284
4702 4 2 1 1 3348 2269 2820 3876
4703 4 2 1 1 1876 4465 1998 1992
4704 4 2 1 1 2680 3112 3006 3721
4705 4 2 1 1 2385 3134 3208 2283
4706 4 2 1 1 3665 2083 3242 2636
4707 4 2 1 1 2195 2435 2951 3259
4708 4 2 1 1 2194 2436 2952 3258
4709 4 2 1 1 2196 2434 2953 3260
4710 4 2 1 1 2231 2530 2932 3345
4711 4 2 1 1 3099 3632 3412 4057
4712 4 2 1 1 2307 3241 3123 3653
4713 4 2 1 1 3277 3341 537 4245
4714 4 2 1 1 2141 2985 2991 3979
4715 4 2 1 1 2676 2811 2232 4058
4716 4 2 1 1 4167 2796 2688 2287
4717 4 2 1 1 876 3892 3610 4370
4718 4 2 1 1 2126 2461 3024 3485
4719 4 2 1 1 359 3289 3784 4089
4720 4 2 1 1 2455 3863 2918 4125
4721 4 2 1 1 2102 2730 3975 4198
4722 4 2 1 1 3781 3175 2993 2552
4723 4 2 1 1 2044 2693 2021 3481
4724 4 2 1 1 2388 2168 3272 2625
4725 4 2 1 1 276 2978 424 269
4726 4 2 1 1 896 2977 1044 889
4727 4 2 1 1 1516 2976 1664 1509
4728 4 2 1 1 2390 3887 3384 4213
4729 4 2 1 1 2191 2968 2750 3411
4730 4 2 1 1 2715 3317 2152 4333
4731 4 2 1 1 2477 2314 2498 2118
4732 4 2 1 1 2163 2678 2833 3869
4733 4 2 1 1 4161 2795 2687 2286
4734 4 2 1 1 2565 4312 4075 2459
4735 4 2 1 1 3136 3553 2231 3662
4736 4 2 1 1 3369 3529 2782 3758
4737 4 2 1 1 3404 3064 3201 2780
4738 4 2 1 1 2454 3865 2916 4121
4739 4 2 1 1 1009 1014 923 4139
4740 4 2 1 1 1634 1543 1629 4141
4741 4 2 1 1 389 394 303 4140
4742 4 2 1 1 1809 3410 3183 4292
4743 4 2 1 1 2683 3728 2849 4055
4744 4 2 1 1 2890 3547 2484 3794
4745 4 2 1 1 2891 3546 2486 3796
4746 4 2 1 1 2889 3545 2485 3795
4747 4 2 1 1 3002 4474 4480 2057
4748 4 2 1 1 1508 1498 2739 3597
4749 4 2 1 1 878 2740 888 3596
4750 4 2 1 1 258 2738 268 3598
4751 4 2 1 1 2815 3702 2164 4319
4752 4 2 1 1 2455 2200 2918 3479
4753 4 2 1 1 2454 2198 2916 3478
4754 4 2 1 1 1933 3348 2424 3901
4755 4 2 1 1 3590 3654 2833 3690
4756 4 2 1 1 619 2428 729 3086
4757 4 2 1 1 2214 2954 2818 4330
4758 4 2 1 1 2063 3503 3043 3589
4759 4 2 1 1 2174 3318 2858 4352
4760 4 2 1 1 1140 1377 1375 3340
4761 4 2 1 1 3781 3175 2552 2140
4762 4 2 1 1 37 4508 38 1767
4763 4 2 1 1 3177 4508 37 1767
4764 4 2 1 1 2268 2837 3016 3673
4765 4 2 1 1 1947 2712 1754 3002
4766 4 2 1 1 1282 3660 2923 4339
4767 4 2 1 1 3215 3268 2640 3740
4768 4 2 1 1 2171 2549 3050 2281
4769 4 2 1 1 1348 4384 4250 2556
4770 4 2 1 1 1696 3811 3070 4255
4771 4 2 1 1 874 2980 2532 4061
4772 4 2 1 1 2531 254 2981 4062
4773 4 2 1 1 2961 3368 3902 2276
4774 4 2 1 1 1512 1502 1496 4369
4775 4 2 1 1 1767 2604 4508 3645
4776 4 2 1 1 2843 4256 2302 2608
4777 4 2 1 1 2440 2940 3753 2175
4778 4 2 1 1 2126 3044 2346 3745
4779 4 2 1 1 2200 3786 3233 4125
4780 4 2 1 1 1194 3541 2973 3759
4781 4 2 1 1 2127 2971 2516 2398
4782 4 2 1 1 1268 2476 3789 3472
4783 4 2 1 1 2386 3012 3176 3577
4784 4 2 1 1 2971 3127 2480 3504
4785 4 2 1 1 2439 2941 3752 3133
4786 4 2 1 1 2777 3785 4121 2198
4787 4 2 1 1 2132 2715 3118 3666
4788 4 2 1 1 2545 3362 2613 2408
4789 4 2 1 1 1330 1333 1239 2937
4790 4 2 1 1 1913 3872 3439 2497
4791 4 2 1 1 2630 3584 2356 3885
4792 4 2 1 1 2438 2942 3751 2176
4793 4 2 1 1 3398 2359 2962 3122
4794 4 2 1 1 1263 3238 3878 1264
4795 4 2 1 1 876 3892 877 3610
4796 4 2 1 1 2410 2092 2725 3557
4797 4 2 1 1 2411 2093 2726 3556
4798 4 2 1 1 2412 2094 2727 3555
4799 4 2 1 1 2199 3784 3289 4089
4800 4 2 1 1 2118 3697 2498 2546
4801 4 2 1 1 1767 4508 2604 3177
4802 4 2 1 1 2590 2845 2213 3809
4803 4 2 1 1 2140 3781 2634 3912
4804 4 2 1 1 4412 1442 4429 2951
4805 4 2 1 1 2457 2829 2546 4008
4806 4 2 1 1 2478 2914 2724 3672
4807 4 2 1 1 4412 1442 64 4429
4808 4 2 1 1 65 4429 64 1442
4809 4 2 1 1 2152 2647 3005 4096
4810 4 2 1 1 2659 2960 2255 3442
4811 4 2 1 1 2612 2388 3392 4190
4812 4 2 1 1 1386 2633 3197 4120
4813 4 2 1 1 2570 2821 2141 3665
4814 4 2 1 1 45 46 4507 1135
4815 4 2 1 1 675 2927 2602 4318
4816 4 2 1 1 2509 3118 2254 3334
4817 4 2 1 1 2279 3338 2446 3512
4818 4 2 1 1 2320 3029 3850 4043
4819 4 2 1 1 2417 3882 2721 4025
4820 4 2 1 1 2289 3309 2975 4036
4821 4 2 1 1 3963 3096 2575 3834
4822 4 2 1 1 2105 3551 3404 4152
4823 4 2 1 1 2805 3264 2466 3772
4824 4 2 1 1 506 3875 2935 3926
4825 4 2 1 1 3699 3539 2984 2696
4826 4 2 1 1 970 4485 2905 3816
4827 4 2 1 1 1335 3789 3220 4107
4828 4 2 1 1 3536 4278 2408 4321
4829 4 2 1 1 4507 4200 1135 46
4830 4 2 1 1 2510 2920 4240 4270
4831 4 2 1 1 3730 3947 2462 4264
4832 4 2 1 1 2486 2891 3796 4161
4833 4 2 1 1 2280 3882 3242 4025
4834 4 2 1 1 1135 4507 2903 4200
4835 4 2 1 1 2839 3370 2189 3695
4836 4 2 1 1 2182 2893 3729 3056
4837 4 2 1 1 2943 4453 3862 1701
4838 4 2 1 1 2211 4095 3256 4379
4839 4 2 1 1 2141 2985 3331 3991
4840 4 2 1 1 2926 3656 4344 4240
4841 4 2 1 1 2048 3149 2698 4029
4842 4 2 1 1 2863 3023 2449 3317
4843 4 2 1 1 2065 2214 2587 3934
4844 4 2 1 1 3358 2959 4343 2275
4845 4 2 1 1 3184 1459 181 4506
4846 4 2 1 1 2163 2678 3869 4051
4847 4 2 1 1 3638 3829 3316 4285
4848 4 2 1 1 2255 2960 2649 3859
4849 4 2 1 1 181 182 4506 1459
4850 4 2 1 1 3999 3251 2614 2153
4851 4 2 1 1 3363 2957 4349 2274
4852 4 2 1 1 1316 1315 1240 3413
4853 4 2 1 1 3404 3201 3064 2105
4854 4 2 1 1 2105 3064 3404 3551
4855 4 2 1 1 2388 3275 3272 3609
4856 4 2 1 1 2254 3257 2509 3889
4857 4 2 1 1 2231 2813 2677 4081
4858 4 2 1 1 2343 2709 2473 2100
4859 4 2 1 1 2342 2710 2473 4038
4860 4 2 1 1 2159 2485 2395 3676
4861 4 2 1 1 2212 2445 3067 3505
4862 4 2 1 1 2485 2889 3795 4167
4863 4 2 1 1 755 521 757 3341
4864 4 2 1 1 2117 2603 3614 4127
4865 4 2 1 1 3963 3096 3834 2996
4866 4 2 1 1 3637 4506 182 1459
4867 4 2 1 1 2393 3085 2970 3943
4868 4 2 1 1 2215 2427 3381 3654
4869 4 2 1 1 152 4546 1107 6
4870 4 2 1 1 4506 2620 1459 3637
4871 4 2 1 1 2344 2473 3297 3374
4872 4 2 1 1 932 3987 3055 4149
4873 4 2 1 1 312 3985 3054 4151
4874 4 2 1 1 1552 3986 3053 4150
4875 4 2 1 1 2155 2972 2731 4276
4876 4 2 1 1 2160 2486 2394 3679
4877 4 2 1 1 1222 3264 2466 4069
4878 4 2 1 1 1459 2620 4506 3184
4879 4 2 1 1 1102 3342 3628 3953
4880 4 2 1 1 1527 1619 2801 2958
4881 4 2 1 1 1188 3264 3868 4293
4882 4 2 1 1 4464 4283 3624 752
4883 4 2 1 1 2624 3332 2932 3335
4884 4 2 1 1 2277 2511 2830 3170
4885 4 2 1 1 4463 4284 3623 1372
4886 4 2 1 1 2280 3337 3114 3665
4887 4 2 1 1 3152 3130 4374 2542
4888 4 2 1 1 2751 3585 3079 2190
4889 4 2 1 1 2962 3398 3122 3312
4890 4 2 1 1 3186 839 85 4505
4891 4 2 1 1 1876 4465 1992 4286
4892 4 2 1 1 1997 1995 1761 3342
4893 4 2 1 1 1228 3230 1222 4293
4894 4 2 1 1 2469 3240 2927 3871
4895 4 2 1 1 2074 2583 2741 3325
4896 4 2 1 1 1266 3238 2476 3472
4897 4 2 1 1 2236 3006 2468 3373
4898 4 2 1 1 2177 3129 2543 3151
4899 4 2 1 1 395 2531 3387 3791
4900 4 2 1 1 2533 3388 1635 3790
4901 4 2 1 1 1015 2532 3386 3792
4902 4 2 1 1 3079 3399 1506 4309
4903 4 2 1 1 3704 2248 3660 4252
4904 4 2 1 1 2086 2872 2688 3254
4905 4 2 1 1 663 3030 2714 4082
4906 4 2 1 1 2435 2195 2951 3249
4907 4 2 1 1 2436 2194 2952 3248
4908 4 2 1 1 2434 2196 2953 3250
4909 4 2 1 1 2451 2262 3270 3446
4910 4 2 1 1 2452 2263 3269 3447
4911 4 2 1 1 2450 2261 3271 3445
4912 4 2 1 1 2067 2482 2425 3662
4913 4 2 1 1 2127 4278 2516 4321
4914 4 2 1 1 665 3030 663 4082
4915 4 2 1 1 2089 3877 2790 3954
4916 4 2 1 1 2085 2870 2687 3253
4917 4 2 1 1 4097 4158 571 2930
4918 4 2 1 1 1904 2497 3365 3872
4919 4 2 1 1 2176 3128 2544 3150
4920 4 2 1 1 2513 3443 3383 2585
4921 4 2 1 1 2573 3720 2336 4079
4922 4 2 1 1 3962 2319 2780 3201
4923 4 2 1 1 2238 2445 3153 4216
4924 4 2 1 1 3749 256 3608 257
4925 4 2 1 1 4555 817 4478 4531
4926 4 2 1 1 2252 2824 3472 3768
4927 4 2 1 1 2833 3048 2149 3654
4928 4 2 1 1 1121 2622 996 3612
4929 4 2 1 1 2321 3000 3106 4003
4930 4 2 1 1 3962 2780 2319 3163
4931 4 2 1 1 3381 4274 1288 2772
4932 4 2 1 1 1288 4274 3381 1289
4933 4 2 1 1 3681 3852 2549 2140
4934 4 2 1 1 4505 85 86 839
4935 4 2 1 1 1796 3677 3301 3683
4936 4 2 1 1 3612 4505 86 839
4937 4 2 1 1 2079 3456 2802 3490
4938 4 2 1 1 4097 571 4158 587
4939 4 2 1 1 2251 3438 2706 4307
4940 4 2 1 1 1415 3496 2427 4022
4941 4 2 1 1 1425 1414 1138 2758
4942 4 2 1 1 3551 3913 3404 4152
4943 4 2 1 1 2121 3713 2697 4376
4944 4 2 1 1 2925 2426 3504 3563
4945 4 2 1 1 3920 2309 3880 2617
4946 4 2 1 1 3400 414 2524 423
4947 4 2 1 1 1043 3401 2523 4267
4948 4 2 1 1 3904 4278 3536 2516
4949 4 2 1 1 2453 2586 2230 2578
4950 4 2 1 1 3402 2286 4055 2897
4951 4 2 1 1 2840 3448 3922 2123
4952 4 2 1 1 1640 1669 1549 3970
4953 4 2 1 1 400 429 309 2489
4954 4 2 1 1 1020 1049 929 3971
4955 4 2 1 1 3665 2083 2636 3089
4956 4 2 1 1 3226 2256 2452 3509
4957 4 2 1 1 3225 2257 2451 3510
4958 4 2 1 1 3224 2258 2450 3508
4959 4 2 1 1 3659 3829 3335 2173
4960 4 2 1 1 4505 2622 839 3612
4961 4 2 1 1 4505 839 2622 3186
4962 4 2 1 1 3405 2287 4059 2899
4963 4 2 1 1 4009 2117 2603 3614
4964 4 2 1 1 2926 2510 3067 4240
4965 4 2 1 1 2155 2737 2972 4276
4966 4 2 1 1 1541 1564 3248 3929
4967 4 2 1 1 301 324 3249 3928
4968 4 2 1 1 921 944 3250 3927
4969 4 2 1 1 2494 3032 2989 3335
4970 4 2 1 1 1759 195 196 4504
4971 4 2 1 1 195 4504 1759 4399
4972 4 2 1 1 1326 1220 1233 3236
4973 4 2 1 1 832 1075 2704 3390
4974 4 2 1 1 2821 3214 2170 4099
4975 4 2 1 1 2431 3132 2942 4034
4976 4 2 1 1 2430 3133 2941 4033
4977 4 2 1 1 2429 3131 2940 4035
4978 4 2 1 1 3986 3597 2976 2506
4979 4 2 1 1 3987 3596 2977 2507
4980 4 2 1 1 424 2978 2508 3598
4981 4 2 1 1 2166 2588 3316 3601
4982 4 2 1 1 2386 3942 3513 4131
4983 4 2 1 1 3963 3096 2996 2178
4984 4 2 1 1 3536 4278 3904 2408
4985 4 2 1 1 506 323 464 2935
4986 4 2 1 1 2127 2298 2869 3311
4987 4 2 1 1 3487 3504 3099 3563
4988 4 2 1 1 1582 3429 2540 4112
4989 4 2 1 1 962 3428 2539 4111
4990 4 2 1 1 322 2541 4113 3427
4991 4 2 1 1 2063 2585 3309 3503
4992 4 2 1 1 2326 3087 2537 2220
4993 4 2 1 1 2335 2769 2578 3353
4994 4 2 1 1 2151 3658 3198 3782
4995 4 2 1 1 1996 4504 196 4418
4996 4 2 1 1 2576 3131 2770 4065
4997 4 2 1 1 2326 2847 2549 4103
4998 4 2 1 1 3841 3278 3353 2246
4999 4 2 1 1 1388 2906 1275 1398
5000 4 2 1 1 768 2907 655 778
5001 4 2 1 1 2008 2908 1895 2018
5002 4 2 1 1 1841 1834 1825 3023
5003 4 2 1 1 2597 2583 3325 3607
5004 4 2 1 1 2045 4504 3098 4399
5005 4 2 1 1 2126 3024 2521 3485
5006 4 2 1 1 2253 3178 2648 4015
5007 4 2 1 1 248 3900 240 2994
5008 4 2 1 1 868 3899 860 2996
5009 4 2 1 1 1488 3898 1480 2995
5010 4 2 1 1 1563 2866 2748 3886
5011 4 2 1 1 3986 3597 2506 4150
5012 4 2 1 1 3987 3596 2507 4149
5013 4 2 1 1 424 2508 2978 3985
5014 4 2 1 1 2280 2821 2570 3665
5015 4 2 1 1 1996 4504 4418 3098
5016 4 2 1 1 3126 3712 3164 4377
5017 4 2 1 1 2459 3499 2947 4009
5018 4 2 1 1 3148 3181 2615 4306
5019 4 2 1 1 2989 3032 2362 3335
5020 4 2 1 1 599 3117 2661 3578
5021 4 2 1 1 1839 3116 2662 3579
5022 4 2 1 1 2153 2851 2745 3721
5023 4 2 1 1 4285 3829 3315 2483
5024 4 2 1 1 1562 2690 4150 3429
5025 4 2 1 1 942 2691 4149 3428
5026 4 2 1 1 322 2689 4151 3427
5027 4 2 1 1 3109 3491 2721 3882
5028 4 2 1 1 24 4550 487 1
5029 4 2 1 1 2155 2731 3350 4276
5030 4 2 1 1 371 3570 432 4375
5031 4 2 1 1 2711 3095 2340 4189
5032 4 2 1 1 2622 3561 761 3703
5033 4 2 1 1 563 3350 2731 4276
5034 4 2 1 1 2995 3719 2179 3962
5035 4 2 1 1 2115 2680 3721 3930
5036 4 2 1 1 2079 2895 3456 3490
5037 4 2 1 1 2423 3303 3083 3669
5038 4 2 1 1 1138 115 116 4503
5039 4 2 1 1 2644 3413 2458 3884
5040 4 2 1 1 3665 2083 3089 4025
5041 4 2 1 1 2235 2476 3209 3789
5042 4 2 1 1 3111 3310 2241 3945
5043 4 2 1 1 2913 3517 2886 4174
5044 4 2 1 1 1818 1962 2863 2496
5045 4 2 1 1 3215 3740 2640 3853
5046 4 2 1 1 3992 3067 3505 2212
5047 4 2 1 1 853 854 2948 3458
5048 4 2 1 1 234 2949 233 3460
5049 4 2 1 1 1473 1474 2950 3459
5050 4 2 1 1 2589 3560 2765 3675
5051 4 2 1 1 2468 2851 2745 4277
5052 4 2 1 1 2513 2229 2747 3457
5053 4 2 1 1 1403 4503 4447 115
5054 4 2 1 1 2637 2954 2299 2214
5055 4 2 1 1 1496 3888 3611 4369
5056 4 2 1 1 3992 3067 2212 2758
5057 4 2 1 1 2356 2812 3619 4206
5058 4 2 1 1 2166 3316 3829 4285
5059 4 2 1 1 3404 3551 3064 3913
5060 4 2 1 1 3398 3769 2359 4016
5061 4 2 1 1 546 2494 548 3316
5062 4 2 1 1 3837 4150 1571 3053
5063 4 2 1 1 3836 4149 951 3055
5064 4 2 1 1 3838 4151 331 3054
5065 4 2 1 1 745 4549 2865 532
5066 4 2 1 1 598 607 2615 3181
5067 4 2 1 1 745 2837 535 536
5068 4 2 1 1 4503 3256 116 1138
5069 4 2 1 1 3083 1741 1742 1616
5070 4 2 1 1 2762 4129 2369 4179
5071 4 2 1 1 2238 2567 3105 3295
5072 4 2 1 1 3070 3811 2700 4255
5073 4 2 1 1 1898 1897 3348 3876
5074 4 2 1 1 2136 2555 2940 3717
5075 4 2 1 1 2138 2557 2942 3718
5076 4 2 1 1 3652 4464 4283 3624
5077 4 2 1 1 2599 2817 2165 3632
5078 4 2 1 1 3651 4463 4284 3623
5079 4 2 1 1 864 914 1019 4279
5080 4 2 1 1 3650 4465 4286 3622
5081 4 2 1 1 4503 1138 2758 3256
5082 4 2 1 1 1788 1786 2495 3627
5083 4 2 1 1 1777 2838 1776 1768
5084 4 2 1 1 2313 2766 2782 3972
5085 4 2 1 1 1389 1312 1217 4344
5086 4 2 1 1 1403 4503 115 1138
5087 4 2 1 1 4503 1414 1138 1403
5088 4 2 1 1 4420 148 147 1451
5089 4 2 1 1 2238 2567 2445 3105
5090 4 2 1 1 2154 2569 3364 3607
5091 4 2 1 1 3433 3506 2249 2595
5092 4 2 1 1 2114 3335 2989 2246
5093 4 2 1 1 2792 3644 3011 3848
5094 4 2 1 1 802 2622 761 3703
5095 4 2 1 1 2186 2886 2593 3140
5096 4 2 1 1 2187 2887 2594 3139
5097 4 2 1 1 2185 2888 2592 3138
5098 4 2 1 1 558 550 554 4056
5099 4 2 1 1 2019 2487 1940 3950
5100 4 2 1 1 2533 3571 2885 2111
5101 4 2 1 1 2104 3347 2631 3925
5102 4 2 1 1 1348 2862 2556 3827
5103 4 2 1 1 2459 3499 4009 2565
5104 4 2 1 1 882 876 892 4370
5105 4 2 1 1 520 3961 3186 651
5106 4 2 1 1 2139 2992 3276 3680
5107 4 2 1 1 2444 3754 3169 4215
5108 4 2 1 1 3057 4075 2499 2565
5109 4 2 1 1 3405 2287 2899 3254
5110 4 2 1 1 1076 986 3812 4188
5111 4 2 1 1 2577 2768 2076 3937
5112 4 2 1 1 4318 3029 4073 2602
5113 4 2 1 1 1985 2838 2868 1775
5114 4 2 1 1 3608 3749 2491 4393
5115 4 2 1 1 1500 1523 2982 3820
5116 4 2 1 1 450 452 2951 3452
5117 4 2 1 1 1692 2952 1690 3453
5118 4 2 1 1 1072 2953 1070 3454
5119 4 2 1 1 2699 3265 2419 3491
5120 4 2 1 1 684 3403 2561 3468
5121 4 2 1 1 2114 2979 2910 3488
5122 4 2 1 1 4420 3286 148 1451
5123 4 2 1 1 596 3318 2615 4165
5124 4 2 1 1 2166 2588 2910 3316
5125 4 2 1 1 3402 2286 2897 3253
5126 4 2 1 1 2328 3181 3148 4306
5127 4 2 1 1 3203 3931 2407 4160
5128 4 2 1 1 2572 2211 3256 4379
5129 4 2 1 1 2423 2226 3070 3669
5130 4 2 1 1 3104 3660 2053 3722
5131 4 2 1 1 3455 3223 4332 2278
5132 4 2 1 1 2248 3171 2772 3590
5133 4 2 1 1 2209 3165 3098 3649
5134 4 2 1 1 2318 2962 2631 3056
5135 4 2 1 1 2468 2851 4277 3635
5136 4 2 1 1 2231 3553 2813 4081
5137 4 2 1 1 2202 2489 3167 3688
5138 4 2 1 1 2664 2893 2104 3483
5139 4 2 1 1 2534 3522 2316 2984
5140 4 2 1 1 533 2868 807 3612
5141 4 2 1 1 2478 3868 2946 4126
5142 4 2 1 1 2132 3232 2404 3839
5143 4 2 1 1 1849 3397 1838 3706
5144 4 2 1 1 2254 2509 3257 3609
5145 4 2 1 1 2286 3253 2891 3641
5146 4 2 1 1 2679 2766 2313 3511
5147 4 2 1 1 2287 3254 2889 3642
5148 4 2 1 1 2325 2536 3821 4005
5149 4 2 1 1 2326 2537 3820 4006
5150 4 2 1 1 2327 2538 3822 4007
5151 4 2 1 1 354 3784 2501 4200
5152 4 2 1 1 2117 2208 2665 3614
5153 4 2 1 1 455 422 2702 2991
5154 4 2 1 1 1662 2703 1695 2992
5155 4 2 1 1 2156 3778 2792 3848
5156 4 2 1 1 2812 4109 2356 4157
5157 4 2 1 1 1451 4420 3286 3836
5158 4 2 1 1 2074 2841 2597 3325
5159 4 2 1 1 2709 3066 2322 4016
5160 4 2 1 1 2320 3029 2892 3850
5161 4 2 1 1 4026 2419 2974 3411
5162 4 2 1 1 1721 4502 4456 123
5163 4 2 1 1 3999 3251 2153 2248
5164 4 2 1 1 2414 2792 3778 3848
5165 4 2 1 1 124 123 4502 1453
5166 4 2 1 1 2285 3182 2890 3626
5167 4 2 1 1 2145 2939 2530 3395
5168 4 2 1 1 1279 2666 3524 4168
5169 4 2 1 1 2185 3045 3755 3983
5170 4 2 1 1 3437 3893 3853 3215
5171 4 2 1 1 2187 3047 3756 3982
5172 4 2 1 1 2186 3046 3757 3981
5173 4 2 1 1 2947 3499 2296 4009
5174 4 2 1 1 1796 3301 1795 3683
5175 4 2 1 1 4009 2117 3614 2208
5176 4 2 1 1 2726 3150 2265 3556
5177 4 2 1 1 2725 3151 2264 3557
5178 4 2 1 1 2727 3152 2266 3555
5179 4 2 1 1 2269 2622 2640 3561
5180 4 2 1 1 3084 3600 2332 3903
5181 4 2 1 1 2633 2871 1296 3197
5182 4 2 1 1 1927 2698 3481 4308
5183 4 2 1 1 3120 4273 3028 2168
5184 4 2 1 1 1721 4502 123 1453
5185 4 2 1 1 2274 2879 2737 3657
5186 4 2 1 1 2220 3087 2537 3195
5187 4 2 1 1 2221 3088 2536 3196
5188 4 2 1 1 2222 3089 2538 3194
5189 4 2 1 1 2445 3613 3153 4216
5190 4 2 1 1 2140 2563 4021 2974
5191 4 2 1 1 2117 2814 3435 4074
5192 4 2 1 1 3437 3853 3893 2655
5193 4 2 1 1 1500 1517 1523 3820
5194 4 2 1 1 1777 2838 3017 1776
5195 4 2 1 1 3860 4451 4518 461
5196 4 2 1 1 3431 3235 3793 2675
5197 4 2 1 1 2112 3265 3491 3746
5198 4 2 1 1 710 604 709 2909
5199 4 2 1 1 3210 3619 2460 4265
5200 4 2 1 1 2777 3785 2198 3234
5201 4 2 1 1 4499 55 54 477
5202 4 2 1 1 3544 4032 3763 2713
5203 4 2 1 1 3226 3269 2452 2256
5204 4 2 1 1 3225 3270 2451 2257
5205 4 2 1 1 3224 3271 2450 2258
5206 4 2 1 1 2449 3023 2863 4292
5207 4 2 1 1 4502 4416 124 1453
5208 4 2 1 1 2897 3253 2372 3402
5209 4 2 1 1 1811 2915 4098 4110
5210 4 2 1 1 2269 2640 3268 3908
5211 4 2 1 1 2805 3562 2413 4109
5212 4 2 1 1 1985 2838 1775 1776
5213 4 2 1 1 1581 3837 3053 3285
5214 4 2 1 1 961 3836 3055 3286
5215 4 2 1 1 341 3838 3054 3287
5216 4 2 1 1 2315 2803 2476 3476
5217 4 2 1 1 1599 3233 3786 4125
5218 4 2 1 1 2078 3310 3810 3111
5219 4 2 1 1 3275 3599 2446 4108
5220 4 2 1 1 3771 3010 2416 3262
5221 4 2 1 1 2144 3142 3474 2363
5222 4 2 1 1 3552 2975 2207 3309
5223 4 2 1 1 2047 2861 2011 3538
5224 4 2 1 1 1839 1840 2662 3116
5225 4 2 1 1 600 2661 599 3117
5226 4 2 1 1 2860 3916 4094 4202
5227 4 2 1 1 922 2538 3189 4007
5228 4 2 1 1 4006 4141 2537 1530
5229 4 2 1 1 302 2536 3187 4005
5230 4 2 1 1 1811 4098 1827 4110
5231 4 2 1 1 2246 2534 2984 3539
5232 4 2 1 1 2158 2484 2396 3712
5233 4 2 1 1 2871 3076 2311 4094
5234 4 2 1 1 2185 2470 2888 3138
5235 4 2 1 1 2187 2472 2887 3139
5236 4 2 1 1 2186 2471 2886 3140
5237 4 2 1 1 3102 3679 3154 2402
5238 4 2 1 1 174 1447 1743 4154
5239 4 2 1 1 3841 3278 2246 2624
5240 4 2 1 1 4029 2205 4308 2611
5241 4 2 1 1 4502 1453 2907 3818
5242 4 2 1 1 3616 2047 3645 2001
5243 4 2 1 1 2790 3221 2089 3747
5244 4 2 1 1 3469 2931 1344 3951
5245 4 2 1 1 2226 2423 2939 3673
5246 4 2 1 1 2483 2173 3638 3829
5247 4 2 1 1 3100 3676 3158 2401
5248 4 2 1 1 2093 2518 3419 3751
5249 4 2 1 1 4502 4416 1453 3818
5250 4 2 1 1 2899 3254 2373 3405
5251 4 2 1 1 1340 2724 1342 3153
5252 4 2 1 1 1427 1152 2865 3637
5253 4 2 1 1 3040 3305 2293 4114
5254 4 2 1 1 3039 3307 2294 4115
5255 4 2 1 1 1460 133 134 4501
5256 4 2 1 1 2747 3457 2229 3517
5257 4 2 1 1 813 4467 650 2497
5258 4 2 1 1 2092 2517 3418 3752
5259 4 2 1 1 2493 2811 2240 3081
5260 4 2 1 1 2492 2813 2241 3077
5261 4 2 1 1 3763 4032 3544 2102
5262 4 2 1 1 3780 3874 2521 2456
5263 4 2 1 1 2526 2773 2925 3437
5264 4 2 1 1 337 2797 2643 3860
5265 4 2 1 1 1577 2798 2641 3862
5266 4 2 1 1 957 2799 2642 3861
5267 4 2 1 1 1820 3410 1809 4292
5268 4 2 1 1 2094 2519 3420 3753
5269 4 2 1 1 294 399 244 4275
5270 4 2 1 1 134 1460 4501 1717
5271 4 2 1 1 1881 3370 2705 4063
5272 4 2 1 1 2171 3276 2441 3663
5273 4 2 1 1 662 3217 2714 3668
5274 4 2 1 1 3073 3017 3693 2225
5275 4 2 1 1 2515 3486 2582 3949
5276 4 2 1 1 2844 3011 2587 3904
5277 4 2 1 1 537 2837 536 529
5278 4 2 1 1 2458 2778 2711 4089
5279 4 2 1 1 2631 2962 2359 3056
5280 4 2 1 1 3317 3252 2393 2172
5281 4 2 1 1 2459 3511 4075 2565
5282 4 2 1 1 166 167 1097 4500
5283 4 2 1 1 2678 3397 2215 3590
5284 4 2 1 1 3341 4501 133 1460
5285 4 2 1 1 3161 3340 1157 3739
5286 4 2 1 1 3166 4085 1491 4309
5287 4 2 1 1 4063 3787 2227 3033
5288 4 2 1 1 2106 3554 2781 3849
5289 4 2 1 1 4501 2837 1460 3341
5290 4 2 1 1 1460 4501 1717 2837
5291 4 2 1 1 4549 134 135 535
5292 4 2 1 1 341 3287 3054 3416
5293 4 2 1 1 1581 3285 3053 3414
5294 4 2 1 1 961 3286 3055 3415
5295 4 2 1 1 2296 4009 3499 2565
5296 4 2 1 1 2144 2454 4088 3573
5297 4 2 1 1 2593 3140 282 3460
5298 4 2 1 1 1522 2594 3139 3459
5299 4 2 1 1 2592 3138 902 3458
5300 4 2 1 1 3122 4264 2367 4396
5301 4 2 1 1 2863 3855 3461 2496
5302 4 2 1 1 2229 2513 2747 3383
5303 4 2 1 1 2250 2747 2513 3383
5304 4 2 1 1 2268 2476 3209 2252
5305 4 2 1 1 2162 3456 2926 4270
5306 4 2 1 1 2155 3350 2737 4276
5307 4 2 1 1 390 2471 236 3140
5308 4 2 1 1 1010 2470 856 3138
5309 4 2 1 1 1505 3139 1630 3724
5310 4 2 1 1 2155 3909 2894 3922
5311 4 2 1 1 2123 2894 2579 4212
5312 4 2 1 1 69 68 3285 445
5313 4 2 1 1 2568 4109 2812 4157
5314 4 2 1 1 3014 3305 3040 2217
5315 4 2 1 1 3015 3307 3039 2216
5316 4 2 1 1 3013 3306 3041 2218
5317 4 2 1 1 1900 3082 3774 4159
5318 4 2 1 1 2260 2716 3382 3394
5319 4 2 1 1 1927 1912 4029 4308
5320 4 2 1 1 2447 1859 3677 3731
5321 4 2 1 1 2175 3131 2587 4376
5322 4 2 1 1 1300 1299 2527 3832
5323 4 2 1 1 2394 3588 3371 4263
5324 4 2 1 1 2846 3249 301 3821
5325 4 2 1 1 1541 2847 3248 3820
5326 4 2 1 1 921 2848 3250 3822
5327 4 2 1 1 166 167 4500 1775
5328 4 2 1 1 2389 3347 3137 3925
5329 4 2 1 1 2511 3115 2370 3809
5330 4 2 1 1 1775 4500 166 1768
5331 4 2 1 1 2485 3545 3058 4358
5332 4 2 1 1 2486 3546 3059 4359
5333 4 2 1 1 2484 3547 3060 4357
5334 4 2 1 1 4500 2868 1775 167
5335 4 2 1 1 2278 2561 3176 3403
5336 4 2 1 1 2665 3232 2845 3809
5337 4 2 1 1 3218 4077 3554 4317
5338 4 2 1 1 2327 2848 3337 4102
5339 4 2 1 1 3216 2105 3551 4319
5340 4 2 1 1 2142 3219 2684 2381
5341 4 2 1 1 2285 2669 2804 2352
5342 4 2 1 1 2161 2927 2650 3124
5343 4 2 1 1 1788 2495 3169 3627
5344 4 2 1 1 309 2489 429 3766
5345 4 2 1 1 1549 2488 1669 3764
5346 4 2 1 1 929 2490 1049 3765
5347 4 2 1 1 4181 1666 1568 1620
5348 4 2 1 1 1362 3832 2619 1412
5349 4 2 1 1 537 2837 3016 536
5350 4 2 1 1 2422 2225 3073 3693
5351 4 2 1 1 1775 4500 1768 2838
5352 4 2 1 1 3153 4216 3613 4368
5353 4 2 1 1 4088 4058 2811 2240
5354 4 2 1 1 3099 2151 3602 4105
5355 4 2 1 1 2161 3942 2920 4131
5356 4 2 1 1 3337 3665 2141 4040
5357 4 2 1 1 2550 3337 2848 4102
5358 4 2 1 1 1775 4500 2838 2868
5359 4 2 1 1 378 471 2917 4089
5360 4 2 1 1 2470 2185 2888 3380
5361 4 2 1 1 2472 2187 2887 3379
5362 4 2 1 1 2471 2186 2886 3378
5363 4 2 1 1 2778 2199 3289 4089
5364 4 2 1 1 2180 3887 3936 4213
5365 4 2 1 1 2437 3174 2157 3435
5366 4 2 1 1 3690 3329 2474 2833
5367 4 2 1 1 2129 3324 3807 2608
5368 4 2 1 1 2130 3323 3806 3914
5369 4 2 1 1 2131 2300 3805 3915
5370 4 2 1 1 2128 3595 2766 3803
5371 4 2 1 1 2188 2588 2910 3008
5372 4 2 1 1 1199 3264 2805 4363
5373 4 2 1 1 2675 2227 3787 3235
5374 4 2 1 1 2502 2661 3714 4236
5375 4 2 1 1 2500 2662 3716 2136
5376 4 2 1 1 2723 3748 2433 4166
5377 4 2 1 1 3352 3787 2496 3855
5378 4 2 1 1 1040 3417 2993 4382
5379 4 2 1 1 2792 3362 2545 2121
5380 4 2 1 1 2403 3236 2632 2199
5381 4 2 1 1 2095 2443 3331 2273
5382 4 2 1 1 2080 2830 2603 2321
5383 4 2 1 1 2230 2453 3367 2586
5384 4 2 1 1 690 2835 3896 689
5385 4 2 1 1 2534 2989 702 3539
5386 4 2 1 1 2797 3416 2412 2258
5387 4 2 1 1 2798 3414 2410 2257
5388 4 2 1 1 2799 3415 2411 2256
5389 4 2 1 1 2162 2867 2973 3613
5390 4 2 1 1 2397 2780 2730 3404
5391 4 2 1 1 148 149 3286 1087
5392 4 2 1 1 2692 3107 2392 3421
5393 4 2 1 1 2253 2820 3268 3908
5394 4 2 1 1 4287 3490 2895 2079
5395 4 2 1 1 2776 2200 3233 4125
5396 4 2 1 1 1155 55 54 4499
5397 4 2 1 1 2770 2898 2077 3172
5398 4 2 1 1 402 321 3993 2689
5399 4 2 1 1 1561 3994 1642 2690
5400 4 2 1 1 3258 1022 2691 3995
5401 4 2 1 1 2777 3785 3234 979
5402 4 2 1 1 2260 2568 2716 3394
5403 4 2 1 1 2079 3490 2802 4023
5404 4 2 1 1 2322 3066 2709 3376
5405 4 2 1 1 2343 2709 3066 3376
5406 4 2 1 1 2342 2710 3065 3375
5407 4 2 1 1 2324 3065 2710 3375
5408 4 2 1 1 2309 2591 2345 3542
5409 4 2 1 1 3257 3609 2509 4350
5410 4 2 1 1 2789 3346 2582 2101
5411 4 2 1 1 4182 1046 948 1000
5412 4 2 1 1 54 1155 4499 1148
5413 4 2 1 1 4499 4413 1155 55
5414 4 2 1 1 4499 4413 2861 1155
5415 4 2 1 1 1199 1198 3264 4363
5416 4 2 1 1 2098 3438 2706 2298
5417 4 2 1 1 3238 1265 3472 1266
5418 4 2 1 1 4287 3490 2079 4023
5419 4 2 1 1 2819 3048 2535 3689
5420 4 2 1 1 2602 2927 2650 4073
5421 4 2 1 1 3153 1328 3498 1342
5422 4 2 1 1 2297 3311 2746 2755
5423 4 2 1 1 2454 3478 1937 3998
5424 4 2 1 1 2306 2768 3517 3955
5425 4 2 1 1 3479 3863 4000 697
5426 4 2 1 1 2346 4038 3692 4064
5427 4 2 1 1 702 705 552 2534
5428 4 2 1 1 2613 3010 2565 3262
5429 4 2 1 1 2173 3332 3032 3335
5430 4 2 1 1 3300 3359 2555 3717
5431 4 2 1 1 3299 3361 2557 3718
5432 4 2 1 1 2250 2513 2747 4018
5433 4 2 1 1 2276 2352 2961 4204
5434 4 2 1 1 2091 3304 2728 2526
5435 4 2 1 1 2516 2251 2844 3311
5436 4 2 1 1 2886 3726 4174 2306
5437 4 2 1 1 2304 2888 2470 3725
5438 4 2 1 1 2887 3724 4248 2305
5439 4 2 1 1 3382 3394 2716 4298
5440 4 2 1 1 2480 2789 2383 4166
5441 4 2 1 1 2604 2654 2267 3616
5442 4 2 1 1 2109 3678 2762 4129
5443 4 2 1 1 2269 2640 2622 3215
5444 4 2 1 1 2182 2893 3056 2554
5445 4 2 1 1 3665 2083 4025 3242
5446 4 2 1 1 3425 1799 3988 1844
5447 4 2 1 1 3663 3432 4209 2095
5448 4 2 1 1 1228 2685 1336 3230
5449 4 2 1 1 2734 2947 2444 3169
5450 4 2 1 1 2167 3409 2679 4323
5451 4 2 1 1 426 3120 2786 3521
5452 4 2 1 1 2926 3456 2510 4270
5453 4 2 1 1 2230 3810 2694 2578
5454 4 2 1 1 2519 3755 3045 3983
5455 4 2 1 1 2518 3756 3047 3982
5456 4 2 1 1 2517 3757 3046 3981
5457 4 2 1 1 2742 3195 3188 4141
5458 4 2 1 1 2743 3196 3187 4140
5459 4 2 1 1 2744 3194 3189 4139
5460 4 2 1 1 3093 3235 2420 3308
5461 4 2 1 1 2104 3483 2934 4251
5462 4 2 1 1 3180 3850 3482 4019
5463 4 2 1 1 4121 4470 998 3865
5464 4 2 1 1 2483 3829 3638 4285
5465 4 2 1 1 1711 2918 1618 4125
5466 4 2 1 1 2072 2706 2869 4020
5467 4 2 1 1 2412 2727 3420 2158
5468 4 2 1 1 2410 2725 3418 2159
5469 4 2 1 1 2411 2726 3419 2160
5470 4 2 1 1 4499 1148 1155 2836
5471 4 2 1 1 1155 4499 2836 2861
5472 4 2 1 1 2400 3013 2738 3688
5473 4 2 1 1 2401 3014 2739 3686
5474 4 2 1 1 2402 3015 2740 3687
5475 4 2 1 1 4498 51 52 1140
5476 4 2 1 1 4405 4498 52 1140
5477 4 2 1 1 2508 3976 3054 4151
5478 4 2 1 1 1885 3094 2764 3722
5479 4 2 1 1 2586 3298 2119 3583
5480 4 2 1 1 2723 2781 2358 3267
5481 4 2 1 1 2423 3160 2090 3209
5482 4 2 1 1 2140 2873 2563 2281
5483 4 2 1 1 2162 2867 2520 4227
5484 4 2 1 1 4088 2811 4058 3284
5485 4 2 1 1 920 2450 3224 3445
5486 4 2 1 1 2452 3226 1540 3447
5487 4 2 1 1 2451 3225 300 3446
5488 4 2 1 1 2078 2682 3345 3841
5489 4 2 1 1 2009 1932 3777 4176
5490 4 2 1 1 2297 3011 2844 3904
5491 4 2 1 1 1835 3685 1978 2732
5492 4 2 1 1 2200 2769 2661 3353
5493 4 2 1 1 2440 2919 2266 3738
5494 4 2 1 1 3716 4065 2198 2770
5495 4 2 1 1 2770 3131 2576 3870
5496 4 2 1 1 2534 2114 2984 3488
5497 4 2 1 1 2439 2921 2264 3741
5498 4 2 1 1 2661 3299 624 3578
5499 4 2 1 1 2662 3300 1864 3579
5500 4 2 1 1 2062 3586 2699 3882
5501 4 2 1 1 2465 2320 3030 3180
5502 4 2 1 1 2070 4118 2672 4153
5503 4 2 1 1 2791 3085 2172 2393
5504 4 2 1 1 2369 3748 2595 4064
5505 4 2 1 1 1680 2878 1698 3886
5506 4 2 1 1 1949 1791 3301 3425
5507 4 2 1 1 594 628 722 3049
5508 4 2 1 1 2438 2922 2265 3742
5509 4 2 1 1 2413 2568 2812 3440
5510 4 2 1 1 1311 4168 1278 1144
5511 4 2 1 1 2290 3485 3210 4208
5512 4 2 1 1 1300 2527 3455 3832
5513 4 2 1 1 2073 2618 3909 3931
5514 4 2 1 1 2202 3688 3312 2962
5515 4 2 1 1 2070 2573 3204 4153
5516 4 2 1 1 608 2683 716 3222
5517 4 2 1 1 2368 2063 3443 2674
5518 4 2 1 1 2437 3435 2814 4074
5519 4 2 1 1 2310 3252 2970 3705
5520 4 2 1 1 1359 2914 2724 4201
5521 4 2 1 1 3406 2740 3647 4083
5522 4 2 1 1 2382 3301 3193 3677
5523 4 2 1 1 2719 3805 3319 3915
5524 4 2 1 1 2717 3807 3320 2608
5525 4 2 1 1 2718 3806 3321 3914
5526 4 2 1 1 1893 2816 1878 3921
5527 4 2 1 1 561 563 619 2731
5528 4 2 1 1 2953 3454 3427 4113
5529 4 2 1 1 2951 3452 3429 4112
5530 4 2 1 1 2952 3453 3428 4111
5531 4 2 1 1 2171 2281 3050 2111
5532 4 2 1 1 1902 1904 2497 3365
5533 4 2 1 1 937 2988 916 3417
5534 4 2 1 1 884 2559 3643 924
5535 4 2 1 1 598 2615 584 3826
5536 4 2 1 1 2268 3083 2837 3673
5537 4 2 1 1 3884 4498 1140 51
5538 4 2 1 1 2257 2410 3037 3414
5539 4 2 1 1 2256 2411 3036 3415
5540 4 2 1 1 2258 2412 3038 3416
5541 4 2 1 1 2215 2833 2678 3590
5542 4 2 1 1 1472 1473 1471 3459
5543 4 2 1 1 232 233 231 3460
5544 4 2 1 1 851 852 853 3458
5545 4 2 1 1 2223 2614 3251 3877
5546 4 2 1 1 2502 3299 2661 4236
5547 4 2 1 1 2500 3300 2662 2136
5548 4 2 1 1 1422 3184 2620 3789
5549 4 2 1 1 3064 3466 3282 4052
5550 4 2 1 1 2781 3465 3281 4053
5551 4 2 1 1 2577 2076 3489 3937
5552 4 2 1 1 1295 2633 1292 3381
5553 4 2 1 1 4496 20 21 467
5554 4 2 1 1 3413 3847 3739 2644
5555 4 2 1 1 2476 2803 2315 3530
5556 4 2 1 1 1499 1508 1498 2739
5557 4 2 1 1 888 878 879 2740
5558 4 2 1 1 259 268 258 2738
5559 4 2 1 1 1504 2560 3633 1544
5560 4 2 1 1 2169 3052 2550 3213
5561 4 2 1 1 2171 3050 2549 3211
5562 4 2 1 1 3341 1738 4211 1684
5563 4 2 1 1 2469 2174 3101 3513
5564 4 2 1 1 4504 195 196 1139
5565 4 2 1 1 3616 2861 3538 2267
5566 4 2 1 1 3137 3275 2233 3483
5567 4 2 1 1 304 2554 409 3636
5568 4 2 1 1 2262 3582 4147 2593
5569 4 2 1 1 2283 3490 3240 4023
5570 4 2 1 1 1773 2861 2047 3645
5571 4 2 1 1 2570 2141 3331 3337
5572 4 2 1 1 506 323 2935 3875
5573 4 2 1 1 2282 3107 2692 3421
5574 4 2 1 1 2912 3810 2887 4248
5575 4 2 1 1 2231 3292 2530 3345
5576 4 2 1 1 2994 3720 2180 4079
5577 4 2 1 1 3143 3280 2554 4207
5578 4 2 1 1 2231 2932 3136 3662
5579 4 2 1 1 2461 3485 2759 3593
5580 4 2 1 1 2759 3485 2407 3593
5581 4 2 1 1 1140 2644 4498 3884
5582 4 2 1 1 802 761 715 3703
5583 4 2 1 1 1594 1592 2502 3581
5584 4 2 1 1 354 3582 4200 2501
5585 4 2 1 1 972 2500 974 3580
5586 4 2 1 1 2314 3448 3369 4212
5587 4 2 1 1 2205 2615 3147 3328
5588 4 2 1 1 805 794 518 3149
5589 4 2 1 1 2535 3048 2833 3654
5590 4 2 1 1 2386 2787 3942 4131
5591 4 2 1 1 2847 2436 3781 3929
5592 4 2 1 1 2846 2435 2139 3928
5593 4 2 1 1 2434 2141 2848 3927
5594 4 2 1 1 2301 3692 2842 2342
5595 4 2 1 1 2647 2449 3183 3410
5596 4 2 1 1 4503 115 116 519
5597 4 2 1 1 2071 2574 4093 4117
5598 4 2 1 1 1951 1978 3685 3731
5599 4 2 1 1 2090 3990 2939 4237
5600 4 2 1 1 2339 2973 2867 3613
5601 4 2 1 1 1586 1541 1564 3248
5602 4 2 1 1 346 301 324 3249
5603 4 2 1 1 966 921 944 3250
5604 4 2 1 1 2513 2229 3457 2585
5605 4 2 1 1 709 2909 604 3502
5606 4 2 1 1 3406 3647 2740 2216
5607 4 2 1 1 2108 3288 2463 4031
5608 4 2 1 1 2357 2987 3288 3466
5609 4 2 1 1 2625 2771 2340 3431
5610 4 2 1 1 922 2538 910 4139
5611 4 2 1 1 302 2536 290 4140
5612 4 2 1 1 4006 4141 1530 1542
5613 4 2 1 1 4133 386 310 2965
5614 4 2 1 1 4132 1626 1550 2964
5615 4 2 1 1 4134 1006 930 2966
5616 4 2 1 1 3393 3075 2175 4374
5617 4 2 1 1 4405 4498 1140 3340
5618 4 2 1 1 2092 2941 2439 3270
5619 4 2 1 1 2093 2942 2438 3269
5620 4 2 1 1 2094 2940 2440 3271
5621 4 2 1 1 2492 2241 2813 4066
5622 4 2 1 1 2418 2969 2324 4050
5623 4 2 1 1 2127 2516 2971 4321
5624 4 2 1 1 2346 2595 2126 4197
5625 4 2 1 1 4498 2644 1140 3340
5626 4 2 1 1 3817 3446 4147 348
5627 4 2 1 1 3818 3447 4146 1588
5628 4 2 1 1 3816 3445 4145 968
5629 4 2 1 1 4530 213 4327 4423
5630 4 2 1 1 751 4424 4510 4328
5631 4 2 1 1 1371 4425 4509 4329
5632 4 2 1 1 3075 3911 2587 3753
5633 4 2 1 1 3407 2739 3646 4085
5634 4 2 1 1 2109 3102 2762 3678
5635 4 2 1 1 2062 2707 3421 3586
5636 4 2 1 1 2391 2765 3560 3675
5637 4 2 1 1 3886 844 4433 1060
5638 4 2 1 1 3407 3646 2739 2217
5639 4 2 1 1 2544 3634 3062 3657
5640 4 2 1 1 3036 3055 2147 4300
5641 4 2 1 1 3037 3053 2148 4301
5642 4 2 1 1 3038 3054 2146 4302
5643 4 2 1 1 2277 3061 2760 2283
5644 4 2 1 1 1563 2748 1746 3886
5645 4 2 1 1 2587 3011 2214 3393
5646 4 2 1 1 3161 3308 2836 2224
5647 4 2 1 1 2117 3614 2665 3809
5648 4 2 1 1 3993 2689 3408 402
5649 4 2 1 1 3995 2691 3406 1022
5650 4 2 1 1 3994 2690 3407 1642
5651 4 2 1 1 2127 2869 2298 2433
5652 4 2 1 1 2229 3378 2652 3830
5653 4 2 1 1 2267 2604 3645 4375
5654 4 2 1 1 579 2831 3366 3835
5655 4 2 1 1 2387 2566 2188 3467
5656 4 2 1 1 2074 3155 3515 4092
5657 4 2 1 1 1791 1792 3301 2734
5658 4 2 1 1 518 99 100 4523
5659 4 2 1 1 3681 3852 2140 3781
5660 4 2 1 1 2238 3105 2938 3295
5661 4 2 1 1 1792 2512 1945 3683
5662 4 2 1 1 4497 163 164 1761
5663 4 2 1 1 2348 2666 3630 4338
5664 4 2 1 1 215 4486 4409 2748
5665 4 2 1 1 2272 2441 3432 3528
5666 4 2 1 1 2480 3127 2971 4164
5667 4 2 1 1 2174 3263 2858 3318
5668 4 2 1 1 2694 2912 2230 3631
5669 4 2 1 1 2792 2414 3644 3848
5670 4 2 1 1 4406 4497 164 1761
5671 4 2 1 1 441 13 12 4489
5672 4 2 1 1 1498 3407 2739 3597
5673 4 2 1 1 878 3406 2740 3596
5674 4 2 1 1 258 3408 2738 3598
5675 4 2 1 1 2084 3005 2818 3392
5676 4 2 1 1 2285 3794 2890 2484
5677 4 2 1 1 2611 3185 2157 4003
5678 4 2 1 1 1542 4141 1634 3188
5679 4 2 1 1 302 4140 394 3187
5680 4 2 1 1 922 4139 1014 3189
5681 4 2 1 1 2043 4530 1991 3229
5682 4 2 1 1 4424 803 751 526
5683 4 2 1 1 4425 1423 1371 1146
5684 4 2 1 1 1539 1537 1567 2899
5685 4 2 1 1 2127 2971 2398 4164
5686 4 2 1 1 4481 61 60 463
5687 4 2 1 1 2477 2498 2314 3346
5688 4 2 1 1 2076 3072 3489 2584
5689 4 2 1 1 2673 2300 2575 2072
5690 4 2 1 1 2250 3204 2747 3830
5691 4 2 1 1 1061 141 140 4494
5692 4 2 1 1 2650 2927 2161 4073
5693 4 2 1 1 2226 3277 3016 3673
5694 4 2 1 1 1295 3381 1415 3496
5695 4 2 1 1 917 947 919 2897
5696 4 2 1 1 305 2553 3212 4101
5697 4 2 1 1 1545 2551 3211 4100
5698 4 2 1 1 2552 3213 925 2523
5699 4 2 1 1 2495 3492 3034 4310
5700 4 2 1 1 2383 2480 4130 3351
5701 4 2 1 1 1927 2048 2698 4029
5702 4 2 1 1 2335 2930 2696 2119
5703 4 2 1 1 3203 3485 4257 4160
5704 4 2 1 1 1839 2662 1864 3579
5705 4 2 1 1 599 2661 624 3578
5706 4 2 1 1 2621 2248 2923 3660
5707 4 2 1 1 3527 3927 2848 3991
5708 4 2 1 1 1186 3866 3496 4022
5709 4 2 1 1 2920 3942 2787 4131
5710 4 2 1 1 673 3180 2465 664
5711 4 2 1 1 3408 2738 3648 4084
5712 4 2 1 1 1299 2527 3197 3946
5713 4 2 1 1 2079 2596 2832 3029
5714 4 2 1 1 2247 2512 3239 3535
5715 4 2 1 1 3073 3017 2225 2838
5716 4 2 1 1 2229 2913 2747 3517
5717 4 2 1 1 163 4497 3865 1761
5718 4 2 1 1 2362 3032 3332 3335
5719 4 2 1 1 2063 3383 3443 2585
5720 4 2 1 1 3690 3329 2833 2087
5721 4 2 1 1 2143 3001 2771 3847
5722 4 2 1 1 2142 2617 2416 3495
5723 4 2 1 1 2871 1312 3541 1201
5724 4 2 1 1 2349 2526 3563 4105
5725 4 2 1 1 359 2778 3289 4089
5726 4 2 1 1 3714 3310 3810 2769
5727 4 2 1 1 2543 3639 3063 2207
5728 4 2 1 1 1761 2638 4497 3865
5729 4 2 1 1 4406 4497 1761 3342
5730 4 2 1 1 2280 2721 3882 4025
5731 4 2 1 1 2448 3056 2893 4037
5732 4 2 1 1 2348 3161 2666 4338
5733 4 2 1 1 2840 3467 2387 3694
5734 4 2 1 1 2067 3550 2547 3619
5735 4 2 1 1 1185 1344 2931 1353
5736 4 2 1 1 2578 2769 2078 3353
5737 4 2 1 1 2574 3631 2912 4078
5738 4 2 1 1 3554 4130 3849 2106
5739 4 2 1 1 2761 2063 2368 2674
5740 4 2 1 1 2549 2873 2441 4209
5741 4 2 1 1 3348 2269 3876 3017
5742 4 2 1 1 201 33 32 4439
5743 4 2 1 1 4438 177 176 1133
5744 4 2 1 1 2236 2765 3373 4172
5745 4 2 1 1 2570 3331 2141 2985
5746 4 2 1 1 1340 2724 3153 4201
5747 4 2 1 1 4497 2638 1761 3342
5748 4 2 1 1 2477 2498 2308 3771
5749 4 2 1 1 2871 2311 3076 3541
5750 4 2 1 1 3104 2059 2764 1885
5751 4 2 1 1 2183 3533 2490 2402
5752 4 2 1 1 4400 1065 4496 3287
5753 4 2 1 1 3408 3648 2738 2218
5754 4 2 1 1 2255 3442 2960 3857
5755 4 2 1 1 1363 1432 2896 3531
5756 4 2 1 1 2476 2235 3220 3789
5757 4 2 1 1 2420 2089 3235 3431
5758 4 2 1 1 2301 2671 3191 3603
5759 4 2 1 1 2302 2672 3190 3604
5760 4 2 1 1 2300 2673 3192 3605
5761 4 2 1 1 2123 3339 2894 3922
5762 4 2 1 1 2184 3532 2488 2401
5763 4 2 1 1 3099 4395 3333 2066
5764 4 2 1 1 2093 3036 2518 3756
5765 4 2 1 1 2092 3037 2517 3757
5766 4 2 1 1 2094 3038 2519 3755
5767 4 2 1 1 2270 3601 2588 3845
5768 4 2 1 1 2419 3265 2974 3411
5769 4 2 1 1 2225 3279 3017 3693
5770 4 2 1 1 2156 4054 2859 4177
5771 4 2 1 1 2791 3085 2393 3943
5772 4 2 1 1 2113 3239 3696 2408
5773 4 2 1 1 3120 4273 2168 2664
5774 4 2 1 1 2157 2729 4003 2321
5775 4 2 1 1 2550 3527 2848 3991
5776 4 2 1 1 4035 2874 2136 3717
5777 4 2 1 1 2594 2875 2138 3718
5778 4 2 1 1 2567 2320 3295 2465
5779 4 2 1 1 3866 4227 2432 2765
5780 4 2 1 1 2567 2320 3105 3295
5781 4 2 1 1 2187 2594 2887 4034
5782 4 2 1 1 2186 2593 2886 4033
5783 4 2 1 1 2185 2592 2888 4035
5784 4 2 1 1 2494 3316 546 3638
5785 4 2 1 1 4437 81 80 513
5786 4 2 1 1 3504 2480 4130 3127
5787 4 2 1 1 1916 2997 2611 3185
5788 4 2 1 1 65 202 64 4429
5789 4 2 1 1 2001 2604 1767 3645
5790 4 2 1 1 2986 3237 2323 4020
5791 4 2 1 1 3737 2614 3877 2153
5792 4 2 1 1 2484 2158 3060 3547
5793 4 2 1 1 2485 2159 3058 3545
5794 4 2 1 1 2486 2160 3059 3546
5795 4 2 1 1 2932 3332 2624 3345
5796 4 2 1 1 2817 3402 2599 3833
5797 4 2 1 1 2138 3132 2769 4322
5798 4 2 1 1 4209 2443 2873 2095
5799 4 2 1 1 3298 2288 3583 4337
5800 4 2 1 1 2600 3304 3279 3573
5801 4 2 1 1 3660 3704 2621 2248
5802 4 2 1 1 2520 3076 2162 4227
5803 4 2 1 1 2825 4000 698 3479
5804 4 2 1 1 606 627 730 3742
5805 4 2 1 1 2986 3678 2109 4129
5806 4 2 1 1 2479 3397 2678 3590
5807 4 2 1 1 1955 2686 1848 3461
5808 4 2 1 1 698 4000 2825 695
5809 4 2 1 1 2219 3199 3708 2807
5810 4 2 1 1 2671 3323 2574 4117
5811 4 2 1 1 2316 3522 3273 4001
5812 4 2 1 1 3998 2822 1938 1935
5813 4 2 1 1 224 4432 2878 3926
5814 4 2 1 1 78 826 1123 4155
5815 4 2 1 1 1903 2775 2019 3365
5816 4 2 1 1 2210 3325 3560 4314
5817 4 2 1 1 3409 3142 2736 2526
5818 4 2 1 1 1216 3067 2926 3759
5819 4 2 1 1 550 548 2979 3316
5820 4 2 1 1 2315 2812 2646 3562
5821 4 2 1 1 1247 1350 1226 3741
5822 4 2 1 1 3969 2759 3506 2126
5823 4 2 1 1 4162 1425 2758 1310
5824 4 2 1 1 3781 3175 2140 3681
5825 4 2 1 1 1084 3390 2756 3417
5826 4 2 1 1 3866 3541 3496 2432
5827 4 2 1 1 2172 3023 2621 3537
5828 4 2 1 1 2685 3230 2850 3727
5829 4 2 1 1 3669 3673 3083 2423
5830 4 2 1 1 2236 3244 3171 3097
5831 4 2 1 1 1846 1867 1964 3738
5832 4 2 1 1 3554 4130 2106 3218
5833 4 2 1 1 2235 3209 2620 3789
5834 4 2 1 1 2124 2812 2646 4346
5835 4 2 1 1 2239 3141 2794 2143
5836 4 2 1 1 3183 1830 1818 3461
5837 4 2 1 1 371 3093 374 3296
5838 4 2 1 1 321 3260 2882 3993
5839 4 2 1 1 1561 3259 2881 3994
5840 4 2 1 1 941 3258 2880 3995
5841 4 2 1 1 2237 2858 3318 4352
5842 4 2 1 1 2858 2331 3762 3349
5843 4 2 1 1 2094 2519 3038 3420
5844 4 2 1 1 2093 2518 3036 3419
5845 4 2 1 1 2092 2517 3037 3418
5846 4 2 1 1 2961 3617 2276 4204
5847 4 2 1 1 4161 3062 2687 4011
5848 4 2 1 1 4400 1065 21 4496
5849 4 2 1 1 1365 2836 1156 3575
5850 4 2 1 1 1299 3760 2527 3946
5851 4 2 1 1 2747 3204 2573 3830
5852 4 2 1 1 2189 2786 3352 3808
5853 4 2 1 1 3330 3493 2575 2398
5854 4 2 1 1 2683 3222 2849 3728
5855 4 2 1 1 2123 2782 3710 2623
5856 4 2 1 1 2745 1405 3615 4172
5857 4 2 1 1 2745 3112 2236 3171
5858 4 2 1 1 3504 4130 4060 3127
5859 4 2 1 1 3554 4130 3218 2817
5860 4 2 1 1 2312 2812 2568 3440
5861 4 2 1 1 2269 2640 3215 3268
5862 4 2 1 1 1609 3669 2423 3968
5863 4 2 1 1 309 253 3167 3766
5864 4 2 1 1 1549 1493 3166 3764
5865 4 2 1 1 929 873 3168 3765
5866 4 2 1 1 203 17 16 4410
5867 4 2 1 1 3147 3328 2615 4165
5868 4 2 1 1 3240 3490 2283 3709
5869 4 2 1 1 4411 144 145 823
5870 4 2 1 1 2386 3176 2787 4131
5871 4 2 1 1 2425 3553 3136 3662
5872 4 2 1 1 2178 3493 3200 4214
5873 4 2 1 1 727 3350 2737 3549
5874 4 2 1 1 1900 3774 2820 4159
5875 4 2 1 1 1861 3370 1881 4063
5876 4 2 1 1 1065 20 21 4496
5877 4 2 1 1 4496 1065 20 830
5878 4 2 1 1 1065 830 4496 3287
5879 4 2 1 1 1383 4091 4495 4200
5880 4 2 1 1 598 3148 2615 3826
5881 4 2 1 1 1263 3238 1265 3768
5882 4 2 1 1 2212 2602 2895 4043
5883 4 2 1 1 3404 2397 3201 4081
5884 4 2 1 1 2099 2722 3110 2342
5885 4 2 1 1 4495 4200 47 1383
5886 4 2 1 1 2226 3016 2837 3673
5887 4 2 1 1 4167 3063 2688 4012
5888 4 2 1 1 2068 2509 3609 4350
5889 4 2 1 1 1296 1386 2633 3197
5890 4 2 1 1 4494 141 140 1703
5891 4 2 1 1 1258 1356 3067 3656
5892 4 2 1 1 4494 1452 141 1703
5893 4 2 1 1 2466 2805 2803 4069
5894 4 2 1 1 2815 3405 2598 3702
5895 4 2 1 1 2196 2503 3260 2689
5896 4 2 1 1 2195 2504 3259 2690
5897 4 2 1 1 2194 2505 3258 2691
5898 4 2 1 1 2386 3012 2787 3176
5899 4 2 1 1 2613 2408 3362 4278
5900 4 2 1 1 2299 3164 2954 3729
5901 4 2 1 1 1288 3244 2772 3615
5902 4 2 1 1 2453 2249 3367 3433
5903 4 2 1 1 1888 3616 2654 3761
5904 4 2 1 1 2406 2513 4018 3457
5905 4 2 1 1 2278 3176 2757 3223
5906 4 2 1 1 3585 3276 2171 2692
5907 4 2 1 1 4494 4407 1703 140
5908 4 2 1 1 1949 3301 3084 3425
5909 4 2 1 1 1849 3397 3706 4252
5910 4 2 1 1 3101 3318 2469 4163
5911 4 2 1 1 2503 2636 2882 3625
5912 4 2 1 1 2278 3470 4258 3743
5913 4 2 1 1 3220 3789 2235 4107
5914 4 2 1 1 2926 3656 4240 3067
5915 4 2 1 1 2288 2618 3583 3931
5916 4 2 1 1 2495 2911 3492 4310
5917 4 2 1 1 2413 2568 3440 4004
5918 4 2 1 1 672 2602 3482 670
5919 4 2 1 1 3275 3609 2388 4350
5920 4 2 1 1 2368 2063 2761 2463
5921 4 2 1 1 2223 3251 2790 3877
5922 4 2 1 1 503 30 206 4156
5923 4 2 1 1 3389 2285 2864 3182
5924 4 2 1 1 1843 1964 2919 3130
5925 4 2 1 1 653 4555 3481 810
5926 4 2 1 1 1091 4470 2916 824
5927 4 2 1 1 4462 471 2917 378
5928 4 2 1 1 1711 1734 1618 2918
5929 4 2 1 1 2852 3065 2301 3603
5930 4 2 1 1 2249 2842 2609 3692
5931 4 2 1 1 3112 3171 2745 2153
5932 4 2 1 1 2224 2836 3093 3308
5933 4 2 1 1 1223 1350 2921 3129
5934 4 2 1 1 2695 3241 1360 3434
5935 4 2 1 1 3998 1938 2822 3478
5936 4 2 1 1 2277 2830 2511 3293
5937 4 2 1 1 249 248 256 3092
5938 4 2 1 1 1496 1489 1488 3090
5939 4 2 1 1 876 869 868 3091
5940 4 2 1 1 2285 2890 3164 2484
5941 4 2 1 1 603 730 2922 3128
5942 4 2 1 1 2793 3426 3180 4219
5943 4 2 1 1 3877 3251 2153 2614
5944 4 2 1 1 2137 2556 4254 3133
5945 4 2 1 1 3616 2861 2267 3645
5946 4 2 1 1 601 3049 594 3671
5947 4 2 1 1 2524 2170 3214 4099
5948 4 2 1 1 3364 4314 3607 2569
5949 4 2 1 1 2570 2141 3337 3665
5950 4 2 1 1 3978 3347 3770 2359
5951 4 2 1 1 382 3120 3842 3028
5952 4 2 1 1 4323 4315 3803 2487
5953 4 2 1 1 2077 2898 2770 3918
5954 4 2 1 1 570 571 565 2930
5955 4 2 1 1 2234 2668 2467 3961
5956 4 2 1 1 1945 2512 1792 2734
5957 4 2 1 1 3707 3804 2463 4031
5958 4 2 1 1 2206 3298 2586 4337
5959 4 2 1 1 3050 2281 2326 2111
5960 4 2 1 1 2781 3162 2986 4053
5961 4 2 1 1 2780 3163 2987 4052
5962 4 2 1 1 2253 2728 3444 3740
5963 4 2 1 1 2468 2851 3721 2745
5964 4 2 1 1 153 154 1056 4536
5965 4 2 1 1 121 122 4522 772
5966 4 2 1 1 2129 3324 3190 3807
5967 4 2 1 1 2130 3323 3191 3806
5968 4 2 1 1 2131 2300 3192 3805
5969 4 2 1 1 2807 3199 2474 3690
5970 4 2 1 1 3803 4315 4323 2679
5971 4 2 1 1 3180 781 3482 669
5972 4 2 1 1 4540 836 4407 2756
5973 4 2 1 1 2167 2459 3511 2679
5974 4 2 1 1 2281 2563 2974 3823
5975 4 2 1 1 4009 2117 2208 2444
5976 4 2 1 1 3468 684 809 2561
5977 4 2 1 1 3146 3254 2373 3642
5978 4 2 1 1 2973 3541 1187 3866
5979 4 2 1 1 2132 2715 3666 4333
5980 4 2 1 1 809 684 3468 811
5981 4 2 1 1 705 2534 702 3539
5982 4 2 1 1 2572 2787 2211 4379
5983 4 2 1 1 2142 2684 3543 4076
5984 4 2 1 1 3145 3253 2372 3641
5985 4 2 1 1 4390 2170 2548 3051
5986 4 2 1 1 3584 4109 3173 4157
5987 4 2 1 1 1296 3496 1201 2871
5988 4 2 1 1 385 3568 2743 4133
5989 4 2 1 1 1625 3567 2742 4132
5990 4 2 1 1 1005 3569 2744 4134
5991 4 2 1 1 2278 4258 3470 2619
5992 4 2 1 1 4551 809 528 756
5993 4 2 1 1 552 555 553 3273
5994 4 2 1 1 2211 4162 2990 4332
5995 4 2 1 1 1813 1821 1812 3933
5996 4 2 1 1 2296 2565 3010 2499
5997 4 2 1 1 2280 2570 3337 3665
5998 4 2 1 1 4494 4407 3390 1703
5999 4 2 1 1 2579 4212 2894 4271
6000 4 2 1 1 2832 3802 2649 4023
6001 4 2 1 1 905 1039 3765 4365
6002 4 2 1 1 1659 3764 1525 4366
6003 4 2 1 1 419 3766 285 4367
6004 4 2 1 1 2250 2843 2608 3620
6005 4 2 1 1 2341 4080 3061 4391
6006 4 2 1 1 1881 1862 1861 4063
6007 4 2 1 1 3191 3323 2301 3806
6008 4 2 1 1 4535 42 41 436
6009 4 2 1 1 3190 3324 2302 3807
6010 4 2 1 1 3188 3195 2537 4141
6011 4 2 1 1 3187 3196 2536 4140
6012 4 2 1 1 3189 3194 2538 4139
6013 4 2 1 1 2167 3169 2495 3627
6014 4 2 1 1 2211 3245 4095 4379
6015 4 2 1 1 3690 3329 2087 3199
6016 4 2 1 1 3690 3329 3199 2474
6017 4 2 1 1 2132 2970 3252 3705
6018 4 2 1 1 1239 1181 1183 3231
6019 4 2 1 1 2537 2634 3087 3852
6020 4 2 1 1 208 484 495 4119
6021 4 2 1 1 2063 2291 2674 2761
6022 4 2 1 1 2495 2167 3627 4323
6023 4 2 1 1 458 506 440 3926
6024 4 2 1 1 2386 3577 3176 4131
6025 4 2 1 1 2220 3806 3195 3941
6026 4 2 1 1 2222 3805 3194 3939
6027 4 2 1 1 2221 3807 3196 3940
6028 4 2 1 1 218 2604 501 3645
6029 4 2 1 1 2115 3006 3576 3674
6030 4 2 1 1 1210 3264 1188 4293
6031 4 2 1 1 1848 2686 1958 3370
6032 4 2 1 1 2106 3849 3267 4130
6033 4 2 1 1 3468 528 809 811
6034 4 2 1 1 2539 3055 2964 4132
6035 4 2 1 1 2540 3053 2965 4133
6036 4 2 1 1 2541 3054 2966 4134
6037 4 2 1 1 2286 3796 2891 4161
6038 4 2 1 1 2290 3008 2596 4142
6039 4 2 1 1 1703 4494 1452 3390
6040 4 2 1 1 850 2450 3458 3508
6041 4 2 1 1 230 2451 3460 3510
6042 4 2 1 1 1470 2452 3459 3509
6043 4 2 1 1 337 2797 3449 4327
6044 4 2 1 1 1577 2798 3451 4329
6045 4 2 1 1 2799 3450 957 4328
6046 4 2 1 1 884 2559 924 1029
6047 4 2 1 1 2546 3697 3208 2370
6048 4 2 1 1 213 4423 2643 4327
6049 4 2 1 1 4424 803 526 2642
6050 4 2 1 1 4425 1423 1146 2641
6051 4 2 1 1 2140 4021 3912 2974
6052 4 2 1 1 2898 3870 2770 3918
6053 4 2 1 1 2335 2769 2661 4236
6054 4 2 1 1 722 3049 628 4225
6055 4 2 1 1 2770 4065 3131 2136
6056 4 2 1 1 2362 2825 2601 3881
6057 4 2 1 1 2278 2757 2561 3743
6058 4 2 1 1 1088 965 1078 3926
6059 4 2 1 1 1381 2620 1147 3637
6060 4 2 1 1 1427 3475 1269 3637
6061 4 2 1 1 1104 1115 828 4182
6062 4 2 1 1 2177 2543 3063 3151
6063 4 2 1 1 2418 2779 2692 2190
6064 4 2 1 1 2363 2822 2600 3879
6065 4 2 1 1 2654 3616 2604 3761
6066 4 2 1 1 2124 2646 3629 4346
6067 4 2 1 1 2175 2587 3393 4376
6068 4 2 1 1 1504 2560 1544 1649
6069 4 2 1 1 2039 7 104 2896
6070 4 2 1 1 200 1419 7 2896
6071 4 2 1 1 4240 3867 3067 3656
6072 4 2 1 1 2205 3481 2698 4308
6073 4 2 1 1 2114 2534 2984 2246
6074 4 2 1 1 2176 2544 3062 3150
6075 4 2 1 1 2287 3795 2889 4167
6076 4 2 1 1 4028 3466 3100 2357
6077 4 2 1 1 3404 3553 2482 4081
6078 4 2 1 1 1982 2032 1920 2561
6079 4 2 1 1 2079 3802 2832 4023
6080 4 2 1 1 2148 2506 3037 3040
6081 4 2 1 1 2147 2507 3036 3039
6082 4 2 1 1 3976 3038 2146 3041
6083 4 2 1 1 3716 4065 2770 2136
6084 4 2 1 1 2200 2661 2769 3714
6085 4 2 1 1 1432 4443 1368 1151
6086 4 2 1 1 2443 2993 3175 3213
6087 4 2 1 1 2700 2329 4087 4231
6088 4 2 1 1 2707 3214 2417 3471
6089 4 2 1 1 3223 3436 2787 2088
6090 4 2 1 1 2595 2346 3692 4064
6091 4 2 1 1 3823 4026 2852 2722
6092 4 2 1 1 2896 104 2024 4444
6093 4 2 1 1 2066 4075 2565 4312
6094 4 2 1 1 2542 3152 2919 2133
6095 4 2 1 1 3377 2390 4213 3936
6096 4 2 1 1 2075 3824 4320 4392
6097 4 2 1 1 4240 3067 3867 2510
6098 4 2 1 1 4106 4008 2829 3031
6099 4 2 1 1 1176 1180 1181 3231
6100 4 2 1 1 3143 2554 2182 4207
6101 4 2 1 1 1654 1506 1647 3399
6102 4 2 1 1 3345 2078 3841 2624
6103 4 2 1 1 621 602 4171 4294
6104 4 2 1 1 2836 1157 3340 1148
6105 4 2 1 1 1156 3161 1158 3575
6106 4 2 1 1 2348 3161 2754 4288
6107 4 2 1 1 1357 3220 2476 3530
6108 4 2 1 1 2251 3330 2575 2398
6109 4 2 1 1 689 769 2835 3012
6110 4 2 1 1 4087 3945 2813 2241
6111 4 2 1 1 84 83 828 4493
6112 4 2 1 1 2266 2857 2727 3555
6113 4 2 1 1 2265 2855 2726 3556
6114 4 2 1 1 2264 2856 2725 3557
6115 4 2 1 1 922 1014 4139 923
6116 4 2 1 1 1542 1634 4141 1543
6117 4 2 1 1 302 394 4140 303
6118 4 2 1 1 2100 2473 3108 3375
6119 4 2 1 1 2099 2473 3110 3374
6120 4 2 1 1 2098 2473 3109 3376
6121 4 2 1 1 2419 3374 2344 3746
6122 4 2 1 1 2805 3584 2315 4109
6123 4 2 1 1 2292 2687 3371 2515
6124 4 2 1 1 2206 3371 2687 2515
6125 4 2 1 1 1805 1811 4098 1810
6126 4 2 1 1 2563 2281 2873 3735
6127 4 2 1 1 4376 3011 2587 3393
6128 4 2 1 1 2065 2214 3035 3911
6129 4 2 1 1 1431 1432 1306 3531
6130 4 2 1 1 4493 3700 83 828
6131 4 2 1 1 1449 1724 1735 4181
6132 4 2 1 1 3106 2782 4306 2328
6133 4 2 1 1 2215 3002 2816 3989
6134 4 2 1 1 3611 3888 2492 4369
6135 4 2 1 1 1342 3153 2724 3498
6136 4 2 1 1 2108 2463 3305 4031
6137 4 2 1 1 866 871 870 3168
6138 4 2 1 1 4309 1486 2885 1490
6139 4 2 1 1 251 250 246 3167
6140 4 2 1 1 2543 3151 2921 2134
6141 4 2 1 1 2166 3316 2892 3601
6142 4 2 1 1 2414 3682 3644 4330
6143 4 2 1 1 3610 3892 2493 4370
6144 4 2 1 1 1150 4547 2619 3470
6145 4 2 1 1 4427 1592 4144 1712
6146 4 2 1 1 827 4426 4485 158
6147 4 2 1 1 1937 3865 2454 3998
6148 4 2 1 1 2667 3184 1141 4107
6149 4 2 1 1 4403 205 2702 3507
6150 4 2 1 1 3479 3863 697 2918
6151 4 2 1 1 2019 1940 2025 3950
6152 4 2 1 1 606 3361 2438 4378
6153 4 2 1 1 781 3482 669 671
6154 4 2 1 1 2192 3242 2749 2503
6155 4 2 1 1 1622 2660 2958 1513
6156 4 2 1 1 2086 2514 3516 4362
6157 4 2 1 1 2073 4002 3931 4160
6158 4 2 1 1 220 4499 2836 4544
6159 4 2 1 1 1077 2702 3813 3927
6160 4 2 1 1 2703 3814 457 3928
6161 4 2 1 1 2704 3815 1697 3929
6162 4 2 1 1 3180 3482 2793 4019
6163 4 2 1 1 262 256 272 4393
6164 4 2 1 1 2976 3014 2401 3676
6165 4 2 1 1 2596 2832 2649 4023
6166 4 2 1 1 3866 3496 3541 1192
6167 4 2 1 1 1156 1365 1155 2836
6168 4 2 1 1 4476 3774 3082 516
6169 4 2 1 1 274 428 3143 4024
6170 4 2 1 1 981 2701 982 980
6171 4 2 1 1 1885 3104 1883 3722
6172 4 2 1 1 2544 3150 2922 2135
6173 4 2 1 1 1002 2663 2956 893
6174 4 2 1 1 2590 2213 3115 3809
6175 4 2 1 1 1601 2700 1602 1600
6176 4 2 1 1 3146 3254 2184 3551
6177 4 2 1 1 2781 2986 3465 4053
6178 4 2 1 1 2780 2987 3466 4052
6179 4 2 1 1 2367 3122 2529 3730
6180 4 2 1 1 2601 3277 541 4245
6181 4 2 1 1 2405 4246 2936 4253
6182 4 2 1 1 4493 3186 828 84
6183 4 2 1 1 2397 3044 2730 4239
6184 4 2 1 1 1839 1851 1864 2662
6185 4 2 1 1 611 624 599 2661
6186 4 2 1 1 3498 3618 1328 3711
6187 4 2 1 1 2487 3627 1940 3950
6188 4 2 1 1 3992 3067 2758 1258
6189 4 2 1 1 2090 2423 3209 3673
6190 4 2 1 1 593 3117 599 3578
6191 4 2 1 1 1839 1833 3116 3579
6192 4 2 1 1 2977 3015 2402 3679
6193 4 2 1 1 2181 3492 3034 4323
6194 4 2 1 1 1224 2589 1179 3675
6195 4 2 1 1 3331 3213 2550 3744
6196 4 2 1 1 3145 3253 2183 3554
6197 4 2 1 1 30 31 4465 340
6198 4 2 1 1 2301 3603 3191 3806
6199 4 2 1 1 2302 3604 3190 3807
6200 4 2 1 1 2300 3605 3192 3805
6201 4 2 1 1 2080 2766 3511 3972
6202 4 2 1 1 458 2878 3875 3926
6203 4 2 1 1 3958 4481 463 212
6204 4 2 1 1 1891 2705 3177 4063
6205 4 2 1 1 3297 4020 3684 4064
6206 4 2 1 1 2262 3582 2903 4147
6207 4 2 1 1 2157 3185 2997 3933
6208 4 2 1 1 2091 2526 2773 3304
6209 4 2 1 1 2417 3109 2343 3376
6210 4 2 1 1 2419 3110 2344 3374
6211 4 2 1 1 2385 3018 2562 3779
6212 4 2 1 1 4533 523 4442 2820
6213 4 2 1 1 4087 2813 3945 3292
6214 4 2 1 1 2200 3479 2455 2682
6215 4 2 1 1 761 2622 527 3612
6216 4 2 1 1 2198 3478 2454 2681
6217 4 2 1 1 3872 3274 3595 4027
6218 4 2 1 1 2424 1933 3121 4175
6219 4 2 1 1 4501 535 4549 2837
6220 4 2 1 1 2929 3216 2813 3553
6221 4 2 1 1 2265 2607 2135 4195
6222 4 2 1 1 2264 2606 2134 4194
6223 4 2 1 1 1194 1203 3541 3759
6224 4 2 1 1 2266 2605 2133 4196
6225 4 2 1 1 2284 2623 3366 3710
6226 4 2 1 1 2686 3736 2839 4046
6227 4 2 1 1 4082 4285 665 3030
6228 4 2 1 1 1862 1842 1861 2496
6229 4 2 1 1 2172 3317 3537 3819
6230 4 2 1 1 4543 500 2839 4439
6231 4 2 1 1 840 4500 2838 4545
6232 4 2 1 1 280 3408 3598 2689
6233 4 2 1 1 1520 3407 3597 2690
6234 4 2 1 1 900 3406 3596 2691
6235 4 2 1 1 1818 3461 1842 2496
6236 4 2 1 1 2451 3424 2593 3460
6237 4 2 1 1 2452 3423 2594 3459
6238 4 2 1 1 2450 3422 2592 3458
6239 4 2 1 1 492 2826 3287 4342
6240 4 2 1 1 60 215 59 4409
6241 4 2 1 1 216 12 11 4408
6242 4 2 1 1 1405 1399 1320 2745
6243 4 2 1 1 3195 3806 2718 3941
6244 4 2 1 1 3194 3805 2719 3939
6245 4 2 1 1 3196 3807 2717 3940
6246 4 2 1 1 3045 2131 3380 3965
6247 4 2 1 1 3046 2129 3378 3967
6248 4 2 1 1 3047 2130 3379 3966
6249 4 2 1 1 2230 3982 2887 4322
6250 4 2 1 1 3073 3017 2838 2269
6251 4 2 1 1 2362 3881 3473 4397
6252 4 2 1 1 828 2668 4493 3700
6253 4 2 1 1 2184 2889 3158 3254
6254 4 2 1 1 2728 2526 2349 4105
6255 4 2 1 1 2163 3174 2437 4074
6256 4 2 1 1 3421 3735 2779 4136
6257 4 2 1 1 2625 3431 2340 4273
6258 4 2 1 1 2938 3105 2238 4216
6259 4 2 1 1 2871 3496 2432 4311
6260 4 2 1 1 280 3598 298 2689
6261 4 2 1 1 1520 3597 1538 2690
6262 4 2 1 1 900 3596 918 2691
6263 4 2 1 1 2183 2891 3154 3253
6264 4 2 1 1 3143 3182 2364 3626
6265 4 2 1 1 1583 1567 1568 3701
6266 4 2 1 1 2090 3209 2476 2252
6267 4 2 1 1 947 948 963 3700
6268 4 2 1 1 2676 3172 2898 4170
6269 4 2 1 1 2113 2734 2947 3696
6270 4 2 1 1 2267 2604 3616 3645
6271 4 2 1 1 2188 2979 3273 3488
6272 4 2 1 1 2191 2974 3265 3411
6273 4 2 1 1 1473 1472 1474 3459
6274 4 2 1 1 232 234 233 3460
6275 4 2 1 1 853 852 854 3458
6276 4 2 1 1 2097 2760 3240 2283
6277 4 2 1 1 2210 3560 3003 4314
6278 4 2 1 1 1293 1402 1282 3660
6279 4 2 1 1 2652 3383 2608 2063
6280 4 2 1 1 1285 1405 3615 3999
6281 4 2 1 1 667 3030 2892 3850
6282 4 2 1 1 2872 3518 2514 3552
6283 4 2 1 1 4409 1733 3385 2748
6284 4 2 1 1 2286 2891 3154 4161
6285 4 2 1 1 1335 3220 1262 4107
6286 4 2 1 1 1951 3731 3685 3988
6287 4 2 1 1 1337 1344 2931 3951
6288 4 2 1 1 1225 1348 1345 4384
6289 4 2 1 1 2074 3515 2841 4092
6290 4 2 1 1 828 4493 2668 3186
6291 4 2 1 1 2085 2817 2599 3412
6292 4 2 1 1 2347 3602 3444 3671
6293 4 2 1 1 2238 4216 3153 4368
6294 4 2 1 1 4082 665 4285 779
6295 4 2 1 1 1271 3789 3184 1422
6296 4 2 1 1 2185 3755 3045 4233
6297 4 2 1 1 2187 3756 3047 4234
6298 4 2 1 1 2186 3757 3046 4235
6299 4 2 1 1 3099 3504 2426 3563
6300 4 2 1 1 2145 2530 2939 3292
6301 4 2 1 1 4258 2049 1924 2051
6302 4 2 1 1 1488 3090 2902 4369
6303 4 2 1 1 1251 2959 3727 4343
6304 4 2 1 1 868 3091 2901 4370
6305 4 2 1 1 2712 3002 1947 4252
6306 4 2 1 1 1724 1449 1713 3701
6307 4 2 1 1 1680 1698 1746 3886
6308 4 2 1 1 3346 4257 3179 2073
6309 4 2 1 1 343 327 328 3695
6310 4 2 1 1 2167 4009 2459 2947
6311 4 2 1 1 3703 761 648 3561
6312 4 2 1 1 180 179 1449 4492
6313 4 2 1 1 2968 3411 3265 2419
6314 4 2 1 1 2287 2889 3158 4167
6315 4 2 1 1 2332 2814 2733 3988
6316 4 2 1 1 2872 3158 2688 3254
6317 4 2 1 1 965 2988 2935 4183
6318 4 2 1 1 4492 3701 179 1449
6319 4 2 1 1 1093 1104 828 3700
6320 4 2 1 1 1452 1656 3390 3974
6321 4 2 1 1 3265 3411 2968 2191
6322 4 2 1 1 4492 3184 1449 180
6323 4 2 1 1 2835 3147 2174 4165
6324 4 2 1 1 4492 1449 2667 3701
6325 4 2 1 1 2087 3199 2807 3690
6326 4 2 1 1 2345 4068 3566 2999
6327 4 2 1 1 4339 4252 3660 2248
6328 4 2 1 1 2477 2480 3890 4164
6329 4 2 1 1 1873 3738 3027 3734
6330 4 2 1 1 492 3287 405 4342
6331 4 2 1 1 1732 3414 3285 1581
6332 4 2 1 1 1112 3415 3286 961
6333 4 2 1 1 1606 2700 3811 4255
6334 4 2 1 1 2345 2617 2529 2998
6335 4 2 1 1 3000 4246 2405 4253
6336 4 2 1 1 2605 2266 3229 4196
6337 4 2 1 1 2607 2265 3227 4195
6338 4 2 1 1 2606 2264 3228 4194
6339 4 2 1 1 1337 2931 3358 3951
6340 4 2 1 1 1253 3741 3026 3732
6341 4 2 1 1 2090 3160 3990 4237
6342 4 2 1 1 3042 3371 2394 3588
6343 4 2 1 1 2343 3108 2720 2100
6344 4 2 1 1 1449 4492 2667 3184
6345 4 2 1 1 631 2957 3728 4349
6346 4 2 1 1 2239 2711 3141 2143
6347 4 2 1 1 215 4486 2748 468
6348 4 2 1 1 3034 3492 2495 4323
6349 4 2 1 1 3161 3739 2754 4288
6350 4 2 1 1 3404 3201 2397 2780
6351 4 2 1 1 1847 1836 2678 3921
6352 4 2 1 1 2870 3154 2687 3253
6353 4 2 1 1 792 2572 3256 4379
6354 4 2 1 1 3041 2295 4072 3306
6355 4 2 1 1 3039 2294 4071 4115
6356 4 2 1 1 3040 2293 4070 4114
6357 4 2 1 1 682 681 679 3403
6358 4 2 1 1 633 3742 3025 3733
6359 4 2 1 1 2630 3584 3173 4157
6360 4 2 1 1 2083 2749 3306 4128
6361 4 2 1 1 2345 2100 3620 4068
6362 4 2 1 1 3046 3378 2129 2652
6363 4 2 1 1 3047 3379 2130 2653
6364 4 2 1 1 3045 3380 2131 2651
6365 4 2 1 1 1362 3832 1412 1300
6366 4 2 1 1 2753 2583 3343 4345
6367 4 2 1 1 2661 3299 2502 3525
6368 4 2 1 1 2662 3300 2500 3526
6369 4 2 1 1 3561 807 3484 3612
6370 4 2 1 1 4088 3172 2777 2681
6371 4 2 1 1 524 4513 2824 788
6372 4 2 1 1 2926 3656 3067 1217
6373 4 2 1 1 2290 2596 3008 3845
6374 4 2 1 1 2135 2394 2486 4161
6375 4 2 1 1 2165 2817 3218 3632
6376 4 2 1 1 2074 2841 3515 4180
6377 4 2 1 1 1661 2992 1695 3528
6378 4 2 1 1 455 421 313 2991
6379 4 2 1 1 2320 2938 3295 3315
6380 4 2 1 1 4136 2722 3110 3823
6381 4 2 1 1 2193 3176 3012 3577
6382 4 2 1 1 1767 2001 2042 2604
6383 4 2 1 1 1728 57 2 4491
6384 4 2 1 1 2113 3409 2495 3492
6385 4 2 1 1 2529 3122 2359 4016
6386 4 2 1 1 2732 3685 1978 3731
6387 4 2 1 1 2484 2857 2808 4357
6388 4 2 1 1 2485 2856 2809 4358
6389 4 2 1 1 2486 2855 2810 4359
6390 4 2 1 1 1469 1471 1550 3509
6391 4 2 1 1 229 231 310 3510
6392 4 2 1 1 930 849 851 3508
6393 4 2 1 1 2926 3656 1217 4344
6394 4 2 1 1 2793 1437 4514 1430
6395 4 2 1 1 1224 3594 2589 3675
6396 4 2 1 1 2715 3118 2254 3609
6397 4 2 1 1 1258 2758 1310 3656
6398 4 2 1 1 4491 4431 1728 57
6399 4 2 1 1 2601 694 543 3881
6400 4 2 1 1 2777 3785 979 4121
6401 4 2 1 1 4232 3571 2111 2885
6402 4 2 1 1 898 3052 2550 4102
6403 4 2 1 1 2161 2895 3240 3490
6404 4 2 1 1 364 3799 2900 3854
6405 4 2 1 1 2721 3491 2344 3910
6406 4 2 1 1 2028 1763 1900 2820
6407 4 2 1 1 2269 3268 2820 3908
6408 4 2 1 1 4491 4431 2878 1728
6409 4 2 1 1 2161 3490 3240 3709
6410 4 2 1 1 2343 2417 3376 4086
6411 4 2 1 1 2793 3505 1327 4219
6412 4 2 1 1 2305 2875 2887 3724
6413 4 2 1 1 2304 2874 2888 3725
6414 4 2 1 1 2306 2876 2886 3726
6415 4 2 1 1 2134 2395 2485 4167
6416 4 2 1 1 2986 2109 3313 4129
6417 4 2 1 1 4494 832 4404 3390
6418 4 2 1 1 322 4151 298 311
6419 4 2 1 1 2688 3158 2287 3254
6420 4 2 1 1 1741 1459 2620 3637
6421 4 2 1 1 3817 3446 348 2906
6422 4 2 1 1 3818 3447 1588 2907
6423 4 2 1 1 3816 3445 968 2908
6424 4 2 1 1 792 3256 683 4379
6425 4 2 1 1 1599 2776 3233 4125
6426 4 2 1 1 1271 3789 1422 1335
6427 4 2 1 1 2665 3614 2296 4364
6428 4 2 1 1 2127 2298 3311 3519
6429 4 2 1 1 2593 3424 2186 3460
6430 4 2 1 1 2594 3423 2187 3459
6431 4 2 1 1 2592 3422 2185 3458
6432 4 2 1 1 4490 48 49 1132
6433 4 2 1 1 2531 3190 3387 3791
6434 4 2 1 1 2533 3191 3388 3790
6435 4 2 1 1 2532 3192 3386 3792
6436 4 2 1 1 1847 2678 1838 3397
6437 4 2 1 1 2229 2886 2913 3517
6438 4 2 1 1 2077 2681 3474 2363
6439 4 2 1 1 839 2622 1121 3612
6440 4 2 1 1 2687 3154 2286 3253
6441 4 2 1 1 2582 3448 2314 4271
6442 4 2 1 1 2132 3118 2404 3666
6443 4 2 1 1 1846 3359 2440 4355
6444 4 2 1 1 1831 1964 3130 4355
6445 4 2 1 1 550 551 554 3502
6446 4 2 1 1 2176 2544 3128 3776
6447 4 2 1 1 2066 3057 2565 4075
6448 4 2 1 1 2268 2476 2252 3472
6449 4 2 1 1 4230 4252 2248 2479
6450 4 2 1 1 1210 3264 4293 1222
6451 4 2 1 1 2230 3810 2578 4322
6452 4 2 1 1 328 2705 484 3695
6453 4 2 1 1 2633 2209 3197 4120
6454 4 2 1 1 2265 2135 2855 4195
6455 4 2 1 1 2511 2370 3614 3809
6456 4 2 1 1 2264 2134 2856 4194
6457 4 2 1 1 2177 2543 3129 2931
6458 4 2 1 1 3338 3377 3141 2794
6459 4 2 1 1 2382 2792 2545 2121
6460 4 2 1 1 2344 3297 2933 3374
6461 4 2 1 1 2266 2133 2857 4196
6462 4 2 1 1 4495 4490 48 496
6463 4 2 1 1 1784 1940 3121 3627
6464 4 2 1 1 1708 4433 1702 138
6465 4 2 1 1 462 4486 4431 58
6466 4 2 1 1 2199 2768 3246 3606
6467 4 2 1 1 2162 3541 3759 2973
6468 4 2 1 1 2445 3505 2567 3711
6469 4 2 1 1 2152 2612 3272 4096
6470 4 2 1 1 563 2731 561 4276
6471 4 2 1 1 4490 4462 1132 49
6472 4 2 1 1 661 2714 662 3217
6473 4 2 1 1 1111 3815 946 4243
6474 4 2 1 1 1731 3814 1566 4242
6475 4 2 1 1 326 491 3813 4241
6476 4 2 1 1 248 3092 2900 4393
6477 4 2 1 1 4314 2741 2583 3325
6478 4 2 1 1 369 3570 2420 4067
6479 4 2 1 1 1660 1533 1553 2992
6480 4 2 1 1 1040 913 933 2993
6481 4 2 1 1 420 293 313 2991
6482 4 2 1 1 3104 2059 1885 2060
6483 4 2 1 1 2360 3221 3094 3537
6484 4 2 1 1 1847 1836 1838 2678
6485 4 2 1 1 3991 3507 2702 2991
6486 4 2 1 1 2964 4132 3055 4300
6487 4 2 1 1 2965 4133 3053 4301
6488 4 2 1 1 2966 4134 3054 4302
6489 4 2 1 1 2478 3231 3868 4126
6490 4 2 1 1 942 4149 918 931
6491 4 2 1 1 2374 3461 3617 4148
6492 4 2 1 1 1077 1080 2702 3927
6493 4 2 1 1 460 2703 457 3928
6494 4 2 1 1 1700 2704 1697 3929
6495 4 2 1 1 3035 2214 2396 3911
6496 4 2 1 1 3444 3602 2284 3671
6497 4 2 1 1 374 3093 371 4375
6498 4 2 1 1 2438 3025 3742 4123
6499 4 2 1 1 2330 2925 2773 3437
6500 4 2 1 1 4490 4462 2917 1132
6501 4 2 1 1 2439 3026 3741 4124
6502 4 2 1 1 2440 3027 3738 4122
6503 4 2 1 1 1383 4490 1132 48
6504 4 2 1 1 79 78 4464 758
6505 4 2 1 1 161 160 1753 4458
6506 4 2 1 1 1488 1496 3090 4369
6507 4 2 1 1 2686 3370 2839 3736
6508 4 2 1 1 4150 1538 1562 1551
6509 4 2 1 1 322 2541 342 4113
6510 4 2 1 1 4151 322 342 311
6511 4 2 1 1 1500 1495 1501 4193
6512 4 2 1 1 876 3091 868 4370
6513 4 2 1 1 428 3626 3143 4024
6514 4 2 1 1 970 4485 3816 1098
6515 4 2 1 1 350 4417 3817 214
6516 4 2 1 1 1590 4517 1718 1446
6517 4 2 1 1 1527 2958 2801 3206
6518 4 2 1 1 2211 2990 3436 4332
6519 4 2 1 1 2349 3487 3099 3563
6520 4 2 1 1 2138 2769 3132 4236
6521 4 2 1 1 2440 3753 3152 2175
6522 4 2 1 1 2398 2781 2723 3267
6523 4 2 1 1 3872 3595 3274 2497
6524 4 2 1 1 2497 3661 3082 3775
6525 4 2 1 1 2109 3465 3687 2402
6526 4 2 1 1 2209 2619 3165 3223
6527 4 2 1 1 1038 2550 4102 898
6528 4 2 1 1 424 3598 2508 4151
6529 4 2 1 1 932 3596 3987 4149
6530 4 2 1 1 1552 3597 3986 4150
6531 4 2 1 1 989 3628 2422 4116
6532 4 2 1 1 2439 3752 3151 3133
6533 4 2 1 1 2449 3828 3023 4292
6534 4 2 1 1 1915 2611 4308 3185
6535 4 2 1 1 3732 4484 4453 1370
6536 4 2 1 1 2508 3985 424 4151
6537 4 2 1 1 3987 3596 1044 2977
6538 4 2 1 1 3986 3597 1664 2976
6539 4 2 1 1 4458 4470 1753 161
6540 4 2 1 1 2066 3487 3099 4395
6541 4 2 1 1 2418 2324 3375 4050
6542 4 2 1 1 2547 2290 3210 4041
6543 4 2 1 1 3002 3397 2215 3921
6544 4 2 1 1 2947 2208 2444 4009
6545 4 2 1 1 2108 3466 3686 2401
6546 4 2 1 1 794 3328 3896 690
6547 4 2 1 1 2549 2441 3326 4209
6548 4 2 1 1 1950 1844 3084 3988
6549 4 2 1 1 2344 3297 2473 3800
6550 4 2 1 1 2163 2733 2845 4074
6551 4 2 1 1 2416 2755 3519 2075
6552 4 2 1 1 2438 3751 3150 2176
6553 4 2 1 1 2266 3449 2857 3555
6554 4 2 1 1 2265 3450 2855 3556
6555 4 2 1 1 2264 3451 2856 3557
6556 4 2 1 1 2664 3636 3120 3842
6557 4 2 1 1 2191 3411 2750 2505
6558 4 2 1 1 2655 3099 2151 3632
6559 4 2 1 1 175 174 4463 1378
6560 4 2 1 1 755 133 132 3341
6561 4 2 1 1 2563 2974 2140 2281
6562 4 2 1 1 2253 2648 3775 4015
6563 4 2 1 1 694 620 695 2825
6564 4 2 1 1 4084 3688 3167 2738
6565 4 2 1 1 4083 3687 3168 2740
6566 4 2 1 1 2377 3686 3166 4085
6567 4 2 1 1 256 3092 248 4393
6568 4 2 1 1 2065 3035 2214 4013
6569 4 2 1 1 2077 3474 2681 4058
6570 4 2 1 1 2090 2252 2476 3476
6571 4 2 1 1 2208 3301 2734 3425
6572 4 2 1 1 1672 3083 1611 3669
6573 4 2 1 1 2082 3088 2635 3103
6574 4 2 1 1 2189 3521 2786 3808
6575 4 2 1 1 2271 2443 3243 3417
6576 4 2 1 1 2074 3515 3155 4180
6577 4 2 1 1 3384 3887 2631 4079
6578 4 2 1 1 1880 1879 1890 3660
6579 4 2 1 1 2071 2987 2780 3163
6580 4 2 1 1 2072 2986 2781 3162
6581 4 2 1 1 2254 3118 2715 3666
6582 4 2 1 1 2563 2873 2140 3175
6583 4 2 1 1 4458 4470 2916 1753
6584 4 2 1 1 3862 4453 4484 1701
6585 4 2 1 1 4489 13 12 1083
6586 4 2 1 1 2417 3471 3214 4086
6587 4 2 1 1 3183 1830 3461 4148
6588 4 2 1 1 285 284 270 3547
6589 4 2 1 1 904 890 905 3546
6590 4 2 1 1 1525 1524 1510 3545
6591 4 2 1 1 2381 3708 3199 3783
6592 4 2 1 1 2721 2344 3800 3910
6593 4 2 1 1 2289 2591 4036 4269
6594 4 2 1 1 705 564 3522 3539
6595 4 2 1 1 3669 3673 2423 2226
6596 4 2 1 1 4407 139 140 836
6597 4 2 1 1 1276 3236 2917 3354
6598 4 2 1 1 2255 3857 3859 3515
6599 4 2 1 1 2513 2250 3383 3443
6600 4 2 1 1 2686 2276 2374 3617
6601 4 2 1 1 290 301 3249 3821
6602 4 2 1 1 1541 3248 1530 3820
6603 4 2 1 1 921 3250 910 3822
6604 4 2 1 1 2067 2482 2713 2425
6605 4 2 1 1 3144 3275 2399 4108
6606 4 2 1 1 2140 2873 2549 3681
6607 4 2 1 1 3143 3534 3280 4207
6608 4 2 1 1 1871 2961 1875 3736
6609 4 2 1 1 1950 3084 3731 3988
6610 4 2 1 1 673 3180 664 744
6611 4 2 1 1 2774 3159 1802 3973
6612 4 2 1 1 2692 2779 2418 3421
6613 4 2 1 1 1083 4489 13 825
6614 4 2 1 1 2319 2780 3064 4052
6615 4 2 1 1 984 3798 2901 3851
6616 4 2 1 1 825 1083 4489 3507
6617 4 2 1 1 2732 3600 2332 3731
6618 4 2 1 1 1870 1970 1884 4297
6619 4 2 1 1 2900 2994 2180 3092
6620 4 2 1 1 2902 2995 2179 3090
6621 4 2 1 1 2901 2996 2178 3091
6622 4 2 1 1 4489 4408 1083 12
6623 4 2 1 1 4149 962 942 3428
6624 4 2 1 1 620 695 2825 4000
6625 4 2 1 1 2333 2697 3713 4376
6626 4 2 1 1 2441 3211 2992 3276
6627 4 2 1 1 1251 2959 1255 3727
6628 4 2 1 1 3976 3038 3041 2508
6629 4 2 1 1 4489 4408 3507 1083
6630 4 2 1 1 24 4550 4434 487
6631 4 2 1 1 364 2900 3799 4393
6632 4 2 1 1 2732 3410 2447 3731
6633 4 2 1 1 2206 2879 3135 3486
6634 4 2 1 1 2935 3477 493 3507
6635 4 2 1 1 1163 1197 1165 3565
6636 4 2 1 1 2669 2954 2299 3164
6637 4 2 1 1 2978 3013 2400 3712
6638 4 2 1 1 3082 3775 3661 4015
6639 4 2 1 1 1604 2902 3797 4369
6640 4 2 1 1 2901 3798 984 4370
6641 4 2 1 1 870 4083 886 4267
6642 4 2 1 1 266 250 4084 4266
6643 4 2 1 1 1249 2646 3878 3935
6644 4 2 1 1 2276 2686 3391 2804
6645 4 2 1 1 274 3143 3636 4024
6646 4 2 1 1 601 3049 2648 3661
6647 4 2 1 1 745 2837 536 3858
6648 4 2 1 1 2085 2687 2870 2515
6649 4 2 1 1 2104 3056 2554 4247
6650 4 2 1 1 1215 3498 2724 3672
6651 4 2 1 1 2426 3563 2925 3632
6652 4 2 1 1 2385 3697 3179 3762
6653 4 2 1 1 2677 2813 2231 3945
6654 4 2 1 1 4550 1106 2945 4536
6655 4 2 1 1 2780 3466 3064 4052
6656 4 2 1 1 2076 2584 3246 2794
6657 4 2 1 1 2974 3265 2699 4021
6658 4 2 1 1 2970 3085 2393 3252
6659 4 2 1 1 3728 4226 2683 4349
6660 4 2 1 1 2836 3340 2224 3570
6661 4 2 1 1 4149 942 962 931
6662 4 2 1 1 635 631 2957 3728
6663 4 2 1 1 2159 3014 2976 3676
6664 4 2 1 1 4537 2868 533 3612
6665 4 2 1 1 2084 3182 2804 3389
6666 4 2 1 1 2457 3155 2096 3157
6667 4 2 1 1 1919 2757 1920 3294
6668 4 2 1 1 3033 3787 2227 3235
6669 4 2 1 1 2079 2596 3029 4287
6670 4 2 1 1 1796 1793 1795 3301
6671 4 2 1 1 2468 3373 4205 4277
6672 4 2 1 1 4550 1106 4434 2945
6673 4 2 1 1 152 4546 4435 1107
6674 4 2 1 1 2696 3117 3539 4097
6675 4 2 1 1 1488 2902 1716 4369
6676 4 2 1 1 477 4413 2861 4499
6677 4 2 1 1 1830 1955 1848 3461
6678 4 2 1 1 4318 4073 3029 2270
6679 4 2 1 1 1120 4519 1127 4437
6680 4 2 1 1 2774 1802 2859 4148
6681 4 2 1 1 1235 2543 3358 2931
6682 4 2 1 1 1096 868 2901 4370
6683 4 2 1 1 298 2689 3598 4151
6684 4 2 1 1 1538 2690 3597 4150
6685 4 2 1 1 918 2691 3596 4149
6686 4 2 1 1 3207 4374 3902 3393
6687 4 2 1 1 2242 2828 2798 2257
6688 4 2 1 1 2243 2827 2799 2256
6689 4 2 1 1 4342 2244 2826 2258
6690 4 2 1 1 3207 3640 2818 3902
6691 4 2 1 1 2189 2839 3521 4046
6692 4 2 1 1 2531 3190 3791 4289
6693 4 2 1 1 2533 3191 3790 4290
6694 4 2 1 1 2532 3192 3792 4291
6695 4 2 1 1 1799 1798 1794 3425
6696 4 2 1 1 2160 3015 2977 3679
6697 4 2 1 1 2625 2233 3275 3483
6698 4 2 1 1 1740 4520 1747 4438
6699 4 2 1 1 3840 3847 3919 3001
6700 4 2 1 1 2256 3036 3055 3415
6701 4 2 1 1 2257 3037 3053 3414
6702 4 2 1 1 2258 3038 3054 3416
6703 4 2 1 1 2813 2929 2231 3292
6704 4 2 1 1 2647 2859 2156 4054
6705 4 2 1 1 1901 1903 1902 2775
6706 4 2 1 1 2813 2677 3201 4066
6707 4 2 1 1 2841 3031 2571 4092
6708 4 2 1 1 2447 2859 4054 4177
6709 4 2 1 1 4255 4231 3968 2329
6710 4 2 1 1 4428 1443 4411 2952
6711 4 2 1 1 2754 3413 2143 3847
6712 4 2 1 1 4428 1443 145 4411
6713 4 2 1 1 1443 144 145 4411
6714 4 2 1 1 4430 822 4410 2953
6715 4 2 1 1 3585 3276 2692 2139
6716 4 2 1 1 443 508 213 2643
6717 4 2 1 1 1063 1128 833 2642
6718 4 2 1 1 1683 1748 1454 2641
6719 4 2 1 1 2105 3404 3201 4081
6720 4 2 1 1 1919 2757 3294 4176
6721 4 2 1 1 4359 904 3546 895
6722 4 2 1 1 4358 1524 3545 1515
6723 4 2 1 1 4357 284 3547 275
6724 4 2 1 1 2489 3534 429 3766
6725 4 2 1 1 2074 2583 2597 4180
6726 4 2 1 1 2421 693 3113 4178
6727 4 2 1 1 2792 2121 3558 3393
6728 4 2 1 1 2437 3185 2924 3435
6729 4 2 1 1 2490 3533 1049 3765
6730 4 2 1 1 2488 3532 1669 3764
6731 4 2 1 1 4028 3466 2357 3288
6732 4 2 1 1 4430 822 17 4410
6733 4 2 1 1 2332 3685 3731 3988
6734 4 2 1 1 2631 4079 2573 3069
6735 4 2 1 1 1455 4540 1708 139
6736 4 2 1 1 4150 1582 1562 3429
6737 4 2 1 1 1784 3034 1786 3627
6738 4 2 1 1 2523 2169 3114 3265
6739 4 2 1 1 4150 1562 1582 1551
6740 4 2 1 1 3521 4046 2839 4316
6741 4 2 1 1 2162 2445 3613 3759
6742 4 2 1 1 3825 2118 2546 2370
6743 4 2 1 1 4410 17 16 822
6744 4 2 1 1 2142 3495 2404 2509
6745 4 2 1 1 3 185 2037 4488
6746 4 2 1 1 2858 2331 3349 3529
6747 4 2 1 1 2211 2572 4162 4332
6748 4 2 1 1 2721 3109 2098 3800
6749 4 2 1 1 2079 2832 2596 4023
6750 4 2 1 1 2544 3363 615 3776
6751 4 2 1 1 40 4488 489 3
6752 4 2 1 1 2385 3779 2498 2546
6753 4 2 1 1 788 524 660 2824
6754 4 2 1 1 2995 3356 2472 3923
6755 4 2 1 1 2994 3357 2471 3924
6756 4 2 1 1 2750 3411 2968 3948
6757 4 2 1 1 1365 1311 3538 3575
6758 4 2 1 1 4471 4488 2037 185
6759 4 2 1 1 2871 3496 1201 3541
6760 4 2 1 1 2318 3056 2631 4247
6761 4 2 1 1 1188 2946 1183 3868
6762 4 2 1 1 3183 3410 1803 2859
6763 4 2 1 1 3183 1803 3410 1809
6764 4 2 1 1 3749 3636 409 2554
6765 4 2 1 1 4309 1486 1490 1491
6766 4 2 1 1 2479 3590 3085 2248
6767 4 2 1 1 2221 2531 2981 3883
6768 4 2 1 1 781 4514 2793 804
6769 4 2 1 1 639 2497 640 3661
6770 4 2 1 1 3528 1563 1704 1557
6771 4 2 1 1 444 52 53 4405
6772 4 2 1 1 3829 3032 2494 3335
6773 4 2 1 1 2251 2298 2746 3311
6774 4 2 1 1 252 266 250 4084
6775 4 2 1 1 870 872 886 4083
6776 4 2 1 1 2394 3371 3062 4263
6777 4 2 1 1 3195 2634 3087 2537
6778 4 2 1 1 501 3645 2604 4375
6779 4 2 1 1 2215 4274 3989 3381
6780 4 2 1 1 2716 2260 3382 4362
6781 4 2 1 1 2289 2591 3443 4036
6782 4 2 1 1 3951 3548 2735 3358
6783 4 2 1 1 2737 3363 576 3549
6784 4 2 1 1 2771 3308 2089 4288
6785 4 2 1 1 2207 2688 4012 4135
6786 4 2 1 1 965 2935 2988 3926
6787 4 2 1 1 2792 3011 2121 3393
6788 4 2 1 1 2085 2687 2515 4138
6789 4 2 1 1 3727 4228 2685 4343
6790 4 2 1 1 1249 2646 1221 3878
6791 4 2 1 1 3377 4213 2390 2934
6792 4 2 1 1 2787 3223 2278 4332
6793 4 2 1 1 3499 3890 2475 4321
6794 4 2 1 1 1985 2838 1776 3876
6795 4 2 1 1 2154 3364 2583 3607
6796 4 2 1 1 2474 3199 3708 3783
6797 4 2 1 1 3120 4273 2664 3842
6798 4 2 1 1 2373 3254 3146 3551
6799 4 2 1 1 2150 3173 3584 4109
6800 4 2 1 1 2651 2131 3045 3915
6801 4 2 1 1 2653 2130 3047 3914
6802 4 2 1 1 2717 2652 3046 2129
6803 4 2 1 1 2287 3158 2889 3254
6804 4 2 1 1 2583 3364 3997 4345
6805 4 2 1 1 1287 3615 1405 4172
6806 4 2 1 1 3111 2241 3856 2902
6807 4 2 1 1 2475 2971 3536 4321
6808 4 2 1 1 2286 3154 2891 3253
6809 4 2 1 1 3164 3712 2400 4377
6810 4 2 1 1 4471 4488 2861 2037
6811 4 2 1 1 1230 2666 1279 4168
6812 4 2 1 1 1184 3241 2695 3653
6813 4 2 1 1 499 2604 3177 3296
6814 4 2 1 1 2542 3130 2919 3152
6815 4 2 1 1 2206 2687 4011 4138
6816 4 2 1 1 2139 3276 2806 3680
6817 4 2 1 1 296 317 3007 3477
6818 4 2 1 1 2427 3171 2772 3244
6819 4 2 1 1 884 2559 1029 3892
6820 4 2 1 1 2356 3136 2630 3885
6821 4 2 1 1 3381 3654 2427 4311
6822 4 2 1 1 1855 2542 3368 2915
6823 4 2 1 1 2372 3253 3145 3554
6824 4 2 1 1 500 3622 4316 2839
6825 4 2 1 1 1220 2632 3434 3559
6826 4 2 1 1 2696 3522 564 3539
6827 4 2 1 1 3131 3870 2770 2136
6828 4 2 1 1 489 4488 4512 2861
6829 4 2 1 1 3317 3252 2172 2449
6830 4 2 1 1 2225 3342 3279 4351
6831 4 2 1 1 2574 4078 3962 4239
6832 4 2 1 1 3152 4374 3130 2175
6833 4 2 1 1 2892 3316 793 3601
6834 4 2 1 1 2078 2694 2677 3111
6835 4 2 1 1 2095 3243 2443 2273
6836 4 2 1 1 2042 2604 2001 3761
6837 4 2 1 1 2360 3221 3747 3235
6838 4 2 1 1 825 1077 1080 2702
6839 4 2 1 1 212 457 460 2703
6840 4 2 1 1 1697 1700 1452 2704
6841 4 2 1 1 2543 3129 2921 3151
6842 4 2 1 1 2186 2471 3967 3378
6843 4 2 1 1 2187 2472 3966 3379
6844 4 2 1 1 2185 2470 3965 3380
6845 4 2 1 1 208 473 484 3695
6846 4 2 1 1 1064 164 165 4406
6847 4 2 1 1 1299 1302 3760 3946
6848 4 2 1 1 2199 3606 3246 2794
6849 4 2 1 1 4487 105 8 1417
6850 4 2 1 1 2253 2424 3268 3348
6851 4 2 1 1 2457 2096 3515 4008
6852 4 2 1 1 2093 2726 3150 3751
6853 4 2 1 1 2591 2345 3620 4068
6854 4 2 1 1 2994 2900 4174 3357
6855 4 2 1 1 2901 1103 3851 3355
6856 4 2 1 1 2116 4044 2589 2867
6857 4 2 1 1 2163 3048 3174 2590
6858 4 2 1 1 3499 4312 3890 2565
6859 4 2 1 1 2087 2970 3085 3943
6860 4 2 1 1 2092 2725 3151 3752
6861 4 2 1 1 2946 3264 1198 4363
6862 4 2 1 1 3714 3810 3310 2305
6863 4 2 1 1 184 4487 8 1417
6864 4 2 1 1 2228 2651 3380 3983
6865 4 2 1 1 2230 2653 3379 3982
6866 4 2 1 1 2229 2652 3378 3981
6867 4 2 1 1 2094 2727 3152 3753
6868 4 2 1 1 3457 3517 2747 3936
6869 4 2 1 1 641 3222 2668 3961
6870 4 2 1 1 591 730 3128 4378
6871 4 2 1 1 2544 3128 2922 3150
6872 4 2 1 1 4473 4487 1417 105
6873 4 2 1 1 2774 2859 1802 3159
6874 4 2 1 1 2283 3490 3061 3709
6875 4 2 1 1 4549 532 4414 2865
6876 4 2 1 1 1504 2560 1649 3888
6877 4 2 1 1 2523 2169 3265 4021
6878 4 2 1 1 2305 3233 3310 3714
6879 4 2 1 1 476 248 2900 4393
6880 4 2 1 1 1604 3797 2902 3856
6881 4 2 1 1 2887 2912 2472 3379
6882 4 2 1 1 2886 2913 2471 3378
6883 4 2 1 1 3204 2250 4018 3542
6884 4 2 1 1 2178 2676 2898 4170
6885 4 2 1 1 2990 3760 1302 3946
6886 4 2 1 1 1749 1575 1750 4329
6887 4 2 1 1 2174 2469 3101 3318
6888 4 2 1 1 221 2861 4512 3645
6889 4 2 1 1 3804 4114 2082 3320
6890 4 2 1 1 2081 3321 2464 4115
6891 4 2 1 1 2133 3075 2669 3902
6892 4 2 1 1 2297 3362 3011 3904
6893 4 2 1 1 2154 4362 3382 2975
6894 4 2 1 1 2788 4013 3035 2295
6895 4 2 1 1 2116 2571 2219 3670
6896 4 2 1 1 1422 1147 1381 2620
6897 4 2 1 1 1169 1171 1170 3123
6898 4 2 1 1 1130 1129 955 4328
6899 4 2 1 1 1084 1113 3390 4382
6900 4 2 1 1 2163 2833 3329 3869
6901 4 2 1 1 2660 3077 2813 2105
6902 4 2 1 1 4473 4487 2865 1417
6903 4 2 1 1 974 2874 973 3580
6904 4 2 1 1 1593 1594 2875 3581
6905 4 2 1 1 353 354 2876 3582
6906 4 2 1 1 2289 3938 2591 4269
6907 4 2 1 1 2676 2971 2232 3127
6908 4 2 1 1 3007 3432 2442 3523
6909 4 2 1 1 2409 3061 3490 3709
6910 4 2 1 1 2513 3938 3343 4018
6911 4 2 1 1 1594 3786 2502 4144
6912 4 2 1 1 974 3785 2500 4143
6913 4 2 1 1 2631 2070 3204 3769
6914 4 2 1 1 2064 3371 3042 3588
6915 4 2 1 1 1417 184 4487 2865
6916 4 2 1 1 149 150 1458 4401
6917 4 2 1 1 335 510 509 4327
6918 4 2 1 1 4501 133 134 529
6919 4 2 1 1 1286 1289 1364 4274
6920 4 2 1 1 1594 2502 1592 4144
6921 4 2 1 1 974 2500 972 4143
6922 4 2 1 1 607 2615 3181 3328
6923 4 2 1 1 3561 807 3612 761
6924 4 2 1 1 2218 3976 2783 3306
6925 4 2 1 1 2216 2507 2784 4115
6926 4 2 1 1 2217 2506 2785 4114
6927 4 2 1 1 3282 3466 2488 4052
6928 4 2 1 1 3281 3465 2490 4053
6929 4 2 1 1 2547 2649 3859 3874
6930 4 2 1 1 2195 2743 3196 3907
6931 4 2 1 1 2194 2742 3195 3906
6932 4 2 1 1 2196 2744 3194 3905
6933 4 2 1 1 312 424 3985 4151
6934 4 2 1 1 932 3596 4149 912
6935 4 2 1 1 1552 3597 4150 1532
6936 4 2 1 1 2459 3499 2565 4312
6937 4 2 1 1 4400 2826 217 4220
6938 4 2 1 1 219 2828 4539 4222
6939 4 2 1 1 1071 4401 2827 4221
6940 4 2 1 1 2971 3504 2480 3890
6941 4 2 1 1 2141 2991 2985 3991
6942 4 2 1 1 684 3468 686 3403
6943 4 2 1 1 1345 1348 4017 4384
6944 4 2 1 1 4401 3286 1458 149
6945 4 2 1 1 2162 3076 2520 3996
6946 4 2 1 1 3317 3252 2449 4333
6947 4 2 1 1 2574 2912 2130 3719
6948 4 2 1 1 2573 2913 2129 3720
6949 4 2 1 1 2163 3869 3329 4051
6950 4 2 1 1 2132 3252 2732 3705
6951 4 2 1 1 520 3961 651 641
6952 4 2 1 1 2647 3183 2859 3410
6953 4 2 1 1 2284 3366 3339 3710
6954 4 2 1 1 2021 3872 1984 1909
6955 4 2 1 1 3774 516 643 3082
6956 4 2 1 1 2267 3093 2604 4375
6957 4 2 1 1 2550 3991 3331 2273
6958 4 2 1 1 2254 2509 3334 3889
6959 4 2 1 1 2206 4011 3657 4138
6960 4 2 1 1 2312 2960 2547 3802
6961 4 2 1 1 2468 2236 3373 4172
6962 4 2 1 1 910 2538 922 4007
6963 4 2 1 1 4006 4141 1542 3188
6964 4 2 1 1 290 2536 302 4005
6965 4 2 1 1 3120 3636 273 3842
6966 4 2 1 1 2211 2787 2572 4332
6967 4 2 1 1 1915 2611 1912 4308
6968 4 2 1 1 409 3636 3749 264
6969 4 2 1 1 2390 3384 2934 4213
6970 4 2 1 1 2365 3264 2946 3772
6971 4 2 1 1 1797 3159 3247 3973
6972 4 2 1 1 3246 3489 2076 3937
6973 4 2 1 1 1877 1893 1878 3921
6974 4 2 1 1 2219 3708 3199 2381
6975 4 2 1 1 2086 2688 2872 3552
6976 4 2 1 1 1215 2724 1359 3672
6977 4 2 1 1 2214 3207 2818 3902
6978 4 2 1 1 2332 3685 2732 3731
6979 4 2 1 1 4400 4371 2826 838
6980 4 2 1 1 1466 4401 4221 2827
6981 4 2 1 1 4401 4373 2827 1466
6982 4 2 1 1 2190 2111 2522 4232
6983 4 2 1 1 2064 3371 2586 4337
6984 4 2 1 1 664 2465 673 3668
6985 4 2 1 1 2106 2781 3267 3849
6986 4 2 1 1 2768 3246 2076 3937
6987 4 2 1 1 3455 3223 2278 2619
6988 4 2 1 1 2677 2694 2397 4078
6989 4 2 1 1 2239 2778 2794 3606
6990 4 2 1 1 2223 2923 2614 3524
6991 4 2 1 1 2663 3081 2811 4077
6992 4 2 1 1 2102 2514 3544 4198
6993 4 2 1 1 4486 58 59 1680
6994 4 2 1 1 970 3816 2905 4145
6995 4 2 1 1 4397 3957 2580 3479
6996 4 2 1 1 2904 1590 3818 4146
6997 4 2 1 1 2903 350 3817 4147
6998 4 2 1 1 4486 4431 58 1680
6999 4 2 1 1 2078 3810 3310 2769
7000 4 2 1 1 2169 2443 3767 3175
7001 4 2 1 1 3122 3398 2359 4016
7002 4 2 1 1 2988 3417 2443 3744
7003 4 2 1 1 2178 2898 2676 3493
7004 4 2 1 1 2173 2483 2963 3829
7005 4 2 1 1 2215 4274 2772 4230
7006 4 2 1 1 967 3445 3224 2908
7007 4 2 1 1 347 3446 3225 2906
7008 4 2 1 1 1587 3447 3226 2907
7009 4 2 1 1 2616 2232 3474 3897
7010 4 2 1 1 2179 2995 2902 4248
7011 4 2 1 1 2129 3807 2717 2608
7012 4 2 1 1 2130 3806 2718 3914
7013 4 2 1 1 2131 3805 2719 3915
7014 4 2 1 1 2387 3502 2566 3873
7015 4 2 1 1 2209 3832 3197 4120
7016 4 2 1 1 4287 3490 4023 3240
7017 4 2 1 1 596 3318 4165 583
7018 4 2 1 1 2620 3184 1739 3303
7019 4 2 1 1 2622 3186 1119 3302
7020 4 2 1 1 2104 2491 2934 3384
7021 4 2 1 1 2477 2480 4164 4166
7022 4 2 1 1 2229 3517 2577 3955
7023 4 2 1 1 819 523 749 2820
7024 4 2 1 1 3008 3871 2596 4142
7025 4 2 1 1 539 3277 537 4245
7026 4 2 1 1 1252 3230 1336 3727
7027 4 2 1 1 2070 4016 3398 4118
7028 4 2 1 1 2353 3188 2742 3195
7029 4 2 1 1 2354 3187 2743 3196
7030 4 2 1 1 2355 3189 2744 3194
7031 4 2 1 1 2503 3625 2882 3993
7032 4 2 1 1 718 576 3363 3549
7033 4 2 1 1 2123 2782 2623 3758
7034 4 2 1 1 1338 1196 3358 3548
7035 4 2 1 1 2019 2775 2004 3901
7036 4 2 1 1 1611 3083 1614 3303
7037 4 2 1 1 492 4400 217 467
7038 4 2 1 1 1456 4486 4409 59
7039 4 2 1 1 837 3286 4401 149
7040 4 2 1 1 2868 1094 1097 1053
7041 4 2 1 1 2403 2143 3413 2199
7042 4 2 1 1 4541 216 4408 2935
7043 4 2 1 1 3433 3506 2595 3969
7044 4 2 1 1 3387 3791 3190 4304
7045 4 2 1 1 3388 3790 3191 4305
7046 4 2 1 1 3386 3792 3192 4303
7047 4 2 1 1 4439 500 2839 3622
7048 4 2 1 1 2255 3859 3857 2960
7049 4 2 1 1 2215 2772 4274 3381
7050 4 2 1 1 2268 2824 2252 3864
7051 4 2 1 1 4497 2638 829 3865
7052 4 2 1 1 2806 2170 3107 2548
7053 4 2 1 1 4199 3338 2794 2584
7054 4 2 1 1 3669 3673 2226 2837
7055 4 2 1 1 3689 4094 3048 4184
7056 4 2 1 1 2451 4301 2257 3757
7057 4 2 1 1 2452 4300 2256 3756
7058 4 2 1 1 2450 4302 2258 3755
7059 4 2 1 1 2557 3132 2942 2176
7060 4 2 1 1 1456 4486 59 1680
7061 4 2 1 1 2418 2720 3804 4030
7062 4 2 1 1 4545 166 165 840
7063 4 2 1 1 482 3570 370 3919
7064 4 2 1 1 640 3274 2497 3439
7065 4 2 1 1 696 4538 3863 2639
7066 4 2 1 1 2314 2477 4295 2118
7067 4 2 1 1 2222 2532 2980 3114
7068 4 2 1 1 1816 2774 1802 3973
7069 4 2 1 1 2755 3495 2617 3889
7070 4 2 1 1 405 3287 341 3416
7071 4 2 1 1 1732 3414 1581 1645
7072 4 2 1 1 1112 3415 961 1025
7073 4 2 1 1 3136 3662 2932 4265
7074 4 2 1 1 2844 3904 2576 3918
7075 4 2 1 1 1791 1790 2734 3425
7076 4 2 1 1 2586 3298 2206 3634
7077 4 2 1 1 2341 3174 3048 2590
7078 4 2 1 1 4486 4431 1680 2878
7079 4 2 1 1 2732 2449 2834 3252
7080 4 2 1 1 2748 2878 4486 1680
7081 4 2 1 1 2720 3108 2343 3471
7082 4 2 1 1 2069 3783 3322 4296
7083 4 2 1 1 54 220 53 4544
7084 4 2 1 1 4262 3133 3151 3752
7085 4 2 1 1 2069 3115 2590 3783
7086 4 2 1 1 2346 3745 3566 4197
7087 4 2 1 1 2270 2596 3008 3871
7088 4 2 1 1 1188 1189 1183 2946
7089 4 2 1 1 2748 2878 1680 3886
7090 4 2 1 1 3474 2077 2616 3897
7091 4 2 1 1 1229 3505 2567 4219
7092 4 2 1 1 2254 3005 2818 3778
7093 4 2 1 1 3829 3032 3335 2173
7094 4 2 1 1 716 632 3222 3728
7095 4 2 1 1 4485 157 158 1762
7096 4 2 1 1 2737 3350 2366 3549
7097 4 2 1 1 2608 3383 2250 3443
7098 4 2 1 1 663 662 661 2714
7099 4 2 1 1 1370 2641 1436 3732
7100 4 2 1 1 816 750 2642 3733
7101 4 2 1 1 1990 2643 2056 3734
7102 4 2 1 1 1382 2917 1276 3236
7103 4 2 1 1 2861 3538 2267 3575
7104 4 2 1 1 2185 2948 2470 3138
7105 4 2 1 1 2186 2949 2471 3140
7106 4 2 1 1 2187 2950 2472 3139
7107 4 2 1 1 2860 3048 3689 4094
7108 4 2 1 1 1292 1295 1296 2633
7109 4 2 1 1 3639 3503 3309 2585
7110 4 2 1 1 2821 3242 2280 3882
7111 4 2 1 1 490 3813 2702 4241
7112 4 2 1 1 1110 3815 2704 4243
7113 4 2 1 1 1730 3814 2703 4242
7114 4 2 1 1 2143 3338 3141 2794
7115 4 2 1 1 3732 4484 1370 2641
7116 4 2 1 1 2026 2924 1822 4246
7117 4 2 1 1 350 4507 478 207
7118 4 2 1 1 4484 4453 170 1701
7119 4 2 1 1 3284 4088 2330 4361
7120 4 2 1 1 2716 3394 2568 4004
7121 4 2 1 1 970 4485 1098 827
7122 4 2 1 1 596 584 598 2615
7123 4 2 1 1 2985 3979 3514 2442
7124 4 2 1 1 2482 3553 3404 4152
7125 4 2 1 1 4485 4426 1762 158
7126 4 2 1 1 2521 3874 3024 2456
7127 4 2 1 1 3272 3275 2625 3750
7128 4 2 1 1 3639 3309 3503 2207
7129 4 2 1 1 2149 3690 3654 4311
7130 4 2 1 1 2498 2308 3771 3780
7131 4 2 1 1 2235 3160 2803 3283
7132 4 2 1 1 745 4549 532 535
7133 4 2 1 1 3198 3658 3350 2366
7134 4 2 1 1 4339 4230 2248 2772
7135 4 2 1 1 1945 3535 2512 2734
7136 4 2 1 1 485 2778 3799 3854
7137 4 2 1 1 229 2965 447 4372
7138 4 2 1 1 1469 2964 1687 4373
7139 4 2 1 1 849 2966 1067 4371
7140 4 2 1 1 1803 1808 1809 3183
7141 4 2 1 1 2995 3356 2902 4248
7142 4 2 1 1 1673 4549 1717 1714
7143 4 2 1 1 3228 3451 4194 2264
7144 4 2 1 1 3227 3450 4195 2265
7145 4 2 1 1 3229 3449 4196 2266
7146 4 2 1 1 3823 2852 4026 2281
7147 4 2 1 1 2079 3029 2938 4043
7148 4 2 1 1 2597 2583 3382 4180
7149 4 2 1 1 4330 3934 2297 3011
7150 4 2 1 1 4485 4426 2905 1762
7151 4 2 1 1 2882 3260 2503 3993
7152 4 2 1 1 2881 3259 2504 3994
7153 4 2 1 1 2880 3258 2505 3995
7154 4 2 1 1 1120 1017 2849 3624
7155 4 2 1 1 3199 3621 3943 2219
7156 4 2 1 1 4394 3960 2581 3478
7157 4 2 1 1 2235 2466 3220 4107
7158 4 2 1 1 500 4316 3622 397
7159 4 2 1 1 2525 2680 2115 3930
7160 4 2 1 1 1637 2850 1740 3623
7161 4 2 1 1 4330 2297 3934 3682
7162 4 2 1 1 2073 3909 2582 3931
7163 4 2 1 1 977 984 1103 3851
7164 4 2 1 1 3763 4010 2713 4032
7165 4 2 1 1 2276 2686 2804 4204
7166 4 2 1 1 1362 3832 1300 3455
7167 4 2 1 1 3199 3621 2219 2684
7168 4 2 1 1 341 3054 332 3416
7169 4 2 1 1 1572 1581 3053 3414
7170 4 2 1 1 952 961 3055 3415
7171 4 2 1 1 354 356 355 3289
7172 4 2 1 1 2064 2586 3433 4337
7173 4 2 1 1 2235 2801 2667 4181
7174 4 2 1 1 2081 2464 3321 4313
7175 4 2 1 1 2822 3478 1938 4394
7176 4 2 1 1 371 370 432 3570
7177 4 2 1 1 802 527 761 2622
7178 4 2 1 1 1683 171 170 4484
7179 4 2 1 1 2322 3947 3730 4264
7180 4 2 1 1 779 665 663 4082
7181 4 2 1 1 1293 3660 1282 4339
7182 4 2 1 1 661 3217 659 3266
7183 4 2 1 1 2234 2800 2668 4182
7184 4 2 1 1 2153 3721 2680 4108
7185 4 2 1 1 4079 2318 2631 3384
7186 4 2 1 1 4050 3603 3065 2852
7187 4 2 1 1 4484 170 1683 1701
7188 4 2 1 1 2582 2789 2314 3346
7189 4 2 1 1 2675 2089 3431 3235
7190 4 2 1 1 2766 3106 2405 3595
7191 4 2 1 1 224 440 4432 3926
7192 4 2 1 1 1495 2522 1663 4193
7193 4 2 1 1 2441 2171 3211 3276
7194 4 2 1 1 4484 4425 1683 171
7195 4 2 1 1 1295 1434 1296 3496
7196 4 2 1 1 4484 4425 2641 1683
7197 4 2 1 1 2707 2821 2417 3214
7198 4 2 1 1 2389 3137 3347 4037
7199 4 2 1 1 1439 1143 1369 2824
7200 4 2 1 1 2072 3162 2781 4214
7201 4 2 1 1 698 2825 3479 4397
7202 4 2 1 1 3257 3889 3125 4299
7203 4 2 1 1 2086 2688 3552 4135
7204 4 2 1 1 1836 1837 1823 2819
7205 4 2 1 1 2158 3013 2978 3712
7206 4 2 1 1 781 3180 2793 3426
7207 4 2 1 1 2653 3367 3631 3956
7208 4 2 1 1 2382 2545 2792 3193
7209 4 2 1 1 2892 3029 2320 3315
7210 4 2 1 1 2166 3029 2892 3315
7211 4 2 1 1 2221 3604 2531 3883
7212 4 2 1 1 309 3167 2489 3766
7213 4 2 1 1 2488 1549 3166 3764
7214 4 2 1 1 2490 929 3168 3765
7215 4 2 1 1 595 739 729 3086
7216 4 2 1 1 1543 1542 1530 4141
7217 4 2 1 1 302 290 303 4140
7218 4 2 1 1 922 910 923 4139
7219 4 2 1 1 1600 2700 1605 3797
7220 4 2 1 1 3829 3032 2173 3638
7221 4 2 1 1 2578 3353 3278 3699
7222 4 2 1 1 3663 3432 2095 2806
7223 4 2 1 1 1052 3073 991 3628
7224 4 2 1 1 1075 1042 2704 4382
7225 4 2 1 1 2163 2845 2733 4051
7226 4 2 1 1 4079 2631 2318 3069
7227 4 2 1 1 4484 1701 1683 3862
7228 4 2 1 1 1475 2950 1476 3923
7229 4 2 1 1 235 2949 236 3924
7230 4 2 1 1 980 2701 985 3798
7231 4 2 1 1 2994 4174 2900 2180
7232 4 2 1 1 2283 3134 2802 4023
7233 4 2 1 1 2973 4044 2867 2589
7234 4 2 1 1 2283 2802 3134 3290
7235 4 2 1 1 2973 4044 2339 2867
7236 4 2 1 1 3484 3561 2269 3908
7237 4 2 1 1 3409 3142 2526 2181
7238 4 2 1 1 2421 3113 693 3266
7239 4 2 1 1 569 2428 729 563
7240 4 2 1 1 2551 3585 3399 3994
7241 4 2 1 1 2311 2926 3541 4344
7242 4 2 1 1 2075 2613 3010 2296
7243 4 2 1 1 4484 1683 2641 3862
7244 4 2 1 1 1900 2820 3348 4159
7245 4 2 1 1 1220 3434 1232 3559
7246 4 2 1 1 2179 4248 3719 2995
7247 4 2 1 1 2315 2646 2812 4346
7248 4 2 1 1 2090 2752 2252 3476
7249 4 2 1 1 1226 3360 2439 4250
7250 4 2 1 1 2307 2583 2741 4345
7251 4 2 1 1 1847 2678 3397 3921
7252 4 2 1 1 2073 2618 3931 4002
7253 4 2 1 1 1648 3079 1657 3407
7254 4 2 1 1 1028 3080 1037 3406
7255 4 2 1 1 408 3078 417 3408
7256 4 2 1 1 3841 3278 2624 2078
7257 4 2 1 1 3719 4248 2179 2912
7258 4 2 1 1 2285 3164 2890 3182
7259 4 2 1 1 3702 2815 2373 4319
7260 4 2 1 1 2617 2509 3880 3920
7261 4 2 1 1 1958 1872 3370 3736
7262 4 2 1 1 4287 3490 3240 2895
7263 4 2 1 1 2152 3272 2675 3747
7264 4 2 1 1 2283 3061 2760 3709
7265 4 2 1 1 4119 426 328 380
7266 4 2 1 1 3248 3820 3852 2537
7267 4 2 1 1 2426 3218 2817 3632
7268 4 2 1 1 2227 2786 2705 4119
7269 4 2 1 1 2212 2758 3482 3992
7270 4 2 1 1 781 4514 804 514
7271 4 2 1 1 2571 2116 3031 3560
7272 4 2 1 1 2321 2924 3185 3435
7273 4 2 1 1 2861 474 477 433
7274 4 2 1 1 1606 3811 1696 4255
7275 4 2 1 1 2313 4075 3057 4395
7276 4 2 1 1 2268 2252 2824 3472
7277 4 2 1 1 1063 75 74 4483
7278 4 2 1 1 4483 74 1063 1081
7279 4 2 1 1 4483 4424 1063 75
7280 4 2 1 1 3416 2258 2797 4342
7281 4 2 1 1 2798 3414 2828 4340
7282 4 2 1 1 2799 3415 2827 4341
7283 4 2 1 1 1692 3248 2952 3453
7284 4 2 1 1 452 3249 2951 3452
7285 4 2 1 1 1072 3250 2953 3454
7286 4 2 1 1 3621 3839 2684 3199
7287 4 2 1 1 2067 3024 2482 3662
7288 4 2 1 1 2890 3164 2182 3182
7289 4 2 1 1 1913 3872 2497 1904
7290 4 2 1 1 2324 3375 3707 4031
7291 4 2 1 1 2234 2467 2668 3336
7292 4 2 1 1 2825 4000 3574 4245
7293 4 2 1 1 477 4413 474 2861
7294 4 2 1 1 1263 2823 1250 3878
7295 4 2 1 1 2164 2630 2929 3160
7296 4 2 1 1 1185 3469 1184 4187
7297 4 2 1 1 2693 3000 2205 4027
7298 4 2 1 1 2169 3052 2523 3114
7299 4 2 1 1 2152 2647 4096 4333
7300 4 2 1 1 4211 2837 3341 1722
7301 4 2 1 1 2787 3245 2211 4379
7302 4 2 1 1 3061 3170 2558 4080
7303 4 2 1 1 2437 2924 2814 3435
7304 4 2 1 1 289 2846 301 3821
7305 4 2 1 1 1529 2847 1541 3820
7306 4 2 1 1 909 2848 921 3822
7307 4 2 1 1 2524 2110 3074 3883
7308 4 2 1 1 513 4519 2849 4437
7309 4 2 1 1 1783 2600 3034 4175
7310 4 2 1 1 1690 1692 1443 2952
7311 4 2 1 1 202 450 452 2951
7312 4 2 1 1 822 1070 1072 2953
7313 4 2 1 1 2601 3032 543 4178
7314 4 2 1 1 1133 4520 2850 4438
7315 4 2 1 1 948 2668 1104 3700
7316 4 2 1 1 2346 3564 2999 4038
7317 4 2 1 1 2237 2782 2623 4306
7318 4 2 1 1 348 3817 2906 214
7319 4 2 1 1 1588 3818 2907 1453
7320 4 2 1 1 968 3816 2908 834
7321 4 2 1 1 2339 4201 3895 4383
7322 4 2 1 1 2152 3317 3272 3747
7323 4 2 1 1 1491 1549 1493 3166
7324 4 2 1 1 309 253 251 3167
7325 4 2 1 1 871 929 873 3168
7326 4 2 1 1 3892 4045 2663 3081
7327 4 2 1 1 1663 2522 3399 4100
7328 4 2 1 1 423 2524 3400 4101
7329 4 2 1 1 4483 4424 2642 1063
7330 4 2 1 1 630 601 2648 3661
7331 4 2 1 1 3484 3612 2269 3561
7332 4 2 1 1 2877 2716 2086 3497
7333 4 2 1 1 485 358 2778 3854
7334 4 2 1 1 2851 3565 1164 3635
7335 4 2 1 1 2426 3351 3099 3412
7336 4 2 1 1 1724 1568 2667 3701
7337 4 2 1 1 3888 4042 2660 3077
7338 4 2 1 1 401 3280 3143 3534
7339 4 2 1 1 2730 2780 2397 4239
7340 4 2 1 1 2154 4362 2975 2877
7341 4 2 1 1 1184 3469 2695 4187
7342 4 2 1 1 2841 2210 3560 4044
7343 4 2 1 1 2123 2782 3758 3369
7344 4 2 1 1 2303 3007 2935 3523
7345 4 2 1 1 2406 2741 2753 4345
7346 4 2 1 1 1217 2926 1216 3067
7347 4 2 1 1 2220 2537 3188 3195
7348 4 2 1 1 2221 2536 3187 3196
7349 4 2 1 1 2222 2538 3189 3194
7350 4 2 1 1 2282 3107 3074 3664
7351 4 2 1 1 1928 2698 1927 2029
7352 4 2 1 1 1675 3226 4221 2907
7353 4 2 1 1 347 2242 2906 3225
7354 4 2 1 1 2244 1055 4220 3224
7355 4 2 1 1 2618 3298 2288 3583
7356 4 2 1 1 1100 964 962 4111
7357 4 2 1 1 855 2948 856 3944
7358 4 2 1 1 3448 3909 2582 2073
7359 4 2 1 1 2232 2971 2676 3897
7360 4 2 1 1 359 2778 358 3289
7361 4 2 1 1 2124 2752 2963 4346
7362 4 2 1 1 1422 2620 1381 3789
7363 4 2 1 1 2730 4137 3044 4335
7364 4 2 1 1 2237 3263 2615 3318
7365 4 2 1 1 2141 2821 2570 3979
7366 4 2 1 1 2359 2448 3729 3978
7367 4 2 1 1 2445 2238 3153 3711
7368 4 2 1 1 2272 3327 2806 3680
7369 4 2 1 1 2654 3033 2360 4169
7370 4 2 1 1 2483 2173 3113 3638
7371 4 2 1 1 2062 3108 3109 3110
7372 4 2 1 1 2464 3948 2750 4129
7373 4 2 1 1 229 3510 2965 4372
7374 4 2 1 1 1469 3509 2964 4373
7375 4 2 1 1 849 3508 2966 4371
7376 4 2 1 1 538 537 539 3277
7377 4 2 1 1 2664 3749 2491 4247
7378 4 2 1 1 2104 3056 2893 2554
7379 4 2 1 1 2722 2852 2301 3321
7380 4 2 1 1 2721 2854 2300 3319
7381 4 2 1 1 2674 3443 2591 4036
7382 4 2 1 1 2190 3079 2751 4232
7383 4 2 1 1 2377 2751 3079 4232
7384 4 2 1 1 3734 3738 3027 4122
7385 4 2 1 1 3732 3741 3026 4124
7386 4 2 1 1 3733 3742 3025 4123
7387 4 2 1 1 2151 2599 3009 3782
7388 4 2 1 1 2404 3495 2142 3543
7389 4 2 1 1 4221 3226 1466 2827
7390 4 2 1 1 435 2242 226 4222
7391 4 2 1 1 4220 3224 846 2826
7392 4 2 1 1 1612 1609 1611 3669
7393 4 2 1 1 354 4200 3582 352
7394 4 2 1 1 2676 2240 3172 4170
7395 4 2 1 1 2488 3166 1549 3970
7396 4 2 1 1 4483 1081 1063 3861
7397 4 2 1 1 2490 3168 929 3971
7398 4 2 1 1 2417 2821 2707 3882
7399 4 2 1 1 1777 1779 1778 3279
7400 4 2 1 1 2145 2530 3332 3395
7401 4 2 1 1 2617 2755 2416 3495
7402 4 2 1 1 2473 3109 3108 3110
7403 4 2 1 1 2064 3367 3433 2586
7404 4 2 1 1 4483 1063 2642 3861
7405 4 2 1 1 1527 1699 1619 2958
7406 4 2 1 1 1365 1277 1311 3575
7407 4 2 1 1 2971 3890 2480 4164
7408 4 2 1 1 1301 1300 2527 3455
7409 4 2 1 1 2560 2105 2660 4319
7410 4 2 1 1 2229 2913 2886 3378
7411 4 2 1 1 2230 2912 2887 3379
7412 4 2 1 1 2422 3437 2773 3693
7413 4 2 1 1 4482 193 192 1754
7414 4 2 1 1 2223 2923 2621 3251
7415 4 2 1 1 3084 3301 1949 3677
7416 4 2 1 1 2384 3516 2514 3544
7417 4 2 1 1 2309 3156 3880 3157
7418 4 2 1 1 308 2882 321 3260
7419 4 2 1 1 1561 1548 2881 3259
7420 4 2 1 1 928 2880 941 3258
7421 4 2 1 1 2146 3755 2627 4233
7422 4 2 1 1 2147 3756 2628 4234
7423 4 2 1 1 2148 3757 2629 4235
7424 4 2 1 1 1536 2441 3326 4389
7425 4 2 1 1 2442 3327 296 4390
7426 4 2 1 1 785 665 779 4285
7427 4 2 1 1 2258 3287 2826 4342
7428 4 2 1 1 2827 3415 2256 3286
7429 4 2 1 1 2828 3414 2257 3285
7430 4 2 1 1 1806 1807 1812 2924
7431 4 2 1 1 3264 1354 1199 2805
7432 4 2 1 1 2820 3484 2269 3908
7433 4 2 1 1 2116 4044 2867 3031
7434 4 2 1 1 1977 3685 1953 3706
7435 4 2 1 1 2150 2598 2716 3772
7436 4 2 1 1 2721 3109 2344 3491
7437 4 2 1 1 2432 3496 3097 4311
7438 4 2 1 1 2500 2874 3580 3717
7439 4 2 1 1 2502 2875 3581 3718
7440 4 2 1 1 2806 3327 2548 3680
7441 4 2 1 1 1134 4480 193 4482
7442 4 2 1 1 2688 2872 2291 3158
7443 4 2 1 1 683 3256 4095 4379
7444 4 2 1 1 2741 3959 4281 3119
7445 4 2 1 1 2559 4077 2663 4317
7446 4 2 1 1 644 2648 630 723
7447 4 2 1 1 2741 3959 3119 2406
7448 4 2 1 1 3930 3959 2584 4199
7449 4 2 1 1 749 819 2820 3774
7450 4 2 1 1 3370 2496 3461 3855
7451 4 2 1 1 2687 2870 2292 3154
7452 4 2 1 1 3975 2730 2357 4198
7453 4 2 1 1 974 976 975 3234
7454 4 2 1 1 2578 2078 3278 3353
7455 4 2 1 1 991 3073 994 3302
7456 4 2 1 1 1793 1949 3301 3677
7457 4 2 1 1 2336 3190 3791 4304
7458 4 2 1 1 2337 3191 3790 4305
7459 4 2 1 1 2338 3192 3792 4303
7460 4 2 1 1 1647 3079 3994 3399
7461 4 2 1 1 1596 1595 1594 3233
7462 4 2 1 1 2877 3497 2086 4135
7463 4 2 1 1 1134 4480 4482 3002
7464 4 2 1 1 734 2831 579 3198
7465 4 2 1 1 1802 2859 1801 3159
7466 4 2 1 1 2243 2907 3269 3025
7467 4 2 1 1 2242 2906 3270 3026
7468 4 2 1 1 2244 2908 3271 3027
7469 4 2 1 1 2020 4482 4448 192
7470 4 2 1 1 2676 3493 2898 4354
7471 4 2 1 1 3264 1199 1354 1198
7472 4 2 1 1 1792 3301 2512 3683
7473 4 2 1 1 1084 3390 3417 4382
7474 4 2 1 1 3076 3541 2311 4270
7475 4 2 1 1 2535 2215 2816 4184
7476 4 2 1 1 2758 2212 2650 3867
7477 4 2 1 1 1961 2535 1836 3921
7478 4 2 1 1 1287 3244 3615 4172
7479 4 2 1 1 2162 2445 3456 3613
7480 4 2 1 1 3179 2073 4257 2562
7481 4 2 1 1 2374 2859 2647 3183
7482 4 2 1 1 2020 4482 192 1754
7483 4 2 1 1 1720 1584 1582 4112
7484 4 2 1 1 1485 2533 3462 4326
7485 4 2 1 1 4464 636 4283 752
7486 4 2 1 1 1576 1667 1644 4385
7487 4 2 1 1 3496 3866 2432 4022
7488 4 2 1 1 3540 2339 2724 2914
7489 4 2 1 1 1982 2757 1920 1921
7490 4 2 1 1 2085 2599 2817 3402
7491 4 2 1 1 2148 2517 3046 4070
7492 4 2 1 1 2147 2518 3047 4071
7493 4 2 1 1 2146 2519 3045 4072
7494 4 2 1 1 1754 2712 4482 3002
7495 4 2 1 1 346 4412 202 2951
7496 4 2 1 1 61 62 4481 1445
7497 4 2 1 1 1445 4481 61 1681
7498 4 2 1 1 638 653 2698 3481
7499 4 2 1 1 876 877 869 3610
7500 4 2 1 1 2526 3437 2925 3563
7501 4 2 1 1 1489 1496 1497 3611
7502 4 2 1 1 601 2648 3049 3671
7503 4 2 1 1 587 4097 3578 4158
7504 4 2 1 1 4498 2644 209 3884
7505 4 2 1 1 4481 1695 3385 1681
7506 4 2 1 1 4481 4402 1445 62
7507 4 2 1 1 4481 1695 1681 1445
7508 4 2 1 1 2079 2938 2832 3802
7509 4 2 1 1 2099 3110 2722 3374
7510 4 2 1 1 2100 3108 2720 3375
7511 4 2 1 1 2098 3109 2721 3376
7512 4 2 1 1 1954 3677 1859 3731
7513 4 2 1 1 4324 2183 2781 3554
7514 4 2 1 1 1779 3279 1777 4351
7515 4 2 1 1 2234 3215 3853 3893
7516 4 2 1 1 3456 3996 3490 4270
7517 4 2 1 1 1192 1201 3496 3541
7518 4 2 1 1 720 595 722 2623
7519 4 2 1 1 2149 2520 2474 3097
7520 4 2 1 1 4463 1256 4284 1372
7521 4 2 1 1 631 718 617 4349
7522 4 2 1 1 2086 2598 2815 3405
7523 4 2 1 1 2560 2184 3064 3551
7524 4 2 1 1 2112 2532 3441 3605
7525 4 2 1 1 2248 2745 3615 3171
7526 4 2 1 1 2498 3179 2314 3346
7527 4 2 1 1 2630 3885 3136 4237
7528 4 2 1 1 3034 3121 1782 4175
7529 4 2 1 1 2258 3416 3287 4342
7530 4 2 1 1 2828 3414 3285 1732
7531 4 2 1 1 2827 3415 3286 1112
7532 4 2 1 1 3084 3903 2332 3988
7533 4 2 1 1 2162 3759 3541 2926
7534 4 2 1 1 543 3032 2601 3881
7535 4 2 1 1 3540 2339 2914 4044
7536 4 2 1 1 4481 4402 2703 1445
7537 4 2 1 1 2894 4271 4057 2579
7538 4 2 1 1 2116 3560 2571 3670
7539 4 2 1 1 2391 2571 3560 3670
7540 4 2 1 1 1783 3034 2600 3879
7541 4 2 1 1 1105 2777 3798 3851
7542 4 2 1 1 2592 2261 3445 4145
7543 4 2 1 1 2262 3446 2593 4147
7544 4 2 1 1 2263 3447 2594 4146
7545 4 2 1 1 1876 4465 4286 4156
7546 4 2 1 1 1751 2021 2044 2693
7547 4 2 1 1 2182 3534 3143 4207
7548 4 2 1 1 2345 3566 4068 2591
7549 4 2 1 1 2429 3753 2940 2175
7550 4 2 1 1 2430 3752 2941 3133
7551 4 2 1 1 480 344 342 4113
7552 4 2 1 1 356 3289 354 3784
7553 4 2 1 1 3871 4142 3240 2596
7554 4 2 1 1 2431 3751 2942 2176
7555 4 2 1 1 2314 3179 2498 2118
7556 4 2 1 1 3879 3492 2600 2363
7557 4 2 1 1 3668 4450 4466 1270
7558 4 2 1 1 2885 2522 2111 4232
7559 4 2 1 1 3176 3577 2955 4131
7560 4 2 1 1 3240 4142 3871 2097
7561 4 2 1 1 2450 4302 3508 2258
7562 4 2 1 1 3333 4271 4057 2259
7563 4 2 1 1 2497 3274 640 3661
7564 4 2 1 1 308 2882 3260 4241
7565 4 2 1 1 2881 3259 1548 4242
7566 4 2 1 1 2880 3258 928 4243
7567 4 2 1 1 3841 3278 2078 3353
7568 4 2 1 1 2280 2721 3491 3882
7569 4 2 1 1 2451 4301 3510 2257
7570 4 2 1 1 2131 3045 2719 3965
7571 4 2 1 1 2130 3047 2718 3966
7572 4 2 1 1 2129 3046 2717 3967
7573 4 2 1 1 2122 2568 3394 4004
7574 4 2 1 1 2579 3344 3710 4395
7575 4 2 1 1 2611 2997 2157 3185
7576 4 2 1 1 542 3032 3113 4178
7577 4 2 1 1 2542 2919 3984 2133
7578 4 2 1 1 1784 1782 3034 3121
7579 4 2 1 1 2086 2815 2598 3516
7580 4 2 1 1 357 3289 358 3854
7581 4 2 1 1 2719 3045 2131 3915
7582 4 2 1 1 2718 3047 2130 3914
7583 4 2 1 1 2717 2652 2129 2608
7584 4 2 1 1 2312 3550 2568 3619
7585 4 2 1 1 3290 3996 2802 4106
7586 4 2 1 1 1777 2838 1768 3342
7587 4 2 1 1 537 2837 529 3341
7588 4 2 1 1 2529 2617 2103 2755
7589 4 2 1 1 2066 3099 3487 3504
7590 4 2 1 1 3420 3753 2519 3911
7591 4 2 1 1 2836 1157 1148 1156
7592 4 2 1 1 1038 915 1035 3527
7593 4 2 1 1 2106 3554 3218 4077
7594 4 2 1 1 3484 2269 3612 2868
7595 4 2 1 1 1439 2824 1369 3768
7596 4 2 1 1 2777 3234 3172 3851
7597 4 2 1 1 1192 3496 1186 3866
7598 4 2 1 1 2707 3074 2282 3107
7599 4 2 1 1 2288 2670 2595 3433
7600 4 2 1 1 2002 3478 2916 3526
7601 4 2 1 1 762 3479 2918 3525
7602 4 2 1 1 1208 3129 3827 4250
7603 4 2 1 1 2123 2782 3369 3710
7604 4 2 1 1 1177 2569 1176 3653
7605 4 2 1 1 2291 2872 2688 3552
7606 4 2 1 1 2239 2778 2711 2143
7607 4 2 1 1 4468 2712 3660 1293
7608 4 2 1 1 1769 2051 2619 3470
7609 4 2 1 1 884 2559 3892 3643
7610 4 2 1 1 2309 3880 2617 3157
7611 4 2 1 1 3333 4057 4271 2579
7612 4 2 1 1 3772 2685 2365 4293
7613 4 2 1 1 854 3138 2948 3458
7614 4 2 1 1 1474 3139 2950 3459
7615 4 2 1 1 234 3140 2949 3460
7616 4 2 1 1 2758 2650 2212 3482
7617 4 2 1 1 483 364 3357 3854
7618 4 2 1 1 2714 2823 2465 3668
7619 4 2 1 1 3737 2614 2153 2851
7620 4 2 1 1 3322 2590 2474 3783
7621 4 2 1 1 3884 4462 2917 378
7622 4 2 1 1 2105 3553 3404 4081
7623 4 2 1 1 4285 3315 3829 2166
7624 4 2 1 1 256 476 272 4393
7625 4 2 1 1 2076 3246 2768 3606
7626 4 2 1 1 2917 4462 3884 1380
7627 4 2 1 1 2423 3070 2226 2939
7628 4 2 1 1 3699 3539 3117 2246
7629 4 2 1 1 2543 2921 3980 2134
7630 4 2 1 1 2090 3885 2630 4237
7631 4 2 1 1 2923 3660 2248 4339
7632 4 2 1 1 670 2602 3482 3850
7633 4 2 1 1 544 542 3032 3113
7634 4 2 1 1 2879 3949 2515 2085
7635 4 2 1 1 672 2602 670 675
7636 4 2 1 1 2559 3145 2183 3554
7637 4 2 1 1 2560 3146 2184 3551
7638 4 2 1 1 426 286 3120 3521
7639 4 2 1 1 2446 2279 3512 3737
7640 4 2 1 1 1192 1187 3541 3866
7641 4 2 1 1 2390 3261 3137 3925
7642 4 2 1 1 1221 2646 1249 3618
7643 4 2 1 1 4514 4479 2793 804
7644 4 2 1 1 3079 3585 3994 3399
7645 4 2 1 1 1946 3478 2002 3526
7646 4 2 1 1 706 3479 762 3525
7647 4 2 1 1 2575 3096 2131 3834
7648 4 2 1 1 2212 2510 2895 3867
7649 4 2 1 1 621 622 602 4294
7650 4 2 1 1 853 3569 2948 4049
7651 4 2 1 1 233 3568 2949 4047
7652 4 2 1 1 1473 3567 2950 4048
7653 4 2 1 1 2417 3214 2821 3242
7654 4 2 1 1 2057 193 194 4480
7655 4 2 1 1 835 4541 1088 11
7656 4 2 1 1 2558 3061 2277 3170
7657 4 2 1 1 2935 3007 2303 3875
7658 4 2 1 1 2237 3318 2928 4352
7659 4 2 1 1 2096 2546 2457 3157
7660 4 2 1 1 3944 3965 4049 2948
7661 4 2 1 1 2452 4300 3509 2256
7662 4 2 1 1 4281 2695 3241 2307
7663 4 2 1 1 2653 3631 3914 3956
7664 4 2 1 1 2665 3193 2075 2296
7665 4 2 1 1 261 423 2524 255
7666 4 2 1 1 1424 4474 4480 3002
7667 4 2 1 1 2231 3345 2932 3788
7668 4 2 1 1 2171 2779 2281 2111
7669 4 2 1 1 2153 3251 2790 3819
7670 4 2 1 1 3055 3987 2507 4149
7671 4 2 1 1 3053 3986 2506 4150
7672 4 2 1 1 3054 3985 2508 4151
7673 4 2 1 1 2387 2566 2928 3873
7674 4 2 1 1 3244 1415 2427 4022
7675 4 2 1 1 2447 3193 3677 4177
7676 4 2 1 1 2932 3345 2624 3788
7677 4 2 1 1 2331 3349 2840 3762
7678 4 2 1 1 2390 3204 2747 4018
7679 4 2 1 1 2102 4010 3763 4032
7680 4 2 1 1 2544 2922 3977 2135
7681 4 2 1 1 298 3598 292 4151
7682 4 2 1 1 1538 3597 1532 4150
7683 4 2 1 1 918 3596 912 4149
7684 4 2 1 1 2081 3321 3806 4026
7685 4 2 1 1 2083 3319 3805 4025
7686 4 2 1 1 1504 2560 3888 3633
7687 4 2 1 1 2817 3849 4130 2383
7688 4 2 1 1 2754 3161 2348 4338
7689 4 2 1 1 2996 3355 2470 3944
7690 4 2 1 1 723 2648 601 3671
7691 4 2 1 1 934 3527 1080 3927
7692 4 2 1 1 2057 1754 193 4480
7693 4 2 1 1 3382 2583 2564 4180
7694 4 2 1 1 3528 1563 1557 2866
7695 4 2 1 1 3833 2817 2372 4317
7696 4 2 1 1 3435 4074 3174 4127
7697 4 2 1 1 2602 4043 3029 4073
7698 4 2 1 1 1754 2057 3002 4480
7699 4 2 1 1 3009 3949 2879 2085
7700 4 2 1 1 2341 3170 3061 4080
7701 4 2 1 1 2505 2634 2880 3912
7702 4 2 1 1 406 402 298 2689
7703 4 2 1 1 2094 2519 3422 3755
7704 4 2 1 1 2092 2517 3424 3757
7705 4 2 1 1 2093 2518 3423 3756
7706 4 2 1 1 2332 3600 2732 3705
7707 4 2 1 1 2299 3126 3164 3729
7708 4 2 1 1 2230 2887 2912 3810
7709 4 2 1 1 2682 2776 2200 3310
7710 4 2 1 1 2119 3135 3298 3634
7711 4 2 1 1 3002 2215 4230 4274
7712 4 2 1 1 1022 1028 1037 3406
7713 4 2 1 1 1642 1648 1657 3407
7714 4 2 1 1 402 408 417 3408
7715 4 2 1 1 2666 3630 3524 3877
7716 4 2 1 1 2275 2685 3497 4228
7717 4 2 1 1 3885 2963 3659 2173
7718 4 2 1 1 2764 3616 2058 3538
7719 4 2 1 1 2067 2713 2482 3024
7720 4 2 1 1 802 3186 2622 3703
7721 4 2 1 1 2326 4103 3050 4193
7722 4 2 1 1 2150 3173 2630 3584
7723 4 2 1 1 2968 3411 2419 3948
7724 4 2 1 1 2119 3298 2618 3583
7725 4 2 1 1 2082 3320 3807 4030
7726 4 2 1 1 2162 3541 3076 4270
7727 4 2 1 1 2234 3853 2655 3893
7728 4 2 1 1 2169 3213 4021 2523
7729 4 2 1 1 3258 1022 3995 941
7730 4 2 1 1 1105 978 2777 3851
7731 4 2 1 1 3995 2691 3258 2505
7732 4 2 1 1 2222 3605 2532 3114
7733 4 2 1 1 2119 3135 2618 3298
7734 4 2 1 1 2170 3074 2707 3107
7735 4 2 1 1 2159 3014 3040 2217
7736 4 2 1 1 2160 3015 3039 2216
7737 4 2 1 1 2508 3013 3041 2218
7738 4 2 1 1 2205 3000 2693 3481
7739 4 2 1 1 2873 2140 3175 3681
7740 4 2 1 1 1951 1978 1979 3685
7741 4 2 1 1 2077 3536 2576 3713
7742 4 2 1 1 2292 2870 2687 2515
7743 4 2 1 1 1910 2035 1915 4246
7744 4 2 1 1 1692 1586 2952 3248
7745 4 2 1 1 346 2951 452 3249
7746 4 2 1 1 966 2953 1072 3250
7747 4 2 1 1 3137 3275 2388 4350
7748 4 2 1 1 1021 3281 3145 3533
7749 4 2 1 1 1074 3580 2592 4145
7750 4 2 1 1 1694 3581 2594 4146
7751 4 2 1 1 454 3582 2593 4147
7752 4 2 1 1 2690 3259 3994 2504
7753 4 2 1 1 2306 2886 3517 4174
7754 4 2 1 1 1699 3303 1619 2958
7755 4 2 1 1 464 493 2935 3477
7756 4 2 1 1 2270 2588 3008 3845
7757 4 2 1 1 2169 2563 3175 3767
7758 4 2 1 1 3827 4250 3129 3133
7759 4 2 1 1 3532 1544 3282 1641
7760 4 2 1 1 2894 3339 2428 3922
7761 4 2 1 1 2117 2665 2208 3903
7762 4 2 1 1 4544 482 3340 2836
7763 4 2 1 1 360 361 362 4089
7764 4 2 1 1 2065 3035 4013 2295
7765 4 2 1 1 2404 3334 2626 3666
7766 4 2 1 1 605 728 2557 4158
7767 4 2 1 1 1172 3003 1171 3123
7768 4 2 1 1 3771 3010 3262 2118
7769 4 2 1 1 3433 3583 2288 4337
7770 4 2 1 1 24 23 223 4434
7771 4 2 1 1 2646 3498 1221 3562
7772 4 2 1 1 2345 2591 2309 3566
7773 4 2 1 1 1910 4246 1915 4308
7774 4 2 1 1 2258 3224 2826 4371
7775 4 2 1 1 2256 3226 2827 4373
7776 4 2 1 1 2257 3225 2828 4372
7777 4 2 1 1 4184 3989 2215 2816
7778 4 2 1 1 2469 2928 2566 3494
7779 4 2 1 1 2380 2931 3469 3951
7780 4 2 1 1 3183 3410 2449 4292
7781 4 2 1 1 1754 3002 2057 2050
7782 4 2 1 1 2191 3912 2505 3995
7783 4 2 1 1 2180 2573 2913 3887
7784 4 2 1 1 2239 2794 3004 3606
7785 4 2 1 1 2453 3583 2586 2578
7786 4 2 1 1 1852 3480 3116 3535
7787 4 2 1 1 2690 3994 3259 1561
7788 4 2 1 1 2550 3527 3991 2273
7789 4 2 1 1 2279 3202 2645 4199
7790 4 2 1 1 2142 2684 4076 2381
7791 4 2 1 1 264 304 409 3636
7792 4 2 1 1 483 357 364 3854
7793 4 2 1 1 2621 2923 2248 3251
7794 4 2 1 1 1437 113 114 4479
7795 4 2 1 1 1839 1833 1840 3116
7796 4 2 1 1 600 599 593 3117
7797 4 2 1 1 3260 2689 3993 321
7798 4 2 1 1 2415 2767 2525 4347
7799 4 2 1 1 2871 1312 1201 1297
7800 4 2 1 1 2077 2770 2576 3918
7801 4 2 1 1 813 2497 639 3082
7802 4 2 1 1 2154 3231 2569 3607
7803 4 2 1 1 1403 4479 114 4447
7804 4 2 1 1 4136 2722 3823 2852
7805 4 2 1 1 2902 3111 2179 4248
7806 4 2 1 1 3356 3856 2902 4248
7807 4 2 1 1 3057 3369 2314 3773
7808 4 2 1 1 585 594 580 3366
7809 4 2 1 1 2363 3142 2616 3492
7810 4 2 1 1 1722 1460 2837 3341
7811 4 2 1 1 2526 2925 2773 3284
7812 4 2 1 1 1437 4514 1430 1131
7813 4 2 1 1 4447 4479 688 3992
7814 4 2 1 1 1205 3562 1214 4363
7815 4 2 1 1 2042 3177 2604 3761
7816 4 2 1 1 3707 3804 3375 4256
7817 4 2 1 1 2926 3067 2445 3759
7818 4 2 1 1 420 2991 421 3477
7819 4 2 1 1 2359 2631 3056 3347
7820 4 2 1 1 2178 2240 2676 4170
7821 4 2 1 1 2760 3240 2283 3709
7822 4 2 1 1 1437 4514 1131 113
7823 4 2 1 1 979 2777 978 3234
7824 4 2 1 1 4545 1102 3342 2838
7825 4 2 1 1 2614 2851 2745 2153
7826 4 2 1 1 630 601 723 2648
7827 4 2 1 1 1961 2816 2535 3921
7828 4 2 1 1 3317 3252 4333 2393
7829 4 2 1 1 1599 2776 1598 3233
7830 4 2 1 1 2482 3404 3763 4152
7831 4 2 1 1 2270 2566 2588 4056
7832 4 2 1 1 2239 2794 3141 3377
7833 4 2 1 1 1163 1314 1197 3565
7834 4 2 1 1 4208 4257 2290 3485
7835 4 2 1 1 220 4499 4544 54
7836 4 2 1 1 3993 2689 3260 2503
7837 4 2 1 1 493 3477 421 3507
7838 4 2 1 1 2721 3376 2417 4128
7839 4 2 1 1 313 293 306 2991
7840 4 2 1 1 933 913 926 2993
7841 4 2 1 1 1533 1546 1553 2992
7842 4 2 1 1 360 2711 365 3799
7843 4 2 1 1 2076 2794 3246 3606
7844 4 2 1 1 1844 1799 1794 3425
7845 4 2 1 1 2479 3706 3397 4252
7846 4 2 1 1 2793 3505 2212 3992
7847 4 2 1 1 3652 3591 1125 3624
7848 4 2 1 1 2267 3093 2836 3308
7849 4 2 1 1 1364 1134 2712 4274
7850 4 2 1 1 2530 2173 3395 3885
7851 4 2 1 1 1273 2793 1437 3992
7852 4 2 1 1 2221 2981 2531 3387
7853 4 2 1 1 2220 2982 2533 3388
7854 4 2 1 1 2222 2980 2532 3386
7855 4 2 1 1 2127 2477 3890 4164
7856 4 2 1 1 2674 2514 3518 3552
7857 4 2 1 1 2239 3095 2711 3799
7858 4 2 1 1 2251 2746 2298 3438
7859 4 2 1 1 2893 3392 2388 4190
7860 4 2 1 1 3868 3951 2735 3231
7861 4 2 1 1 2163 2845 2590 4074
7862 4 2 1 1 2793 1437 3992 4479
7863 4 2 1 1 737 735 3022 4185
7864 4 2 1 1 3345 2078 2624 3788
7865 4 2 1 1 3170 3174 2590 4127
7866 4 2 1 1 2364 2182 3182 3143
7867 4 2 1 1 2334 2695 3396 4187
7868 4 2 1 1 2149 3076 4094 4391
7869 4 2 1 1 1872 2839 3370 3736
7870 4 2 1 1 1513 2958 1527 3206
7871 4 2 1 1 98 97 2044 4478
7872 4 2 1 1 2359 2448 3056 3729
7873 4 2 1 1 2765 2432 3866 4022
7874 4 2 1 1 2497 3439 3274 3872
7875 4 2 1 1 661 2714 3217 3266
7876 4 2 1 1 2813 3292 2231 3945
7877 4 2 1 1 3737 2614 2851 3630
7878 4 2 1 1 981 2701 980 4121
7879 4 2 1 1 2409 3490 2920 3709
7880 4 2 1 1 2525 2767 2415 3894
7881 4 2 1 1 1625 2742 1628 3453
7882 4 2 1 1 385 2743 388 3452
7883 4 2 1 1 1005 2744 1008 3454
7884 4 2 1 1 4478 2044 98 1928
7885 4 2 1 1 533 797 771 2868
7886 4 2 1 1 2115 3930 2645 3959
7887 4 2 1 1 2766 3595 2405 3803
7888 4 2 1 1 3402 2286 3253 2795
7889 4 2 1 1 2669 3164 2285 3182
7890 4 2 1 1 2200 2769 3310 3714
7891 4 2 1 1 2906 2242 3732 3026
7892 4 2 1 1 2907 2243 3733 3025
7893 4 2 1 1 2908 2244 3734 3027
7894 4 2 1 1 1601 2700 1600 4125
7895 4 2 1 1 361 3840 362 4089
7896 4 2 1 1 2892 3030 667 4285
7897 4 2 1 1 2315 2805 2803 3584
7898 4 2 1 1 1674 4457 2918 4144
7899 4 2 1 1 1054 4458 2916 4143
7900 4 2 1 1 2700 3077 2329 4255
7901 4 2 1 1 1038 2550 898 915
7902 4 2 1 1 1165 1164 3565 3635
7903 4 2 1 1 2077 3713 2576 4065
7904 4 2 1 1 1357 2476 3220 3789
7905 4 2 1 1 501 374 376 4375
7906 4 2 1 1 1487 3462 2885 4326
7907 4 2 1 1 2512 3535 1945 3683
7908 4 2 1 1 2583 3364 2975 3997
7909 4 2 1 1 2320 3029 2938 3315
7910 4 2 1 1 1149 1368 1431 3531
7911 4 2 1 1 222 71 72 4436
7912 4 2 1 1 1469 1550 2964 3509
7913 4 2 1 1 229 310 2965 3510
7914 4 2 1 1 930 2966 849 3508
7915 4 2 1 1 2689 2783 2218 3976
7916 4 2 1 1 2690 2785 2217 2506
7917 4 2 1 1 2691 2784 2216 2507
7918 4 2 1 1 1796 1793 3301 3677
7919 4 2 1 1 3724 1723 3856 1597
7920 4 2 1 1 2107 2962 3688 4377
7921 4 2 1 1 1388 2906 1398 2943
7922 4 2 1 1 768 4456 2907 778
7923 4 2 1 1 4454 2008 2908 2945
7924 4 2 1 1 2323 3237 3684 4020
7925 4 2 1 1 4501 535 2837 529
7926 4 2 1 1 2562 3018 2290 3779
7927 4 2 1 1 3405 2287 3254 2796
7928 4 2 1 1 3007 3477 2935 3523
7929 4 2 1 1 4364 3809 4392 2665
7930 4 2 1 1 1828 2555 4355 4110
7931 4 2 1 1 2167 2459 2679 3409
7932 4 2 1 1 2517 2293 3046 4070
7933 4 2 1 1 2518 2294 3047 4071
7934 4 2 1 1 2519 2295 3045 4072
7935 4 2 1 1 893 2956 907 3205
7936 4 2 1 1 3652 1125 3591 950
7937 4 2 1 1 2304 2470 3355 3725
7938 4 2 1 1 840 4500 4545 166
7939 4 2 1 1 2416 3771 3157 3825
7940 4 2 1 1 2171 2281 2779 3735
7941 4 2 1 1 97 2044 4478 4531
7942 4 2 1 1 2419 3265 2968 3746
7943 4 2 1 1 2371 4374 3207 3393
7944 4 2 1 1 2270 2588 2566 3008
7945 4 2 1 1 1391 1152 1417 2865
7946 4 2 1 1 2182 3056 3126 4207
7947 4 2 1 1 1340 1215 1342 2724
7948 4 2 1 1 2898 3172 2676 4354
7949 4 2 1 1 2459 2679 3409 3487
7950 4 2 1 1 1075 2704 3390 4382
7951 4 2 1 1 2113 3492 2911 2247
7952 4 2 1 1 670 3482 669 3850
7953 4 2 1 1 1300 1299 1301 2527
7954 4 2 1 1 3636 3749 263 3842
7955 4 2 1 1 2025 1940 3627 3950
7956 4 2 1 1 2404 4320 3824 4392
7957 4 2 1 1 2938 3029 2320 4043
7958 4 2 1 1 2312 2938 2832 3964
7959 4 2 1 1 2399 3275 3272 3750
7960 4 2 1 1 2274 2683 3430 4226
7961 4 2 1 1 2286 2350 4055 3591
7962 4 2 1 1 3338 4199 3930 2584
7963 4 2 1 1 151 152 4435 842
7964 4 2 1 1 1487 1485 3462 4326
7965 4 2 1 1 1827 4098 3579 4110
7966 4 2 1 1 2803 2805 2150 3584
7967 4 2 1 1 2603 2321 3435 4215
7968 4 2 1 1 4087 3310 2776 2682
7969 4 2 1 1 511 4555 4531 817
7970 4 2 1 1 976 3234 974 3785
7971 4 2 1 1 2112 4191 2968 2884
7972 4 2 1 1 2124 2963 4206 4346
7973 4 2 1 1 2760 3061 2558 3709
7974 4 2 1 1 2070 3204 2763 4153
7975 4 2 1 1 2044 1928 4478 3481
7976 4 2 1 1 2287 2351 4059 3592
7977 4 2 1 1 511 4555 817 810
7978 4 2 1 1 1596 3233 1594 3786
7979 4 2 1 1 2892 3315 3030 4285
7980 4 2 1 1 2327 3665 3337 4040
7981 4 2 1 1 3396 4187 2695 4381
7982 4 2 1 1 2932 2530 3332 3345
7983 4 2 1 1 109 110 1136 4477
7984 4 2 1 1 4477 4513 788 3217
7985 4 2 1 1 110 1136 4477 1433
7986 4 2 1 1 2291 2688 2395 3503
7987 4 2 1 1 3204 4018 2250 2747
7988 4 2 1 1 1263 3217 2823 3768
7989 4 2 1 1 2290 3891 3008 4142
7990 4 2 1 1 2429 2587 3131 2228
7991 4 2 1 1 2064 3042 2762 3956
7992 4 2 1 1 2389 3347 2448 4037
7993 4 2 1 1 4018 3261 4347 3072
7994 4 2 1 1 1047 1024 956 4386
7995 4 2 1 1 3560 3594 3003 3675
7996 4 2 1 1 2697 3116 3535 4098
7997 4 2 1 1 3651 3592 1745 3623
7998 4 2 1 1 2091 3268 3215 3740
7999 4 2 1 1 868 2996 860 1013
8000 4 2 1 1 1488 2995 1480 1633
8001 4 2 1 1 248 2994 240 393
8002 4 2 1 1 4311 3076 4094 2149
8003 4 2 1 1 2072 2398 2575 4214
8004 4 2 1 1 2389 2448 3257 4037
8005 4 2 1 1 4088 3172 2681 4058
8006 4 2 1 1 2706 2433 2869 4020
8007 4 2 1 1 2308 3203 3969 4197
8008 4 2 1 1 967 968 3445 2908
8009 4 2 1 1 348 3446 347 2906
8010 4 2 1 1 1587 1588 3447 2907
8011 4 2 1 1 977 3234 978 3851
8012 4 2 1 1 4544 482 2836 220
8013 4 2 1 1 3474 2616 2077 2363
8014 4 2 1 1 2237 2623 3148 4306
8015 4 2 1 1 2802 4106 4008 3290
8016 4 2 1 1 2082 3088 3103 4030
8017 4 2 1 1 4087 3310 2682 3945
8018 4 2 1 1 2542 3152 3075 4374
8019 4 2 1 1 2577 3457 2229 2585
8020 4 2 1 1 3651 1745 3592 1570
8021 4 2 1 1 2151 2579 3099 3602
8022 4 2 1 1 1939 2822 1938 4394
8023 4 2 1 1 2136 2770 3716 3870
8024 4 2 1 1 3097 3690 2149 4311
8025 4 2 1 1 661 764 2714 3266
8026 4 2 1 1 2324 3375 2710 3707
8027 4 2 1 1 4477 1433 3217 3668
8028 4 2 1 1 2239 3004 2794 3377
8029 4 2 1 1 605 4158 2557 4378
8030 4 2 1 1 2123 2579 3339 3710
8031 4 2 1 1 2428 3658 3350 3835
8032 4 2 1 1 2696 2930 2335 4097
8033 4 2 1 1 3389 2285 3182 2804
8034 4 2 1 1 2299 2954 2637 3255
8035 4 2 1 1 4477 4513 109 788
8036 4 2 1 1 4477 3217 1433 1136
8037 4 2 1 1 4476 93 94 1757
8038 4 2 1 1 3034 3627 3121 4323
8039 4 2 1 1 2286 4055 2350 2795
8040 4 2 1 1 1120 1017 947 2849
8041 4 2 1 1 1264 1263 1250 3878
8042 4 2 1 1 648 3561 2640 3703
8043 4 2 1 1 281 2442 296 4390
8044 4 2 1 1 1521 2441 1536 4389
8045 4 2 1 1 2962 3398 3312 2202
8046 4 2 1 1 2251 2844 2746 3723
8047 4 2 1 1 3322 3783 2474 4296
8048 4 2 1 1 2824 2268 3858 3864
8049 4 2 1 1 393 476 248 2900
8050 4 2 1 1 1488 1633 1716 2902
8051 4 2 1 1 1013 1096 868 2901
8052 4 2 1 1 3748 4166 2308 2433
8053 4 2 1 1 3923 3966 4048 2950
8054 4 2 1 1 3924 3967 4047 2949
8055 4 2 1 1 1740 1637 1567 2850
8056 4 2 1 1 439 3229 4530 4327
8057 4 2 1 1 4510 3227 751 4328
8058 4 2 1 1 4509 3228 1371 4329
8059 4 2 1 1 529 2837 4501 3341
8060 4 2 1 1 1045 952 932 3987
8061 4 2 1 1 1572 1552 1665 3986
8062 4 2 1 1 425 332 312 3985
8063 4 2 1 1 2757 3743 2278 4258
8064 4 2 1 1 1427 2865 1391 3475
8065 4 2 1 1 2329 3077 2660 4042
8066 4 2 1 1 2287 4059 2351 2796
8067 4 2 1 1 2555 1845 1828 4355
8068 4 2 1 1 698 699 2825 4397
8069 4 2 1 1 2285 2352 4046 3587
8070 4 2 1 1 3650 3587 505 3622
8071 4 2 1 1 499 501 218 2604
8072 4 2 1 1 2459 3409 2736 3487
8073 4 2 1 1 4545 1102 2838 840
8074 4 2 1 1 2879 3009 2085 3430
8075 4 2 1 1 1183 1189 1349 3672
8076 4 2 1 1 2145 3345 2682 3841
8077 4 2 1 1 2864 3587 398 3626
8078 4 2 1 1 2552 3175 2993 3213
8079 4 2 1 1 3943 3839 3199 2970
8080 4 2 1 1 2734 3301 2208 3696
8081 4 2 1 1 2387 2928 2566 3349
8082 4 2 1 1 2043 3738 3229 4360
8083 4 2 1 1 4339 4230 2772 4274
8084 4 2 1 1 2458 3884 3413 2917
8085 4 2 1 1 2330 3081 2663 4045
8086 4 2 1 1 2225 3073 2838 3628
8087 4 2 1 1 2011 1773 2037 2861
8088 4 2 1 1 2417 3242 2821 3882
8089 4 2 1 1 3578 4097 2335 4158
8090 4 2 1 1 2076 2794 3004 3377
8091 4 2 1 1 1423 3741 3228 4356
8092 4 2 1 1 93 4476 2028 1757
8093 4 2 1 1 2192 2821 3214 3242
8094 4 2 1 1 2241 2813 2677 3945
8095 4 2 1 1 2120 3997 3364 4345
8096 4 2 1 1 2028 1757 4476 3082
8097 4 2 1 1 189 190 1756 4475
8098 4 2 1 1 1137 4554 3104 4475
8099 4 2 1 1 2318 2631 2962 3069
8100 4 2 1 1 2829 3134 2546 4008
8101 4 2 1 1 803 3742 3227 4353
8102 4 2 1 1 3650 505 3587 330
8103 4 2 1 1 4224 1836 2819 2678
8104 4 2 1 1 1096 892 876 4370
8105 4 2 1 1 2367 4013 2746 4014
8106 4 2 1 1 4184 3989 2816 4120
8107 4 2 1 1 771 797 4472 2868
8108 4 2 1 1 807 2868 771 3484
8109 4 2 1 1 2255 3031 3515 4008
8110 4 2 1 1 2171 3050 2522 2111
8111 4 2 1 1 2457 3515 3155 4092
8112 4 2 1 1 1820 3828 3410 4292
8113 4 2 1 1 4219 3505 4019 2793
8114 4 2 1 1 3363 2957 2274 2544
8115 4 2 1 1 2502 3525 634 4144
8116 4 2 1 1 2500 3526 1874 4143
8117 4 2 1 1 2306 3517 2886 3955
8118 4 2 1 1 1426 1364 1134 2712
8119 4 2 1 1 2686 2374 2276 3391
8120 4 2 1 1 2305 2887 3810 4248
8121 4 2 1 1 2981 3883 2531 4062
8122 4 2 1 1 4475 190 1756 2053
8123 4 2 1 1 3203 2101 2308 3969
8124 4 2 1 1 2193 3012 2561 3896
8125 4 2 1 1 2520 2474 3097 3708
8126 4 2 1 1 3358 2959 2275 2543
8127 4 2 1 1 2786 287 379 4380
8128 4 2 1 1 1137 4554 4475 189
8129 4 2 1 1 2712 1947 1880 4252
8130 4 2 1 1 2340 2771 2625 4203
8131 4 2 1 1 4473 796 4487 105
8132 4 2 1 1 1348 4250 4384 1225
8133 4 2 1 1 2585 3133 2577 3396
8134 4 2 1 1 2149 2520 3097 3076
8135 4 2 1 1 2753 3655 2309 3938
8136 4 2 1 1 1293 2712 3660 4339
8137 4 2 1 1 4439 500 3622 201
8138 4 2 1 1 2152 3005 2612 4096
8139 4 2 1 1 2465 3426 673 3668
8140 4 2 1 1 2383 3520 2870 3849
8141 4 2 1 1 2586 3132 2578 2119
8142 4 2 1 1 2573 2913 2747 3830
8143 4 2 1 1 404 336 427 4387
8144 4 2 1 1 2285 4046 2352 2804
8145 4 2 1 1 1813 2819 1932 3933
8146 4 2 1 1 2108 2761 3014 3305
8147 4 2 1 1 737 648 2640 3703
8148 4 2 1 1 2132 2732 3600 3705
8149 4 2 1 1 2649 2547 2960 3802
8150 4 2 1 1 290 3821 2536 4005
8151 4 2 1 1 1530 3820 2537 4006
8152 4 2 1 1 910 3822 2538 4007
8153 4 2 1 1 4437 1120 2849 3624
8154 4 2 1 1 4438 1740 2850 3623
8155 4 2 1 1 579 3198 2831 3835
8156 4 2 1 1 2617 3889 2509 4299
8157 4 2 1 1 2672 2302 3324 4118
8158 4 2 1 1 2671 2301 3323 4117
8159 4 2 1 1 1756 4475 2053 3104
8160 4 2 1 1 2023 194 195 4474
8161 4 2 1 1 1230 3575 2666 4168
8162 4 2 1 1 2146 2627 3755 4302
8163 4 2 1 1 2147 2628 3756 4300
8164 4 2 1 1 2148 2629 3757 4301
8165 4 2 1 1 4511 1429 1149 1376
8166 4 2 1 1 1496 1716 1512 4369
8167 4 2 1 1 3748 2308 2595 4064
8168 4 2 1 1 2299 2954 3255 3729
8169 4 2 1 1 2233 3599 3338 4203
8170 4 2 1 1 499 374 2604 3296
8171 4 2 1 1 968 3816 834 970
8172 4 2 1 1 2166 3315 2892 4285
8173 4 2 1 1 348 3817 214 350
8174 4 2 1 1 1588 3818 1453 1590
8175 4 2 1 1 887 3569 853 4049
8176 4 2 1 1 233 267 3568 4047
8177 4 2 1 1 1473 1507 3567 4048
8178 4 2 1 1 1176 1177 1180 2569
8179 4 2 1 1 3403 4332 3531 2572
8180 4 2 1 1 1783 1781 2600 4175
8181 4 2 1 1 2349 3099 2579 3602
8182 4 2 1 1 2229 2913 3378 3830
8183 4 2 1 1 2109 2762 3015 3307
8184 4 2 1 1 3478 1853 1938 4394
8185 4 2 1 1 2654 2267 2764 3221
8186 4 2 1 1 703 3601 550 558
8187 4 2 1 1 2277 3208 3061 2283
8188 4 2 1 1 2099 3297 3374 3684
8189 4 2 1 1 2635 3103 3088 3664
8190 4 2 1 1 2078 2759 2694 2578
8191 4 2 1 1 286 3120 3521 4024
8192 4 2 1 1 2346 2842 2595 3692
8193 4 2 1 1 3479 613 698 4397
8194 4 2 1 1 4285 4082 3638 2483
8195 4 2 1 1 2930 2335 4097 4158
8196 4 2 1 1 2076 3004 2794 3606
8197 4 2 1 1 2288 2407 3969 3203
8198 4 2 1 1 681 679 3403 4379
8199 4 2 1 1 2624 2932 2461 2460
8200 4 2 1 1 541 2601 543 4178
8201 4 2 1 1 2398 3127 3267 4164
8202 4 2 1 1 3092 3384 2491 4247
8203 4 2 1 1 485 3799 364 3854
8204 4 2 1 1 2654 3094 2360 3221
8205 4 2 1 1 1818 1842 1962 2496
8206 4 2 1 1 2525 3072 2406 4347
8207 4 2 1 1 2591 2674 2368 3443
8208 4 2 1 1 4346 2963 3885 2752
8209 4 2 1 1 1343 3562 3530 3878
8210 4 2 1 1 2406 2753 2741 2525
8211 4 2 1 1 2267 2604 3093 3235
8212 4 2 1 1 1927 1912 2006 4029
8213 4 2 1 1 1076 2983 3812 3953
8214 4 2 1 1 2023 4474 195 4399
8215 4 2 1 1 409 2554 3280 3608
8216 4 2 1 1 2418 3804 3103 4030
8217 4 2 1 1 2157 2611 4003 2955
8218 4 2 1 1 4473 106 105 1391
8219 4 2 1 1 2080 2782 3529 4306
8220 4 2 1 1 2292 3154 3102 3679
8221 4 2 1 1 2144 3474 2681 2363
8222 4 2 1 1 2318 3384 3092 4247
8223 4 2 1 1 2580 3957 3117 3353
8224 4 2 1 1 2367 2788 4264 2462
8225 4 2 1 1 2358 4166 3748 2723
8226 4 2 1 1 2124 2963 2483 3315
8227 4 2 1 1 2862 2556 2334 4254
8228 4 2 1 1 769 692 597 3101
8229 4 2 1 1 105 1417 4473 1391
8230 4 2 1 1 2532 3441 4291 2884
8231 4 2 1 1 2098 2706 3297 2298
8232 4 2 1 1 2528 3975 2730 4137
8233 4 2 1 1 2439 3270 2941 3360
8234 4 2 1 1 2438 3269 2942 3361
8235 4 2 1 1 2440 3271 2940 3359
8236 4 2 1 1 3006 3373 2391 2115
8237 4 2 1 1 1957 2001 1888 3761
8238 4 2 1 1 2798 2828 2242 3862
8239 4 2 1 1 2799 2827 2243 3861
8240 4 2 1 1 4342 2244 2258 2797
8241 4 2 1 1 2193 2561 3149 3896
8242 4 2 1 1 4471 1416 4488 185
8243 4 2 1 1 1781 1783 2600 3879
8244 4 2 1 1 3856 4248 3724 2305
8245 4 2 1 1 612 3473 3117 3539
8246 4 2 1 1 2236 3244 4022 4172
8247 4 2 1 1 68 211 67 4422
8248 4 2 1 1 491 4410 3813 2953
8249 4 2 1 1 346 4412 2951 3814
8250 4 2 1 1 1111 4411 3815 2952
8251 4 2 1 1 3316 3638 2494 3829
8252 4 2 1 1 2581 3960 3116 4065
8253 4 2 1 1 2335 2769 4236 3132
8254 4 2 1 1 2576 2333 3131 4065
8255 4 2 1 1 1850 1897 3017 3348
8256 4 2 1 1 2291 3158 3100 3676
8257 4 2 1 1 1257 1327 2793 3505
8258 4 2 1 1 2425 3216 2929 3553
8259 4 2 1 1 1974 4169 3094 4297
8260 4 2 1 1 4473 1373 106 1391
8261 4 2 1 1 1373 1391 4473 3475
8262 4 2 1 1 2601 543 694 541
8263 4 2 1 1 2177 3827 3129 3133
8264 4 2 1 1 2526 3504 3487 3563
8265 4 2 1 1 2615 3318 584 3826
8266 4 2 1 1 2697 2915 2333 4098
8267 4 2 1 1 4056 3601 550 2588
8268 4 2 1 1 2617 3495 2509 3889
8269 4 2 1 1 2085 2599 3009 3412
8270 4 2 1 1 2559 3281 1029 3610
8271 4 2 1 1 301 3249 2846 3928
8272 4 2 1 1 1541 3248 2847 3929
8273 4 2 1 1 921 3250 2848 3927
8274 4 2 1 1 2741 3959 2406 2525
8275 4 2 1 1 1649 2560 3282 3611
8276 4 2 1 1 2457 3515 3031 4008
8277 4 2 1 1 1904 1913 1902 2497
8278 4 2 1 1 2239 2794 2778 2143
8279 4 2 1 1 2085 3253 2795 3402
8280 4 2 1 1 2741 4281 3959 2115
8281 4 2 1 1 2255 2867 3031 4106
8282 4 2 1 1 644 723 714 3178
8283 4 2 1 1 2246 2362 2580 3841
8284 4 2 1 1 2566 3502 2588 4056
8285 4 2 1 1 1262 4069 4107 3220
8286 4 2 1 1 287 2786 3028 4380
8287 4 2 1 1 4473 1391 2865 3475
8288 4 2 1 1 3338 3599 2446 4203
8289 4 2 1 1 2552 4021 3213 2523
8290 4 2 1 1 2722 2419 4026 4313
8291 4 2 1 1 493 4408 2935 3507
8292 4 2 1 1 2091 2728 3268 3740
8293 4 2 1 1 2230 2887 3982 3379
8294 4 2 1 1 4056 550 3601 558
8295 4 2 1 1 741 702 2989 3539
8296 4 2 1 1 2554 3749 2664 4247
8297 4 2 1 1 4473 1391 1417 2865
8298 4 2 1 1 2516 2398 2971 4354
8299 4 2 1 1 2295 2519 3035 3041
8300 4 2 1 1 89 90 4472 1986
8301 4 2 1 1 1032 904 2891 3796
8302 4 2 1 1 1524 2889 1652 3795
8303 4 2 1 1 284 2890 412 3794
8304 4 2 1 1 2073 3291 2618 4002
8305 4 2 1 1 2581 2822 2363 4394
8306 4 2 1 1 4472 2036 89 1986
8307 4 2 1 1 4472 4524 753 3484
8308 4 2 1 1 4472 4524 90 753
8309 4 2 1 1 2206 3657 2879 4138
8310 4 2 1 1 506 4541 3926 2935
8311 4 2 1 1 292 3598 424 4151
8312 4 2 1 1 932 3596 912 1044
8313 4 2 1 1 1552 3597 1532 1664
8314 4 2 1 1 2112 2968 3265 3746
8315 4 2 1 1 2666 3161 2348 4288
8316 4 2 1 1 2528 2730 3745 4335
8317 4 2 1 1 2236 3006 3373 3670
8318 4 2 1 1 2068 3144 3275 2399
8319 4 2 1 1 1966 2732 3731 3410
8320 4 2 1 1 3363 2957 2544 617
8321 4 2 1 1 1849 3706 1952 4252
8322 4 2 1 1 2086 3254 2796 3405
8323 4 2 1 1 1252 2850 3230 3727
8324 4 2 1 1 2152 4096 2715 4333
8325 4 2 1 1 825 2702 1036 3507
8326 4 2 1 1 350 4417 214 478
8327 4 2 1 1 525 4416 4502 3818
8328 4 2 1 1 834 4415 1098 3816
8329 4 2 1 1 2432 3496 4022 3097
8330 4 2 1 1 2911 3535 2512 2247
8331 4 2 1 1 1190 1185 1184 4187
8332 4 2 1 1 2144 2600 2822 3573
8333 4 2 1 1 2666 2764 2267 3221
8334 4 2 1 1 3536 3713 3239 3904
8335 4 2 1 1 2147 3036 2518 3039
8336 4 2 1 1 2148 3037 2517 3040
8337 4 2 1 1 2146 3038 2519 3041
8338 4 2 1 1 3943 3839 2970 2393
8339 4 2 1 1 2387 3349 2566 3467
8340 4 2 1 1 2385 3134 2546 3208
8341 4 2 1 1 2201 3283 2598 3702
8342 4 2 1 1 2145 2601 2825 3574
8343 4 2 1 1 3759 4383 1358 3153
8344 4 2 1 1 2535 3654 2215 4184
8345 4 2 1 1 2315 3629 2646 4346
8346 4 2 1 1 2278 3176 2787 3403
8347 4 2 1 1 2468 3373 3006 2115
8348 4 2 1 1 2741 2525 2753 2415
8349 4 2 1 1 1224 1179 2589 3895
8350 4 2 1 1 2313 3057 2499 3972
8351 4 2 1 1 570 571 2930 4097
8352 4 2 1 1 576 3363 2737 4334
8353 4 2 1 1 2574 3962 3163 4239
8354 4 2 1 1 1343 3530 3238 3878
8355 4 2 1 1 2849 3222 632 3728
8356 4 2 1 1 3358 2959 2543 1237
8357 4 2 1 1 1769 2051 2049 2619
8358 4 2 1 1 2326 2549 3050 4103
8359 4 2 1 1 2135 2350 2957 4011
8360 4 2 1 1 2152 2612 3005 3855
8361 4 2 1 1 1206 3530 1343 3562
8362 4 2 1 1 1629 2742 1625 3567
8363 4 2 1 1 389 2743 385 3568
8364 4 2 1 1 1009 2744 1005 3569
8365 4 2 1 1 1054 4458 4143 1116
8366 4 2 1 1 4091 204 2917 4490
8367 4 2 1 1 1896 4458 4143 2916
8368 4 2 1 1 4529 834 2908 3816
8369 4 2 1 1 4528 214 2906 3817
8370 4 2 1 1 655 4502 2907 3818
8371 4 2 1 1 2280 2854 3114 3491
8372 4 2 1 1 3784 4091 2501 4200
8373 4 2 1 1 3323 4093 2574 4117
8374 4 2 1 1 3713 3535 3116 2247
8375 4 2 1 1 1986 4472 2868 3484
8376 4 2 1 1 308 321 325 3260
8377 4 2 1 1 1561 1565 1548 3259
8378 4 2 1 1 945 928 941 3258
8379 4 2 1 1 2189 2686 2804 3391
8380 4 2 1 1 2364 3182 2893 4190
8381 4 2 1 1 4472 4534 797 89
8382 4 2 1 1 2146 2519 3038 3755
8383 4 2 1 1 2147 2518 3036 3756
8384 4 2 1 1 2148 2517 3037 3757
8385 4 2 1 1 2134 2351 2959 4012
8386 4 2 1 1 2523 3114 2980 4061
8387 4 2 1 1 562 2737 727 3350
8388 4 2 1 1 2243 3269 3226 2256
8389 4 2 1 1 2242 3270 3225 2257
8390 4 2 1 1 2244 3271 3224 2258
8391 4 2 1 1 2937 1329 1330 1333
8392 4 2 1 1 2677 2813 2241 4066
8393 4 2 1 1 2109 3307 3647 4129
8394 4 2 1 1 2319 3064 3282 4052
8395 4 2 1 1 2317 2781 3281 4053
8396 4 2 1 1 1206 2805 3562 4363
8397 4 2 1 1 2470 3944 2948 3965
8398 4 2 1 1 3759 1358 4383 1204
8399 4 2 1 1 2487 3803 3627 3950
8400 4 2 1 1 2219 3006 2680 3112
8401 4 2 1 1 3185 4003 2611 4308
8402 4 2 1 1 2170 3979 3212 2442
8403 4 2 1 1 2065 2587 2844 3934
8404 4 2 1 1 2211 2787 2920 3942
8405 4 2 1 1 2167 3169 3803 2936
8406 4 2 1 1 1275 2906 3732 3026
8407 4 2 1 1 655 2907 3733 3025
8408 4 2 1 1 1895 2908 3734 3027
8409 4 2 1 1 3661 2328 4331 3595
8410 4 2 1 1 2011 185 186 4471
8411 4 2 1 1 2654 3221 2360 3235
8412 4 2 1 1 1360 3434 3241 4282
8413 4 2 1 1 2151 2655 3801 4105
8414 4 2 1 1 1434 1192 1201 3496
8415 4 2 1 1 2167 3803 3169 3627
8416 4 2 1 1 2212 3482 2793 3992
8417 4 2 1 1 796 4414 532 2865
8418 4 2 1 1 2832 2938 2312 3802
8419 4 2 1 1 3892 4045 3081 882
8420 4 2 1 1 2270 3240 2596 3871
8421 4 2 1 1 345 323 458 3875
8422 4 2 1 1 726 3299 3361 725
8423 4 2 1 1 1973 3300 3359 1972
8424 4 2 1 1 185 2011 2037 4471
8425 4 2 1 1 186 2011 4471 1993
8426 4 2 1 1 4471 1993 2011 3538
8427 4 2 1 1 831 148 147 4420
8428 4 2 1 1 2806 3276 2392 3663
8429 4 2 1 1 1362 3832 3455 2619
8430 4 2 1 1 489 4413 4488 2861
8431 4 2 1 1 3885 2963 2173 2752
8432 4 2 1 1 2011 2861 4471 3538
8433 4 2 1 1 2576 3904 2587 4376
8434 4 2 1 1 2037 4471 2011 2861
8435 4 2 1 1 3122 3126 2107 4396
8436 4 2 1 1 700 779 4082 4285
8437 4 2 1 1 290 3249 2536 3821
8438 4 2 1 1 2537 1530 3248 3820
8439 4 2 1 1 2538 910 3250 3822
8440 4 2 1 1 3888 4042 3077 1502
8441 4 2 1 1 3950 3803 3169 2936
8442 4 2 1 1 2708 3488 3291 4002
8443 4 2 1 1 2162 3996 3456 4270
8444 4 2 1 1 3950 3169 3803 3627
8445 4 2 1 1 2729 3106 2080 3263
8446 4 2 1 1 2427 3097 3496 4311
8447 4 2 1 1 1692 1636 3248 3453
8448 4 2 1 1 396 3249 452 3452
8449 4 2 1 1 1016 3250 1072 3454
8450 4 2 1 1 2254 3334 3118 3666
8451 4 2 1 1 1184 1325 3241 3653
8452 4 2 1 1 2829 3290 3134 4008
8453 4 2 1 1 2224 3093 2836 3570
8454 4 2 1 1 2150 3584 2805 4109
8455 4 2 1 1 2696 3117 4097 2335
8456 4 2 1 1 2714 2823 2252 3629
8457 4 2 1 1 2201 2796 2685 4059
8458 4 2 1 1 2482 3932 3024 4010
8459 4 2 1 1 2939 3070 2226 3574
8460 4 2 1 1 3865 2000 162 1999
8461 4 2 1 1 2259 2383 2789 2515
8462 4 2 1 1 2579 3333 4212 4271
8463 4 2 1 1 2169 3052 3114 3337
8464 4 2 1 1 2936 4215 3169 3754
8465 4 2 1 1 161 162 4470 2000
8466 4 2 1 1 4470 1753 161 2000
8467 4 2 1 1 2228 3330 3096 3380
8468 4 2 1 1 2479 3590 2678 3869
8469 4 2 1 1 1802 3159 1800 3973
8470 4 2 1 1 2197 2795 2683 4055
8471 4 2 1 1 2936 3169 2033 3754
8472 4 2 1 1 1966 3731 2732 1978
8473 4 2 1 1 398 3626 3587 3794
8474 4 2 1 1 1267 2824 3768 3472
8475 4 2 1 1 2174 2615 3263 3318
8476 4 2 1 1 2232 3504 2925 4060
8477 4 2 1 1 2837 3016 536 3858
8478 4 2 1 1 2651 2228 3330 3723
8479 4 2 1 1 2110 2524 3074 3214
8480 4 2 1 1 210 20 19 4548
8481 4 2 1 1 2000 4470 1753 2916
8482 4 2 1 1 2000 4470 2916 3865
8483 4 2 1 1 2056 1873 2008 3734
8484 4 2 1 1 130 760 759 3863
8485 4 2 1 1 2765 2432 4022 3097
8486 4 2 1 1 1255 3727 2959 4284
8487 4 2 1 1 4206 3295 2938 3315
8488 4 2 1 1 1939 1935 1938 2822
8489 4 2 1 1 4414 1729 1714 2865
8490 4 2 1 1 2152 3747 2675 3787
8491 4 2 1 1 1179 3866 2589 3895
8492 4 2 1 1 2406 2753 3343 4345
8493 4 2 1 1 3165 3223 2619 4258
8494 4 2 1 1 2233 2625 3141 3483
8495 4 2 1 1 3169 4215 2936 2167
8496 4 2 1 1 1875 3736 2961 4286
8497 4 2 1 1 2658 3388 3191 4305
8498 4 2 1 1 2657 3387 3190 4304
8499 4 2 1 1 2656 3386 3192 4303
8500 4 2 1 1 2294 3039 2518 3042
8501 4 2 1 1 2099 3297 2473 3374
8502 4 2 1 1 3082 4467 4476 813
8503 4 2 1 1 2314 2789 2582 4271
8504 4 2 1 1 2638 2983 3953 3812
8505 4 2 1 1 872 871 873 4083
8506 4 2 1 1 253 252 251 4084
8507 4 2 1 1 1491 1493 1492 4085
8508 4 2 1 1 2277 3170 3061 3208
8509 4 2 1 1 2836 2861 2267 3575
8510 4 2 1 1 308 3260 325 4241
8511 4 2 1 1 1565 1548 3259 4242
8512 4 2 1 1 945 928 3258 4243
8513 4 2 1 1 2293 3040 2517 3043
8514 4 2 1 1 3615 1288 4274 2772
8515 4 2 1 1 489 4413 2861 474
8516 4 2 1 1 1297 1389 1299 3946
8517 4 2 1 1 2773 2983 2225 3573
8518 4 2 1 1 3376 3947 2417 4128
8519 4 2 1 1 2322 3376 3730 3947
8520 4 2 1 1 2666 3308 3161 4288
8521 4 2 1 1 2516 4278 2844 3904
8522 4 2 1 1 635 3728 2957 4283
8523 4 2 1 1 4469 130 129 1734
8524 4 2 1 1 304 3143 2554 3636
8525 4 2 1 1 4469 4457 512 2918
8526 4 2 1 1 1731 4412 2951 1442
8527 4 2 1 1 4469 4457 129 512
8528 4 2 1 1 2625 3141 3483 4273
8529 4 2 1 1 698 699 695 2825
8530 4 2 1 1 2390 3072 2747 3936
8531 4 2 1 1 3322 4296 3290 2069
8532 4 2 1 1 4417 1145 1393 3817
8533 4 2 1 1 525 4416 3818 773
8534 4 2 1 1 3868 3951 3231 1182
8535 4 2 1 1 4415 1765 2013 3816
8536 4 2 1 1 2373 2560 3633 4319
8537 4 2 1 1 1343 1334 3238 3530
8538 4 2 1 1 4395 2066 3057 3333
8539 4 2 1 1 2170 2524 4101 4099
8540 4 2 1 1 2516 2844 4278 3311
8541 4 2 1 1 2266 3738 3229 4327
8542 4 2 1 1 4397 3957 613 3473
8543 4 2 1 1 924 3145 2559 3643
8544 4 2 1 1 2290 2562 3779 4257
8545 4 2 1 1 2268 2252 3016 3864
8546 4 2 1 1 1206 1199 2805 4363
8547 4 2 1 1 3291 3909 2618 2155
8548 4 2 1 1 1149 1431 1429 3531
8549 4 2 1 1 2499 2118 3773 3057
8550 4 2 1 1 4469 1734 2918 3863
8551 4 2 1 1 4394 3960 1853 3480
8552 4 2 1 1 2524 3883 2981 4062
8553 4 2 1 1 382 3120 3028 287
8554 4 2 1 1 2989 3539 2534 2246
8555 4 2 1 1 1544 3146 2560 3633
8556 4 2 1 1 2239 2778 3606 3854
8557 4 2 1 1 299 398 2864 3587
8558 4 2 1 1 2154 3382 2716 4298
8559 4 2 1 1 4464 636 752 758
8560 4 2 1 1 4051 2332 3705 2845
8561 4 2 1 1 2083 4072 2719 3306
8562 4 2 1 1 2717 3196 4070 4114
8563 4 2 1 1 2718 3195 4071 4115
8564 4 2 1 1 2316 2909 2731 4001
8565 4 2 1 1 191 190 4468 1890
8566 4 2 1 1 2264 3741 3228 4329
8567 4 2 1 1 2358 4166 2723 3267
8568 4 2 1 1 2182 3126 3056 3729
8569 4 2 1 1 687 766 808 4095
8570 4 2 1 1 1038 2550 915 3527
8571 4 2 1 1 2274 2544 2957 4011
8572 4 2 1 1 4468 190 2053 1890
8573 4 2 1 1 2137 2862 3715 4254
8574 4 2 1 1 1018 3641 3591 3796
8575 4 2 1 1 1205 1214 1200 4363
8576 4 2 1 1 3099 3563 2426 3632
8577 4 2 1 1 1638 3642 3592 3795
8578 4 2 1 1 1173 3653 3003 1172
8579 4 2 1 1 2157 2830 2729 2321
8580 4 2 1 1 1835 2732 1966 3828
8581 4 2 1 1 2834 3085 2479 3706
8582 4 2 1 1 2732 3410 1966 3828
8583 4 2 1 1 2560 2660 3633 4319
8584 4 2 1 1 2129 2717 3807 3940
8585 4 2 1 1 2130 2718 3806 3941
8586 4 2 1 1 2131 2719 3805 3939
8587 4 2 1 1 1739 1614 2620 3303
8588 4 2 1 1 2559 2663 3643 4317
8589 4 2 1 1 2918 3786 2200 4125
8590 4 2 1 1 2337 3163 2574 3962
8591 4 2 1 1 2338 3162 2575 3963
8592 4 2 1 1 2265 3742 3227 4328
8593 4 2 1 1 3383 3443 2608 2063
8594 4 2 1 1 2512 3301 2734 3696
8595 4 2 1 1 2980 3114 2532 4061
8596 4 2 1 1 2563 2169 3175 4021
8597 4 2 1 1 4468 2020 191 1890
8598 4 2 1 1 2275 2543 2959 4012
8599 4 2 1 1 2206 2687 3062 4011
8600 4 2 1 1 2328 3274 3595 3661
8601 4 2 1 1 4237 3292 2939 2530
8602 4 2 1 1 2372 2559 3643 4317
8603 4 2 1 1 2745 3171 3244 3615
8604 4 2 1 1 2916 3785 2198 4121
8605 4 2 1 1 4463 1256 1372 1378
8606 4 2 1 1 3804 4114 3320 2463
8607 4 2 1 1 2107 2788 3013 3306
8608 4 2 1 1 667 3030 665 4285
8609 4 2 1 1 2147 3039 2518 4071
8610 4 2 1 1 2148 3040 2517 4070
8611 4 2 1 1 2146 3041 2519 4072
8612 4 2 1 1 3788 3593 2624 2461
8613 4 2 1 1 679 677 769 3245
8614 4 2 1 1 2177 3396 3133 4262
8615 4 2 1 1 2678 3590 2833 3869
8616 4 2 1 1 2176 2119 3132 4263
8617 4 2 1 1 1776 2838 3017 3876
8618 4 2 1 1 1314 2754 1240 3413
8619 4 2 1 1 3309 3639 2585 3997
8620 4 2 1 1 2741 3959 2525 2115
8621 4 2 1 1 2105 3404 3553 4152
8622 4 2 1 1 4468 1890 2053 3660
8623 4 2 1 1 2522 4100 1663 4193
8624 4 2 1 1 1601 1599 1711 4125
8625 4 2 1 1 3735 2873 3767 3663
8626 4 2 1 1 4091 204 4490 496
8627 4 2 1 1 2862 2334 2556 3827
8628 4 2 1 1 2518 3039 2294 4071
8629 4 2 1 1 2517 3040 2293 4070
8630 4 2 1 1 2519 3041 2295 4072
8631 4 2 1 1 2267 3221 2654 3235
8632 4 2 1 1 2207 2688 3063 4012
8633 4 2 1 1 4462 471 204 2917
8634 4 2 1 1 3319 3306 2462 4128
8635 4 2 1 1 2728 3304 2181 2526
8636 4 2 1 1 2102 4036 2591 4269
8637 4 2 1 1 1244 1348 2862 4017
8638 4 2 1 1 4119 3521 426 2786
8639 4 2 1 1 2360 3023 2863 3317
8640 4 2 1 1 3685 3706 1977 4224
8641 4 2 1 1 1172 1173 1171 3003
8642 4 2 1 1 2384 3763 3404 4152
8643 4 2 1 1 3832 2619 1374 3098
8644 4 2 1 1 1316 1377 2644 3739
8645 4 2 1 1 2299 3164 3126 3712
8646 4 2 1 1 1876 4465 4156 1998
8647 4 2 1 1 4127 3115 2511 3809
8648 4 2 1 1 2145 2939 3395 3574
8649 4 2 1 1 1252 1228 1336 3230
8650 4 2 1 1 2765 3373 1178 3675
8651 4 2 1 1 590 3549 712 4171
8652 4 2 1 1 894 1048 3145 4268
8653 4 2 1 1 2089 3747 3221 3235
8654 4 2 1 1 2787 3403 2572 4332
8655 4 2 1 1 1221 3498 1214 3562
8656 4 2 1 1 1766 2056 1990 2643
8657 4 2 1 1 1436 1370 1146 2641
8658 4 2 1 1 526 816 750 2642
8659 4 2 1 1 2189 2804 2686 4046
8660 4 2 1 1 1105 3798 984 3851
8661 4 2 1 1 455 313 422 2991
8662 4 2 1 1 1553 1662 1695 2992
8663 4 2 1 1 1829 3130 2915 4110
8664 4 2 1 1 2843 3542 2345 3620
8665 4 2 1 1 2075 3193 2545 2296
8666 4 2 1 1 1600 1602 1605 2700
8667 4 2 1 1 530 2572 742 3531
8668 4 2 1 1 2269 2622 3073 3215
8669 4 2 1 1 1229 1327 3505 4219
8670 4 2 1 1 2308 3969 2595 4197
8671 4 2 1 1 1777 2838 3342 3017
8672 4 2 1 1 1668 3146 1514 4272
8673 4 2 1 1 2409 3061 4080 4391
8674 4 2 1 1 633 768 816 3733
8675 4 2 1 1 1715 1595 1597 3724
8676 4 2 1 1 1095 975 977 3725
8677 4 2 1 1 475 355 357 3726
8678 4 2 1 1 1281 2923 1137 3104
8679 4 2 1 1 1322 3123 2645 3241
8680 4 2 1 1 420 421 2991 313
8681 4 2 1 1 1436 1253 1388 3732
8682 4 2 1 1 981 979 1091 4121
8683 4 2 1 1 1062 144 143 4411
8684 4 2 1 1 4468 1426 2712 1293
8685 4 2 1 1 1230 1278 3575 4168
8686 4 2 1 1 980 982 985 2701
8687 4 2 1 1 965 936 2988 4183
8688 4 2 1 1 3733 4483 4452 750
8689 4 2 1 1 4453 3732 1370 1154
8690 4 2 1 1 1774 4518 3734 4451
8691 4 2 1 1 2083 4072 3306 2783
8692 4 2 1 1 2785 4070 3196 4114
8693 4 2 1 1 2784 4071 3195 4115
8694 4 2 1 1 2095 2985 3523 2273
8695 4 2 1 1 1172 3241 1325 3653
8696 4 2 1 1 2254 2647 3005 3778
8697 4 2 1 1 3056 3126 2359 3729
8698 4 2 1 1 2701 3081 2330 4188
8699 4 2 1 1 2812 2312 2938 3440
8700 4 2 1 1 537 2837 3341 3016
8701 4 2 1 1 3832 1374 2619 1412
8702 4 2 1 1 2424 4175 2181 3304
8703 4 2 1 1 2424 2181 4175 3121
8704 4 2 1 1 2844 3011 2297 3934
8705 4 2 1 1 2548 3327 2806 2442
8706 4 2 1 1 4467 94 95 2022
8707 4 2 1 1 3884 4462 50 1380
8708 4 2 1 1 95 4467 2022 1913
8709 4 2 1 1 4285 3638 4082 700
8710 4 2 1 1 994 2622 1119 3302
8711 4 2 1 1 2364 3389 3182 4190
8712 4 2 1 1 2497 4467 1913 2022
8713 4 2 1 1 1203 2926 3541 3759
8714 4 2 1 1 2571 3031 2116 2219
8715 4 2 1 1 1220 3434 2632 2862
8716 4 2 1 1 2300 2854 2721 3910
8717 4 2 1 1 2197 2683 2795 3430
8718 4 2 1 1 2982 3820 1523 4006
8719 4 2 1 1 3149 3294 2193 4029
8720 4 2 1 1 2509 2767 2389 4350
8721 4 2 1 1 2079 2938 3105 4043
8722 4 2 1 1 2173 3332 2530 3395
8723 4 2 1 1 2425 2929 2630 3136
8724 4 2 1 1 1783 3034 1782 4175
8725 4 2 1 1 2654 2764 1886 3094
8726 4 2 1 1 2695 3653 3241 2307
8727 4 2 1 1 1405 1285 1399 3999
8728 4 2 1 1 2328 3661 4225 3274
8729 4 2 1 1 1778 1780 3017 3279
8730 4 2 1 1 50 4462 3884 378
8731 4 2 1 1 2333 3579 4098 4110
8732 4 2 1 1 3244 1415 4022 1294
8733 4 2 1 1 2721 2417 4025 4128
8734 4 2 1 1 542 543 3032 4178
8735 4 2 1 1 3701 1740 1567 2850
8736 4 2 1 1 2171 2779 2692 3735
8737 4 2 1 1 110 111 1270 4466
8738 4 2 1 1 2854 3491 2721 3910
8739 4 2 1 1 382 3120 287 273
8740 4 2 1 1 3338 3930 4199 2279
8741 4 2 1 1 2327 3114 3052 3337
8742 4 2 1 1 2510 2212 3067 3867
8743 4 2 1 1 4466 1270 110 1433
8744 4 2 1 1 2586 2119 3298 3634
8745 4 2 1 1 1270 1433 4466 3668
8746 4 2 1 1 3978 3347 2359 2448
8747 4 2 1 1 1288 1415 1290 3381
8748 4 2 1 1 1026 1022 918 2691
8749 4 2 1 1 2948 3569 2627 4233
8750 4 2 1 1 2949 3568 2629 4235
8751 4 2 1 1 2950 3567 2628 4234
8752 4 2 1 1 673 111 4466 4450
8753 4 2 1 1 2088 2920 2787 4131
8754 4 2 1 1 607 4165 2615 3328
8755 4 2 1 1 2982 2326 2111 4193
8756 4 2 1 1 2800 907 999 4229
8757 4 2 1 1 2749 3648 3306 4264
8758 4 2 1 1 2303 2756 2866 3243
8759 4 2 1 1 1492 1491 4085 4309
8760 4 2 1 1 2344 3109 2721 3800
8761 4 2 1 1 4410 15 16 442
8762 4 2 1 1 63 64 453 4412
8763 4 2 1 1 1958 1875 2015 3736
8764 4 2 1 1 3668 4450 1270 3426
8765 4 2 1 1 2586 3588 2431 4263
8766 4 2 1 1 2838 3342 2225 3628
8767 4 2 1 1 2917 3784 2199 4089
8768 4 2 1 1 2585 3589 2430 4262
8769 4 2 1 1 2395 3158 2485 4167
8770 4 2 1 1 3943 3839 2393 3621
8771 4 2 1 1 2429 2519 3911 3983
8772 4 2 1 1 3972 2603 2080 3293
8773 4 2 1 1 2398 2971 2676 3127
8774 4 2 1 1 737 714 735 4185
8775 4 2 1 1 1741 1459 1739 2620
8776 4 2 1 1 972 4426 827 1092
8777 4 2 1 1 2154 2975 2583 3364
8778 4 2 1 1 4427 1592 1712 1446
8779 4 2 1 1 1912 2611 1916 4029
8780 4 2 1 1 2836 1157 1156 3161
8781 4 2 1 1 2679 3511 2313 4075
8782 4 2 1 1 608 716 632 3222
8783 4 2 1 1 2077 3897 3474 4058
8784 4 2 1 1 2956 907 2800 4229
8785 4 2 1 1 2100 2710 3375 3707
8786 4 2 1 1 2896 3468 1983 3743
8787 4 2 1 1 2457 3031 2829 4008
8788 4 2 1 1 829 2638 997 3865
8789 4 2 1 1 2640 2622 2234 3703
8790 4 2 1 1 713 561 619 2731
8791 4 2 1 1 2711 2778 2239 3799
8792 4 2 1 1 670 795 2602 3850
8793 4 2 1 1 2145 3332 2601 3395
8794 4 2 1 1 3661 3775 3595 4331
8795 4 2 1 1 2129 2652 3378 3830
8796 4 2 1 1 1617 4538 3863 1719
8797 4 2 1 1 2620 3083 2268 3209
8798 4 2 1 1 1339 3866 1179 3895
8799 4 2 1 1 2394 3154 2486 4161
8800 4 2 1 1 2625 2340 3141 4273
8801 4 2 1 1 4220 22 217 4400
8802 4 2 1 1 2333 4098 2915 4110
8803 4 2 1 1 1185 2931 3469 4187
8804 4 2 1 1 4199 3338 2279 3844
8805 4 2 1 1 2207 3639 3309 3997
8806 4 2 1 1 2450 3422 3458 3755
8807 4 2 1 1 2452 3423 3459 3756
8808 4 2 1 1 2451 3424 3460 3757
8809 4 2 1 1 30 31 1998 4465
8810 4 2 1 1 4362 3552 2514 2975
8811 4 2 1 1 3776 4158 589 3128
8812 4 2 1 1 3699 3539 2246 2984
8813 4 2 1 1 2472 3923 2950 3966
8814 4 2 1 1 2471 3924 2949 3967
8815 4 2 1 1 2138 2769 3810 4322
8816 4 2 1 1 2071 3044 4137 4335
8817 4 2 1 1 2232 3127 2971 3504
8818 4 2 1 1 2634 3411 2081 3087
8819 4 2 1 1 2860 3048 2341 2375
8820 4 2 1 1 2098 2298 4210 3438
8821 4 2 1 1 2535 2816 2215 3921
8822 4 2 1 1 2911 2363 3492 4310
8823 4 2 1 1 1267 2824 3472 1438
8824 4 2 1 1 2083 3319 2719 3805
8825 4 2 1 1 2081 3321 2718 3806
8826 4 2 1 1 2082 3320 2717 3807
8827 4 2 1 1 4465 1998 30 4156
8828 4 2 1 1 31 1992 1998 4465
8829 4 2 1 1 1085 964 2952 3428
8830 4 2 1 1 1705 1584 2951 3429
8831 4 2 1 1 465 344 2953 3427
8832 4 2 1 1 2927 3240 2270 3871
8833 4 2 1 1 641 621 3222 3961
8834 4 2 1 1 1217 3067 1356 3656
8835 4 2 1 1 4237 3292 2530 2929
8836 4 2 1 1 3829 3032 3638 2494
8837 4 2 1 1 1359 2724 1340 4201
8838 4 2 1 1 2564 2975 2514 4036
8839 4 2 1 1 2091 3304 2773 3693
8840 4 2 1 1 2200 3310 3233 3714
8841 4 2 1 1 4286 4465 1992 3622
8842 4 2 1 1 2185 3458 3422 3755
8843 4 2 1 1 2187 3459 3423 3756
8844 4 2 1 1 2186 3460 3424 3757
8845 4 2 1 1 79 78 960 4464
8846 4 2 1 1 2860 3689 3048 2375
8847 4 2 1 1 2461 3071 3662 3788
8848 4 2 1 1 2247 3480 2581 2363
8849 4 2 1 1 2612 3005 3392 4096
8850 4 2 1 1 2091 3740 3215 3853
8851 4 2 1 1 2534 3539 3522 2984
8852 4 2 1 1 3344 3710 2766 4331
8853 4 2 1 1 960 4155 4464 78
8854 4 2 1 1 3554 4077 4324 2559
8855 4 2 1 1 3615 4274 1288 1286
8856 4 2 1 1 894 3145 3643 4268
8857 4 2 1 1 1270 3668 3426 4219
8858 4 2 1 1 933 2993 1042 4382
8859 4 2 1 1 2580 2362 4397 2825
8860 4 2 1 1 2551 2881 3585 3994
8861 4 2 1 1 481 4528 2906 4455
8862 4 2 1 1 4502 778 2907 4456
8863 4 2 1 1 1101 4529 2908 4454
8864 4 2 1 1 818 3561 3484 3908
8865 4 2 1 1 2473 3108 2342 3110
8866 4 2 1 1 2343 3108 2473 3109
8867 4 2 1 1 2344 3109 2473 3110
8868 4 2 1 1 1898 1900 2820 3348
8869 4 2 1 1 2375 3165 3223 3689
8870 4 2 1 1 1822 2924 3185 4246
8871 4 2 1 1 1514 3146 3633 4272
8872 4 2 1 1 170 4453 4484 1370
8873 4 2 1 1 2944 4452 3861 1081
8874 4 2 1 1 2192 2503 3078 3993
8875 4 2 1 1 2191 2505 3080 3995
8876 4 2 1 1 3079 3585 3399 2190
8877 4 2 1 1 2623 2782 2237 3758
8878 4 2 1 1 2334 3396 2695 3698
8879 4 2 1 1 593 3117 3578 4097
8880 4 2 1 1 2190 2751 2969 4232
8881 4 2 1 1 3116 3579 1833 4098
8882 4 2 1 1 2439 3270 3026 4124
8883 4 2 1 1 2438 3269 3025 4123
8884 4 2 1 1 2440 3271 3027 4122
8885 4 2 1 1 2335 2119 2696 3699
8886 4 2 1 1 2902 2179 3111 4066
8887 4 2 1 1 2766 3972 2080 2782
8888 4 2 1 1 2569 2154 3364 2735
8889 4 2 1 1 337 2797 336 3449
8890 4 2 1 1 1577 2798 1576 3451
8891 4 2 1 1 956 957 2799 3450
8892 4 2 1 1 2232 3284 3474 4058
8893 4 2 1 1 4063 3787 3033 2496
8894 4 2 1 1 579 3366 580 3835
8895 4 2 1 1 2760 3240 2469 3871
8896 4 2 1 1 1661 2992 3528 1660
8897 4 2 1 1 175 174 1580 4463
8898 4 2 1 1 2116 2867 2589 4227
8899 4 2 1 1 3004 3936 3377 4213
8900 4 2 1 1 2113 2247 3239 2408
8901 4 2 1 1 2730 2528 4137 4335
8902 4 2 1 1 354 363 3784 4200
8903 4 2 1 1 2164 3160 2929 3990
8904 4 2 1 1 2669 2352 2133 3902
8905 4 2 1 1 2234 2640 3853 3215
8906 4 2 1 1 2347 3444 2648 3671
8907 4 2 1 1 2672 2302 3066 3604
8908 4 2 1 1 2671 2301 3065 3603
8909 4 2 1 1 1692 1636 1586 3248
8910 4 2 1 1 396 346 452 3249
8911 4 2 1 1 966 1072 1016 3250
8912 4 2 1 1 2924 1798 3754 2026
8913 4 2 1 1 4154 1580 4463 3651
8914 4 2 1 1 287 3028 2786 3120
8915 4 2 1 1 2587 3131 2576 4376
8916 4 2 1 1 868 2996 1013 2901
8917 4 2 1 1 1488 2995 1633 2902
8918 4 2 1 1 248 2994 393 2900
8919 4 2 1 1 2877 3364 2207 2975
8920 4 2 1 1 2579 3602 3339 3710
8921 4 2 1 1 2104 2491 3384 4247
8922 4 2 1 1 2886 3140 2471 3726
8923 4 2 1 1 2887 3139 2472 3724
8924 4 2 1 1 2888 3138 2470 3725
8925 4 2 1 1 2254 3334 3125 3889
8926 4 2 1 1 2790 3221 2223 3877
8927 4 2 1 1 2592 3580 2874 3717
8928 4 2 1 1 2594 3581 2875 3718
8929 4 2 1 1 2290 2832 2596 3845
8930 4 2 1 1 2145 3395 2601 3574
8931 4 2 1 1 2545 3239 2512 2121
8932 4 2 1 1 2276 2804 3391 3640
8933 4 2 1 1 4158 3776 571 2930
8934 4 2 1 1 2879 3430 2085 4138
8935 4 2 1 1 3788 3593 2461 2759
8936 4 2 1 1 889 3059 2977 3546
8937 4 2 1 1 269 3060 2978 3547
8938 4 2 1 1 1509 3058 2976 3545
8939 4 2 1 1 2973 3866 1339 3895
8940 4 2 1 1 2096 3155 2456 3157
8941 4 2 1 1 4453 3732 1154 2943
8942 4 2 1 1 4452 3733 750 534
8943 4 2 1 1 4452 3733 534 2944
8944 4 2 1 1 2162 2802 3996 2867
8945 4 2 1 1 4190 2084 3182 2893
8946 4 2 1 1 2067 2713 3024 3550
8947 4 2 1 1 2992 3211 2551 3276
8948 4 2 1 1 1270 3935 3668 4219
8949 4 2 1 1 2360 3537 3317 3747
8950 4 2 1 1 2270 2596 3029 3845
8951 4 2 1 1 2568 3173 4109 4157
8952 4 2 1 1 3016 3858 2268 3864
8953 4 2 1 1 2415 2525 2753 4347
8954 4 2 1 1 2477 2101 2789 4166
8955 4 2 1 1 339 2797 337 3860
8956 4 2 1 1 1579 2798 1577 3862
8957 4 2 1 1 959 2799 957 3861
8958 4 2 1 1 1695 1733 3528 3385
8959 4 2 1 1 4018 4347 3261 2125
8960 4 2 1 1 2536 3249 290 4140
8961 4 2 1 1 2537 3248 1530 4141
8962 4 2 1 1 2538 3250 910 4139
8963 4 2 1 1 682 3012 684 3403
8964 4 2 1 1 2395 3503 3063 4262
8965 4 2 1 1 2512 3239 2545 3696
8966 4 2 1 1 2095 2985 3331 3767
8967 4 2 1 1 2497 3595 3365 3872
8968 4 2 1 1 1175 1172 1325 3653
8969 4 2 1 1 4346 3885 2963 2356
8970 4 2 1 1 3031 3708 2381 4296
8971 4 2 1 1 2108 3305 3646 4031
8972 4 2 1 1 1164 3565 2851 3630
8973 4 2 1 1 2574 4093 4078 4239
8974 4 2 1 1 2753 3880 4347 2125
8975 4 2 1 1 2480 2789 2477 4295
8976 4 2 1 1 538 540 3016 3277
8977 4 2 1 1 2070 3069 2672 3398
8978 4 2 1 1 2793 688 3992 3482
8979 4 2 1 1 2088 2787 3176 4131
8980 4 2 1 1 1326 3236 1276 3354
8981 4 2 1 1 2495 3409 2167 4323
8982 4 2 1 1 3762 2760 2277 2858
8983 4 2 1 1 720 3148 738 3372
8984 4 2 1 1 2596 2270 3029 4287
8985 4 2 1 1 3834 3944 2470 3965
8986 4 2 1 1 2862 3354 1231 4017
8987 4 2 1 1 1571 1582 1551 4150
8988 4 2 1 1 951 962 931 4149
8989 4 2 1 1 331 342 311 4151
8990 4 2 1 1 2525 2415 3576 3894
8991 4 2 1 1 4190 3182 2084 3389
8992 4 2 1 1 3030 3315 2483 4285
8993 4 2 1 1 2566 2928 2469 4352
8994 4 2 1 1 1816 1802 1800 3973
8995 4 2 1 1 839 1119 1121 2622
8996 4 2 1 1 1835 1978 3685 1979
8997 4 2 1 1 3070 3574 2939 4231
8998 4 2 1 1 2545 3362 3239 2121
8999 4 2 1 1 1764 2764 2058 3538
9000 4 2 1 1 3861 4452 4483 1081
9001 4 2 1 1 2239 3095 2491 4251
9002 4 2 1 1 2288 2407 3203 3931
9003 4 2 1 1 2711 4089 362 3840
9004 4 2 1 1 2110 2531 3572 3604
9005 4 2 1 1 2111 2533 3571 3603
9006 4 2 1 1 2877 3364 2975 2154
9007 4 2 1 1 4289 2883 2202 3463
9008 4 2 1 1 2533 2203 3571 4290
9009 4 2 1 1 1591 1589 1590 4146
9010 4 2 1 1 94 4467 4476 2022
9011 4 2 1 1 362 4089 2711 360
9012 4 2 1 1 2723 2869 2398 4164
9013 4 2 1 1 2478 3607 4126 4298
9014 4 2 1 1 2078 3310 3111 3945
9015 4 2 1 1 2119 2618 3135 3831
9016 4 2 1 1 2088 2787 2920 3436
9017 4 2 1 1 2422 3215 3437 3693
9018 4 2 1 1 2109 3465 3102 3678
9019 4 2 1 1 1770 2032 1982 2561
9020 4 2 1 1 506 4541 2935 216
9021 4 2 1 1 258 2738 3408 4084
9022 4 2 1 1 2740 3406 878 4083
9023 4 2 1 1 2739 3407 1498 4085
9024 4 2 1 1 2390 2747 3072 4018
9025 4 2 1 1 2223 2764 2666 3221
9026 4 2 1 1 2068 3609 3275 4350
9027 4 2 1 1 1380 50 49 4462
9028 4 2 1 1 795 3850 674 4318
9029 4 2 1 1 1168 4205 3373 4277
9030 4 2 1 1 1363 3455 1306 3531
9031 4 2 1 1 2045 2049 1925 3098
9032 4 2 1 1 2252 3266 2421 3864
9033 4 2 1 1 2826 3287 2258 4371
9034 4 2 1 1 2828 3285 2257 4372
9035 4 2 1 1 2827 3286 2256 4373
9036 4 2 1 1 1792 2512 3301 2734
9037 4 2 1 1 1797 3159 3973 1800
9038 4 2 1 1 2854 3089 2222 3805
9039 4 2 1 1 2852 3087 2220 3806
9040 4 2 1 1 2853 3088 2221 3807
9041 4 2 1 1 1326 1382 1276 3236
9042 4 2 1 1 2529 2359 3769 4016
9043 4 2 1 1 2683 3549 2366 4171
9044 4 2 1 1 915 3527 2550 3744
9045 4 2 1 1 3000 3106 2205 4027
9046 4 2 1 1 2637 2299 3255 4013
9047 4 2 1 1 2576 3713 3536 3904
9048 4 2 1 1 2211 2920 2787 3436
9049 4 2 1 1 545 701 547 2989
9050 4 2 1 1 2618 2119 3583 4002
9051 4 2 1 1 2792 3193 2626 4177
9052 4 2 1 1 2616 3142 2736 3492
9053 4 2 1 1 2241 2492 3077 4369
9054 4 2 1 1 4162 2211 2758 3256
9055 4 2 1 1 2781 3162 2317 4214
9056 4 2 1 1 2240 2493 3081 4370
9057 4 2 1 1 3054 3287 2258 3416
9058 4 2 1 1 3053 3285 2257 3414
9059 4 2 1 1 3055 3286 2256 3415
9060 4 2 1 1 2310 3085 2970 3252
9061 4 2 1 1 1890 2712 4468 2020
9062 4 2 1 1 2205 3106 3000 4003
9063 4 2 1 1 1089 973 2874 3580
9064 4 2 1 1 1709 1593 2875 3581
9065 4 2 1 1 353 2876 469 3582
9066 4 2 1 1 2956 2800 907 3205
9067 4 2 1 1 2564 2514 2975 3382
9068 4 2 1 1 1487 1486 2885 3462
9069 4 2 1 1 247 246 2883 3463
9070 4 2 1 1 866 2884 867 3464
9071 4 2 1 1 1982 1770 2561 3468
9072 4 2 1 1 1653 2856 3058 4358
9073 4 2 1 1 1033 2855 3059 4359
9074 4 2 1 1 413 2857 3060 4357
9075 4 2 1 1 2580 3117 2246 3353
9076 4 2 1 1 2800 2956 2165 3205
9077 4 2 1 1 2403 3338 4199 3844
9078 4 2 1 1 855 2948 3944 4049
9079 4 2 1 1 3833 2372 2817 3402
9080 4 2 1 1 2527 3760 2990 3946
9081 4 2 1 1 1852 3116 1980 3535
9082 4 2 1 1 1380 49 1132 4462
9083 4 2 1 1 2067 3024 2547 3550
9084 4 2 1 1 4476 4467 94 813
9085 4 2 1 1 2827 3861 1071 4221
9086 4 2 1 1 1691 2828 3862 4222
9087 4 2 1 1 2826 3860 451 4220
9088 4 2 1 1 1291 3381 3989 4274
9089 4 2 1 1 4162 2758 2211 3656
9090 4 2 1 1 510 3449 4327 335
9091 4 2 1 1 1130 3450 4328 955
9092 4 2 1 1 1750 3451 4329 1575
9093 4 2 1 1 2247 4065 2581 3116
9094 4 2 1 1 3701 1567 1740 1583
9095 4 2 1 1 3654 3048 4094 4184
9096 4 2 1 1 1861 2496 4063 1862
9097 4 2 1 1 412 2890 410 3143
9098 4 2 1 1 2676 4058 3172 2240
9099 4 2 1 1 3482 3850 2602 4019
9100 4 2 1 1 2261 3271 2908 3027
9101 4 2 1 1 2263 3269 2907 3025
9102 4 2 1 1 3817 3270 2906 3026
9103 4 2 1 1 2801 2958 2164 3206
9104 4 2 1 1 2637 3125 4330 3682
9105 4 2 1 1 4264 4128 2749 3947
9106 4 2 1 1 2299 3255 3126 3729
9107 4 2 1 1 2656 3944 3834 3965
9108 4 2 1 1 1080 1036 2702 3527
9109 4 2 1 1 1475 2950 3923 4048
9110 4 2 1 1 2949 3924 235 4047
9111 4 2 1 1 2587 3011 2844 3934
9112 4 2 1 1 4462 1132 1380 2917
9113 4 2 1 1 2581 2363 2822 2681
9114 4 2 1 1 520 3961 641 2668
9115 4 2 1 1 2929 3160 2630 4237
9116 4 2 1 1 30 29 4461 1755
9117 4 2 1 1 30 1755 4461 4156
9118 4 2 1 1 1755 29 4461 1991
9119 4 2 1 1 2183 3253 2870 3554
9120 4 2 1 1 3086 3758 2387 3922
9121 4 2 1 1 2238 3498 3153 3711
9122 4 2 1 1 2520 3322 2474 4296
9123 4 2 1 1 2074 2597 2841 4180
9124 4 2 1 1 408 402 321 3993
9125 4 2 1 1 1028 1022 941 3995
9126 4 2 1 1 1561 1648 1642 3994
9127 4 2 1 1 805 809 685 3149
9128 4 2 1 1 2239 2491 3095 4393
9129 4 2 1 1 2379 3363 2737 3657
9130 4 2 1 1 3191 2533 2220 3603
9131 4 2 1 1 3190 2531 2221 3604
9132 4 2 1 1 3192 2532 2222 3605
9133 4 2 1 1 2499 2118 3057 2565
9134 4 2 1 1 2976 3597 2739 2217
9135 4 2 1 1 2977 3596 2740 2216
9136 4 2 1 1 2978 3598 2738 2218
9137 4 2 1 1 2771 3512 2143 3847
9138 4 2 1 1 366 2711 362 3840
9139 4 2 1 1 1342 2724 1215 3498
9140 4 2 1 1 1049 3971 3533 2490
9141 4 2 1 1 3739 3847 2754 4288
9142 4 2 1 1 1978 1966 1835 2732
9143 4 2 1 1 2897 3591 1018 3641
9144 4 2 1 1 2184 3254 2872 3551
9145 4 2 1 1 2125 2753 4018 4347
9146 4 2 1 1 2161 2927 3240 4073
9147 4 2 1 1 1755 1991 4461 3229
9148 4 2 1 1 1814 2733 1824 2819
9149 4 2 1 1 2169 3331 2570 3767
9150 4 2 1 1 2580 2362 2825 3841
9151 4 2 1 1 2577 3133 2334 3396
9152 4 2 1 1 4461 1755 3229 4156
9153 4 2 1 1 1226 1350 1211 4250
9154 4 2 1 1 2528 3745 2346 4335
9155 4 2 1 1 658 2824 3858 3864
9156 4 2 1 1 456 3001 3840 3919
9157 4 2 1 1 2496 3787 2863 3855
9158 4 2 1 1 2040 2605 4156 4286
9159 4 2 1 1 1556 1536 1557 2866
9160 4 2 1 1 2478 4126 3607 3231
9161 4 2 1 1 2545 3696 3239 2408
9162 4 2 1 1 1358 1342 1328 3153
9163 4 2 1 1 2578 3132 2335 2119
9164 4 2 1 1 1420 2606 4154 4284
9165 4 2 1 1 1273 2793 3992 1257
9166 4 2 1 1 1752 4543 1894 2839
9167 4 2 1 1 2070 4153 2763 4336
9168 4 2 1 1 2619 2278 3455 3470
9169 4 2 1 1 2091 2773 3437 3693
9170 4 2 1 1 800 2607 4155 4283
9171 4 2 1 1 666 3030 667 3850
9172 4 2 1 1 1638 2899 3592 3642
9173 4 2 1 1 2151 3198 2831 3801
9174 4 2 1 1 1071 3861 2827 4341
9175 4 2 1 1 1691 3862 2828 4340
9176 4 2 1 1 451 3860 2826 4342
9177 4 2 1 1 2925 3218 2426 3632
9178 4 2 1 1 3885 2963 2356 3659
9179 4 2 1 1 2481 3909 3291 2155
9180 4 2 1 1 1804 3535 4098 2697
9181 4 2 1 1 2179 2574 2912 4078
9182 4 2 1 1 2071 3163 2671 2987
9183 4 2 1 1 2246 2580 2362 3473
9184 4 2 1 1 1176 3653 2569 3003
9185 4 2 1 1 358 3289 2778 3854
9186 4 2 1 1 1049 3533 3971 1020
9187 4 2 1 1 1030 1032 2891 3145
9188 4 2 1 1 2710 2324 3707 3843
9189 4 2 1 1 2491 3608 3092 4247
9190 4 2 1 1 1650 1652 2889 3146
9191 4 2 1 1 77 78 4460 826
9192 4 2 1 1 2499 3511 2313 3972
9193 4 2 1 1 2169 2550 3052 3337
9194 4 2 1 1 4029 2205 2611 3147
9195 4 2 1 1 1915 4246 1822 3185
9196 4 2 1 1 2779 2281 2111 2852
9197 4 2 1 1 728 3299 2557 3578
9198 4 2 1 1 2152 3272 2715 4096
9199 4 2 1 1 2266 3152 2727 2133
9200 4 2 1 1 1971 3300 2555 3579
9201 4 2 1 1 2264 3151 2725 2134
9202 4 2 1 1 2265 3150 2726 2135
9203 4 2 1 1 4460 826 78 4155
9204 4 2 1 1 3092 3608 2318 4247
9205 4 2 1 1 2537 3087 2326 3852
9206 4 2 1 1 2724 3498 2413 3672
9207 4 2 1 1 3738 4327 4122 2643
9208 4 2 1 1 764 663 661 2714
9209 4 2 1 1 1130 4510 3227 826
9210 4 2 1 1 1759 2034 2023 4399
9211 4 2 1 1 2047 2011 1889 3538
9212 4 2 1 1 351 349 350 4147
9213 4 2 1 1 3331 3991 2985 2273
9214 4 2 1 1 4224 1836 2678 1838
9215 4 2 1 1 4357 284 275 291
9216 4 2 1 1 4358 1524 1515 1531
9217 4 2 1 1 4359 904 895 911
9218 4 2 1 1 3702 2373 2815 3405
9219 4 2 1 1 2252 2823 2714 3217
9220 4 2 1 1 1953 2834 1868 3706
9221 4 2 1 1 1257 3505 2793 3992
9222 4 2 1 1 3281 3533 3971 2490
9223 4 2 1 1 2327 3337 3052 4102
9224 4 2 1 1 2579 3344 4395 2349
9225 4 2 1 1 2640 3022 737 3703
9226 4 2 1 1 2364 2182 3143 2554
9227 4 2 1 1 3741 4329 4124 2641
9228 4 2 1 1 2925 3563 3437 3632
9229 4 2 1 1 1162 3565 1164 3630
9230 4 2 1 1 2423 3070 2939 3968
9231 4 2 1 1 3625 3400 4099 2553
9232 4 2 1 1 2276 2804 2352 4204
9233 4 2 1 1 1301 2527 1299 3760
9234 4 2 1 1 2216 4115 2750 3307
9235 4 2 1 1 2217 4114 2751 3305
9236 4 2 1 1 4460 4510 751 77
9237 4 2 1 1 3281 3971 3533 1020
9238 4 2 1 1 2601 3032 2173 3332
9239 4 2 1 1 2213 3839 3543 4392
9240 4 2 1 1 2663 3643 883 3892
9241 4 2 1 1 4460 3227 826 4155
9242 4 2 1 1 2516 3493 2398 4354
9243 4 2 1 1 3133 3396 2585 4262
9244 4 2 1 1 3132 2119 2586 4263
9245 4 2 1 1 2227 2675 3793 3235
9246 4 2 1 1 4459 173 174 1447
9247 4 2 1 1 2745 3615 3244 4172
9248 4 2 1 1 1812 3185 2924 3933
9249 4 2 1 1 174 4459 1447 4154
9250 4 2 1 1 1903 2004 2019 2775
9251 4 2 1 1 2792 3848 3011 3393
9252 4 2 1 1 481 4528 4455 43
9253 4 2 1 1 1721 4502 1453 2907
9254 4 2 1 1 1101 4529 4454 155
9255 4 2 1 1 2104 2893 3056 4037
9256 4 2 1 1 4012 2796 4135 2688
9257 4 2 1 1 2697 3116 4098 2333
9258 4 2 1 1 2660 3633 1503 3888
9259 4 2 1 1 768 4456 778 772
9260 4 2 1 1 4455 1392 1398 2943
9261 4 2 1 1 4454 2008 2945 2012
9262 4 2 1 1 2449 3410 2647 4333
9263 4 2 1 1 3742 4328 4123 2642
9264 4 2 1 1 1818 2863 1819 3183
9265 4 2 1 1 2262 2941 3270 3360
9266 4 2 1 1 2263 2942 3269 3361
9267 4 2 1 1 2261 2940 3271 3359
9268 4 2 1 1 2201 2685 2796 3497
9269 4 2 1 1 2798 2828 3414 2257
9270 4 2 1 1 2799 2827 3415 2256
9271 4 2 1 1 4342 2244 2797 3860
9272 4 2 1 1 4531 2693 511 3439
9273 4 2 1 1 1750 4509 3228 1447
9274 4 2 1 1 4036 3975 3518 2102
9275 4 2 1 1 2303 2866 2756 3886
9276 4 2 1 1 1801 1802 1803 2859
9277 4 2 1 1 209 2644 377 3884
9278 4 2 1 1 2249 2842 3044 4093
9279 4 2 1 1 2530 3345 2145 3332
9280 4 2 1 1 4011 2795 4138 2687
9281 4 2 1 1 2476 2315 3238 3530
9282 4 2 1 1 2193 2561 3012 3176
9283 4 2 1 1 2421 2252 3016 3673
9284 4 2 1 1 1230 3161 2666 3575
9285 4 2 1 1 2476 3238 2315 3476
9286 4 2 1 1 2730 4137 2780 4239
9287 4 2 1 1 2772 3615 2248 4339
9288 4 2 1 1 1661 2992 1660 1553
9289 4 2 1 1 1194 1203 1193 3541
9290 4 2 1 1 1669 3970 3532 2488
9291 4 2 1 1 3223 3689 2860 2375
9292 4 2 1 1 2623 3372 3086 3758
9293 4 2 1 1 3071 3932 2482 4081
9294 4 2 1 1 825 1080 1036 2702
9295 4 2 1 1 2990 4162 3760 4332
9296 4 2 1 1 986 2701 982 3812
9297 4 2 1 1 3262 3890 2613 4321
9298 4 2 1 1 2293 3305 2761 2463
9299 4 2 1 1 3892 4045 882 883
9300 4 2 1 1 2166 2910 2588 3845
9301 4 2 1 1 1824 1814 1854 2733
9302 4 2 1 1 2509 3889 3257 4299
9303 4 2 1 1 3776 4158 3128 2176
9304 4 2 1 1 2213 3543 3809 4392
9305 4 2 1 1 4459 4509 1371 173
9306 4 2 1 1 2611 2193 3294 4029
9307 4 2 1 1 2405 3106 2766 3691
9308 4 2 1 1 2677 3201 2179 4078
9309 4 2 1 1 4041 3891 2910 3845
9310 4 2 1 1 1750 3451 1575 1573
9311 4 2 1 1 1130 3450 955 953
9312 4 2 1 1 510 3449 335 333
9313 4 2 1 1 4459 3228 1447 4154
9314 4 2 1 1 3403 3531 4332 2278
9315 4 2 1 1 2300 2721 3800 3910
9316 4 2 1 1 1606 2700 1602 3811
9317 4 2 1 1 2356 4109 3584 4157
9318 4 2 1 1 2414 3334 2626 4320
9319 4 2 1 1 362 365 360 2711
9320 4 2 1 1 2165 3218 2925 3632
9321 4 2 1 1 1297 3197 2871 3946
9322 4 2 1 1 1296 1201 3496 1434
9323 4 2 1 1 3052 3337 2550 4102
9324 4 2 1 1 1804 3535 2697 3683
9325 4 2 1 1 2045 1996 2049 3098
9326 4 2 1 1 1890 2712 2020 2055
9327 4 2 1 1 1959 1888 2654 3761
9328 4 2 1 1 737 648 646 2640
9329 4 2 1 1 3888 4042 1502 1503
9330 4 2 1 1 2362 3032 2601 3332
9331 4 2 1 1 2416 2617 4090 2755
9332 4 2 1 1 2433 2308 3748 4064
9333 4 2 1 1 405 492 341 3287
9334 4 2 1 1 1732 3414 1645 4340
9335 4 2 1 1 1112 3415 1025 4341
9336 4 2 1 1 4254 2577 2768 3955
9337 4 2 1 1 330 2808 3587 3650
9338 4 2 1 1 3478 1853 4394 3960
9339 4 2 1 1 1845 2555 3359 4355
9340 4 2 1 1 2065 2844 2587 2228
9341 4 2 1 1 576 727 562 2737
9342 4 2 1 1 2003 160 159 4458
9343 4 2 1 1 1046 3205 2800 3501
9344 4 2 1 1 3976 4072 2783 3306
9345 4 2 1 1 2507 4071 2784 4115
9346 4 2 1 1 2506 4070 2785 4114
9347 4 2 1 1 2448 3347 2389 4299
9348 4 2 1 1 4376 3011 3393 2121
9349 4 2 1 1 2768 2577 3517 3955
9350 4 2 1 1 4462 50 49 494
9351 4 2 1 1 160 2003 1753 4458
9352 4 2 1 1 2317 3162 3963 4214
9353 4 2 1 1 1916 2997 1917 3294
9354 4 2 1 1 2386 3124 3101 3513
9355 4 2 1 1 2088 3176 2955 4131
9356 4 2 1 1 2379 2972 2737 4334
9357 4 2 1 1 1414 1425 1310 2758
9358 4 2 1 1 3401 4021 2523 4191
9359 4 2 1 1 2267 3308 2836 3575
9360 4 2 1 1 2463 3804 3707 4256
9361 4 2 1 1 2466 3264 2805 4069
9362 4 2 1 1 159 2003 4458 4143
9363 4 2 1 1 3703 648 761 715
9364 4 2 1 1 2233 3141 2625 4203
9365 4 2 1 1 1980 3535 3116 4098
9366 4 2 1 1 2312 2547 2960 3550
9367 4 2 1 1 2717 2082 3196 4114
9368 4 2 1 1 2083 4072 2783 3194
9369 4 2 1 1 2718 2081 3195 4115
9370 4 2 1 1 3479 613 4397 3957
9371 4 2 1 1 1525 3764 1669 3532
9372 4 2 1 1 905 3765 1049 3533
9373 4 2 1 1 2281 3087 2852 4026
9374 4 2 1 1 2280 3089 2854 4025
9375 4 2 1 1 2890 3626 412 3794
9376 4 2 1 1 3715 3955 4254 2768
9377 4 2 1 1 1900 1757 2028 3082
9378 4 2 1 1 1666 3206 2801 3500
9379 4 2 1 1 3031 4106 3708 4296
9380 4 2 1 1 1669 3532 3970 1640
9381 4 2 1 1 285 3766 429 3534
9382 4 2 1 1 2530 2145 3345 3292
9383 4 2 1 1 2170 2707 3074 3214
9384 4 2 1 1 1178 2765 1323 3373
9385 4 2 1 1 2278 2561 3403 3468
9386 4 2 1 1 653 794 638 2698
9387 4 2 1 1 2213 3543 3115 3809
9388 4 2 1 1 1155 1148 1156 2836
9389 4 2 1 1 1356 1258 1310 3656
9390 4 2 1 1 2282 3088 2853 4030
9391 4 2 1 1 330 2808 319 3587
9392 4 2 1 1 3282 3532 3970 2488
9393 4 2 1 1 3292 4087 2329 4231
9394 4 2 1 1 3512 3847 2771 4288
9395 4 2 1 1 3282 3970 3532 1640
9396 4 2 1 1 3700 1120 947 2849
9397 4 2 1 1 697 3479 698 4000
9398 4 2 1 1 970 971 969 4145
9399 4 2 1 1 429 3534 2489 400
9400 4 2 1 1 2771 3954 3512 4288
9401 4 2 1 1 2229 2513 3383 2585
9402 4 2 1 1 2773 2925 2330 3284
9403 4 2 1 1 2251 3438 2610 3723
9404 4 2 1 1 2191 4021 3401 4191
9405 4 2 1 1 2633 2209 4120 4184
9406 4 2 1 1 3700 947 1120 963
9407 4 2 1 1 1843 1831 1964 3130
9408 4 2 1 1 1223 1211 1350 3129
9409 4 2 1 1 1938 1937 3478 3998
9410 4 2 1 1 603 591 730 3128
9411 4 2 1 1 3141 4251 3483 4273
9412 4 2 1 1 2638 2983 3812 3573
9413 4 2 1 1 3692 4179 3684 4244
9414 4 2 1 1 2204 4291 3441 2884
9415 4 2 1 1 2303 2866 2748 3432
9416 4 2 1 1 2137 3360 3133 2941
9417 4 2 1 1 2262 2941 3360 2137
9418 4 2 1 1 2289 3343 3309 3443
9419 4 2 1 1 4281 2695 2307 3119
9420 4 2 1 1 3410 4054 2647 4333
9421 4 2 1 1 458 2878 468 3875
9422 4 2 1 1 2854 3319 2721 4025
9423 4 2 1 1 2852 3321 2722 4026
9424 4 2 1 1 1896 4458 2916 1753
9425 4 2 1 1 2153 3112 2680 3721
9426 4 2 1 1 2332 3600 3084 3731
9427 4 2 1 1 3627 2033 3169 1815
9428 4 2 1 1 534 768 2944 3733
9429 4 2 1 1 1388 2943 1154 3732
9430 4 2 1 1 2008 2945 1774 3734
9431 4 2 1 1 1341 3618 2567 3711
9432 4 2 1 1 1319 1324 3202 3559
9433 4 2 1 1 2165 2925 3437 3632
9434 4 2 1 1 1018 2897 919 3591
9435 4 2 1 1 2716 4004 2568 4109
9436 4 2 1 1 3001 4067 366 4189
9437 4 2 1 1 2043 1965 3738 4360
9438 4 2 1 1 1341 2567 1229 3711
9439 4 2 1 1 771 807 533 2868
9440 4 2 1 1 1764 2764 3538 4440
9441 4 2 1 1 535 529 536 2837
9442 4 2 1 1 1351 3741 1423 4356
9443 4 2 1 1 2834 3085 2310 3252
9444 4 2 1 1 2095 3514 2985 3767
9445 4 2 1 1 2373 2560 4319 3551
9446 4 2 1 1 1124 3081 3798 4188
9447 4 2 1 1 2779 2190 2111 2171
9448 4 2 1 1 764 2714 3266 4082
9449 4 2 1 1 1638 2899 1539 3592
9450 4 2 1 1 3432 3327 4238 3007
9451 4 2 1 1 2069 3115 2546 3208
9452 4 2 1 1 731 3742 803 4353
9453 4 2 1 1 2248 2745 3171 2153
9454 4 2 1 1 3411 4026 2419 4313
9455 4 2 1 1 513 4519 4437 81
9456 4 2 1 1 1348 3827 2556 4250
9457 4 2 1 1 1115 1000 995 4182
9458 4 2 1 1 1775 1768 1776 2838
9459 4 2 1 1 2870 2183 3554 3849
9460 4 2 1 1 2672 3398 3066 4118
9461 4 2 1 1 2666 2764 2223 4168
9462 4 2 1 1 2786 3028 2168 3120
9463 4 2 1 1 3280 2489 3534 400
9464 4 2 1 1 1133 4520 4438 177
9465 4 2 1 1 1122 3073 996 1053
9466 4 2 1 1 1180 2569 1177 3951
9467 4 2 1 1 2803 3476 2315 3584
9468 4 2 1 1 2983 3573 2773 4361
9469 4 2 1 1 1386 3197 3832 4120
9470 4 2 1 1 2924 1798 2026 1806
9471 4 2 1 1 2067 2547 3024 3210
9472 4 2 1 1 3298 3486 2618 3917
9473 4 2 1 1 978 3234 2777 3851
9474 4 2 1 1 2080 2766 3106 3691
9475 4 2 1 1 1183 3672 1239 2478
9476 4 2 1 1 2141 2570 2985 3979
9477 4 2 1 1 2872 2184 3551 3913
9478 4 2 1 1 2989 3473 741 3539
9479 4 2 1 1 2309 2753 3156 3655
9480 4 2 1 1 2199 3606 2794 2778
9481 4 2 1 1 2569 2735 2380 3951
9482 4 2 1 1 2132 3232 2970 3705
9483 4 2 1 1 2383 4130 2480 3267
9484 4 2 1 1 2724 3440 2238 4368
9485 4 2 1 1 2229 2652 3383 3830
9486 4 2 1 1 2207 3364 3639 3997
9487 4 2 1 1 2471 3720 3924 3967
9488 4 2 1 1 2472 3719 3923 3966
9489 4 2 1 1 1381 2620 3637 3789
9490 4 2 1 1 2657 3387 3187 3940
9491 4 2 1 1 2658 3388 3188 3941
9492 4 2 1 1 2656 3386 3189 3939
9493 4 2 1 1 2424 3268 3017 3693
9494 4 2 1 1 933 1040 2993 4382
9495 4 2 1 1 2126 3969 3203 4197
9496 4 2 1 1 3585 3276 2139 2551
9497 4 2 1 1 4127 3115 3809 2590
9498 4 2 1 1 2474 3708 2520 4296
9499 4 2 1 1 1954 3084 3677 3731
9500 4 2 1 1 2591 2250 3938 3443
9501 4 2 1 1 2267 3645 2861 4375
9502 4 2 1 1 1736 127 128 4457
9503 4 2 1 1 1742 3083 1616 1673
9504 4 2 1 1 2040 2605 4286 1967
9505 4 2 1 1 1848 1958 1872 3370
9506 4 2 1 1 1616 1614 1611 3083
9507 4 2 1 1 2971 3127 2398 4164
9508 4 2 1 1 937 936 916 2988
9509 4 2 1 1 1328 3498 1248 3618
9510 4 2 1 1 1610 1672 1611 3669
9511 4 2 1 1 1391 1427 1152 2865
9512 4 2 1 1 1420 2606 4284 1352
9513 4 2 1 1 2130 2912 2574 3631
9514 4 2 1 1 800 2607 4283 732
9515 4 2 1 1 2577 3133 3955 4254
9516 4 2 1 1 2349 3099 3602 4105
9517 4 2 1 1 950 2810 3591 3652
9518 4 2 1 1 2168 3028 3431 4273
9519 4 2 1 1 2091 3437 3215 3693
9520 4 2 1 1 1872 3370 2839 3695
9521 4 2 1 1 2236 2745 3171 3244
9522 4 2 1 1 1570 2809 3592 3651
9523 4 2 1 1 3733 4483 750 2642
9524 4 2 1 1 2141 3927 2702 3991
9525 4 2 1 1 2717 2652 2608 2293
9526 4 2 1 1 2294 2653 3047 3914
9527 4 2 1 1 2295 2651 3045 3915
9528 4 2 1 1 1191 1353 1185 2931
9529 4 2 1 1 598 609 607 3181
9530 4 2 1 1 1218 3153 3759 1358
9531 4 2 1 1 2131 3096 2575 3330
9532 4 2 1 1 2371 3207 2774 3558
9533 4 2 1 1 1896 1946 2002 3526
9534 4 2 1 1 656 706 762 3525
9535 4 2 1 1 770 4427 767 522
9536 4 2 1 1 4426 2010 2905 1762
9537 4 2 1 1 2631 3769 3204 3925
9538 4 2 1 1 22 4220 838 4400
9539 4 2 1 1 2397 3932 3071 4081
9540 4 2 1 1 1546 2881 1548 4242
9541 4 2 1 1 926 2880 928 4243
9542 4 2 1 1 422 2882 306 308
9543 4 2 1 1 950 2810 939 3591
9544 4 2 1 1 2095 3331 2985 2273
9545 4 2 1 1 2781 2317 3200 4214
9546 4 2 1 1 2290 3018 2562 4142
9547 4 2 1 1 2109 3102 3465 2402
9548 4 2 1 1 2372 2559 4317 3554
9549 4 2 1 1 1570 2809 1559 3592
9550 4 2 1 1 1239 3672 1183 1349
9551 4 2 1 1 1735 1620 1615 4181
9552 4 2 1 1 1952 1880 1947 4252
9553 4 2 1 1 760 130 129 4469
9554 4 2 1 1 4224 2163 4051 2678
9555 4 2 1 1 4106 4008 3031 2255
9556 4 2 1 1 571 733 565 2930
9557 4 2 1 1 2569 2380 2735 3364
9558 4 2 1 1 263 273 3636 3842
9559 4 2 1 1 2425 3516 3173 2598
9560 4 2 1 1 1294 1406 1202 4022
9561 4 2 1 1 2282 2692 3107 3664
9562 4 2 1 1 2139 3107 2692 3664
9563 4 2 1 1 2710 3843 3707 4068
9564 4 2 1 1 3002 3397 1947 4252
9565 4 2 1 1 2491 3384 3092 4213
9566 4 2 1 1 2556 2334 4254 3133
9567 4 2 1 1 652 2668 641 3222
9568 4 2 1 1 2108 3100 3466 2401
9569 4 2 1 1 2427 3654 3690 4311
9570 4 2 1 1 2694 3111 2912 4078
9571 4 2 1 1 4399 3649 1930 2816
9572 4 2 1 1 2196 2783 2689 3905
9573 4 2 1 1 2195 2785 2690 3907
9574 4 2 1 1 2194 2784 2691 3906
9575 4 2 1 1 3346 2101 2477 2308
9576 4 2 1 1 4056 3873 2566 3502
9577 4 2 1 1 3848 4330 3644 3011
9578 4 2 1 1 2366 3782 3430 4171
9579 4 2 1 1 1433 2823 1263 3217
9580 4 2 1 1 2269 2622 3561 3612
9581 4 2 1 1 2639 757 3341 4245
9582 4 2 1 1 2699 3114 2169 3265
9583 4 2 1 1 4408 1086 2935 3507
9584 4 2 1 1 544 542 543 3032
9585 4 2 1 1 2890 3143 412 3626
9586 4 2 1 1 2188 2566 3008 3467
9587 4 2 1 1 2183 3102 2870 3154
9588 4 2 1 1 2292 2870 3102 3154
9589 4 2 1 1 2537 2326 3820 3852
9590 4 2 1 1 4457 1736 127 4144
9591 4 2 1 1 2676 3172 4058 4354
9592 4 2 1 1 1783 1784 1782 3034
9593 4 2 1 1 2175 3075 3152 4374
9594 4 2 1 1 4483 4452 74 1081
9595 4 2 1 1 2492 3201 3090 4066
9596 4 2 1 1 2178 2493 3091 3200
9597 4 2 1 1 2045 3098 1925 3649
9598 4 2 1 1 2696 3117 2335 3699
9599 4 2 1 1 2345 2999 2100 4068
9600 4 2 1 1 827 157 158 4485
9601 4 2 1 1 126 125 522 4517
9602 4 2 1 1 1055 1001 967 2908
9603 4 2 1 1 1936 2638 1761 3865
9604 4 2 1 1 3258 3428 2194 2691
9605 4 2 1 1 3259 3429 2195 2690
9606 4 2 1 1 3260 3427 2196 2689
9607 4 2 1 1 2405 3365 3595 3872
9608 4 2 1 1 1225 3360 4250 4384
9609 4 2 1 1 2291 2872 3100 3158
9610 4 2 1 1 2184 3100 2872 3158
9611 4 2 1 1 1071 4401 4221 1057
9612 4 2 1 1 1721 122 123 4456
9613 4 2 1 1 2340 2625 3141 4203
9614 4 2 1 1 1780 1850 1778 3017
9615 4 2 1 1 696 4538 2639 521
9616 4 2 1 1 2535 3649 1961 3777
9617 4 2 1 1 2576 3131 2333 4376
9618 4 2 1 1 2646 1249 3618 3935
9619 4 2 1 1 726 3299 725 770
9620 4 2 1 1 1973 3300 1972 2010
9621 4 2 1 1 2282 2720 4030 2853
9622 4 2 1 1 2081 3411 2634 2505
9623 4 2 1 1 3322 3996 3076 4391
9624 4 2 1 1 2447 3084 3600 3731
9625 4 2 1 1 1824 2733 1854 4224
9626 4 2 1 1 3762 2760 2858 2097
9627 4 2 1 1 2153 2680 3112 3144
9628 4 2 1 1 3090 3201 2179 4066
9629 4 2 1 1 2493 2676 2178 2240
9630 4 2 1 1 3713 3535 2247 3239
9631 4 2 1 1 1721 4502 2907 4456
9632 4 2 1 1 3148 3181 2328 4225
9633 4 2 1 1 4456 1721 122 1676
9634 4 2 1 1 2129 2913 2573 3830
9635 4 2 1 1 2835 3328 3147 4165
9636 4 2 1 1 4502 778 4456 123
9637 4 2 1 1 2492 2241 2902 4369
9638 4 2 1 1 3242 4025 2417 4128
9639 4 2 1 1 3441 3605 2532 4291
9640 4 2 1 1 3843 3975 4137 3288
9641 4 2 1 1 2907 4456 1676 1721
9642 4 2 1 1 3644 4330 3848 2414
9643 4 2 1 1 1398 43 42 4455
9644 4 2 1 1 2369 3684 3692 4179
9645 4 2 1 1 2577 3396 2334 3698
9646 4 2 1 1 2128 3595 3775 4331
9647 4 2 1 1 965 3926 2988 4173
9648 4 2 1 1 2216 2750 4115 2505
9649 4 2 1 1 2217 2751 4114 2504
9650 4 2 1 1 2218 2749 3306 2503
9651 4 2 1 1 2122 4004 3394 4298
9652 4 2 1 1 605 2557 3361 4378
9653 4 2 1 1 2125 3920 3261 3925
9654 4 2 1 1 1297 1296 2871 3197
9655 4 2 1 1 2595 2670 2369 3667
9656 4 2 1 1 2370 3010 2499 4364
9657 4 2 1 1 1275 4528 3817 1145
9658 4 2 1 1 4455 1392 42 1398
9659 4 2 1 1 1398 4528 1145 43
9660 4 2 1 1 2080 3106 2729 2321
9661 4 2 1 1 2321 3185 2924 4246
9662 4 2 1 1 3183 1830 4148 1808
9663 4 2 1 1 2578 2119 2335 3699
9664 4 2 1 1 678 3124 3245 4095
9665 4 2 1 1 2430 2517 3589 3981
9666 4 2 1 1 2431 2518 3588 3982
9667 4 2 1 1 1159 3161 1157 3739
9668 4 2 1 1 1218 1229 3505 3711
9669 4 2 1 1 2239 2491 2934 4251
9670 4 2 1 1 2120 3396 2577 3698
9671 4 2 1 1 2657 3924 3720 3967
9672 4 2 1 1 2658 3923 3719 3966
9673 4 2 1 1 2823 3217 1433 3668
9674 4 2 1 1 2526 3409 4315 2679
9675 4 2 1 1 1871 1858 1875 2961
9676 4 2 1 1 1916 2054 2997 3185
9677 4 2 1 1 3237 3684 4020 4064
9678 4 2 1 1 4455 4535 436 42
9679 4 2 1 1 656 4457 2918 512
9680 4 2 1 1 1896 4458 1753 2003
9681 4 2 1 1 3183 1830 1808 1818
9682 4 2 1 1 1045 3415 952 3987
9683 4 2 1 1 1572 1665 3414 3986
9684 4 2 1 1 425 3416 332 3985
9685 4 2 1 1 2774 3207 2276 3640
9686 4 2 1 1 3456 3490 2510 4270
9687 4 2 1 1 2359 3056 2448 3347
9688 4 2 1 1 2316 2972 2731 2155
9689 4 2 1 1 2072 2986 4020 2723
9690 4 2 1 1 1398 4455 2943 2906
9691 4 2 1 1 2562 3018 2385 4142
9692 4 2 1 1 2375 3165 2757 3223
9693 4 2 1 1 2156 2859 2774 3159
9694 4 2 1 1 3092 3384 2180 4213
9695 4 2 1 1 1251 1238 1255 2959
9696 4 2 1 1 2209 2527 3197 3832
9697 4 2 1 1 433 2836 2861 4375
9698 4 2 1 1 2173 2530 3332 3659
9699 4 2 1 1 3099 3487 2349 4395
9700 4 2 1 1 2126 3745 2346 4197
9701 4 2 1 1 1495 2522 4193 4326
9702 4 2 1 1 574 3318 2928 3826
9703 4 2 1 1 4409 215 2748 3385
9704 4 2 1 1 2647 3410 2859 4054
9705 4 2 1 1 734 579 578 3198
9706 4 2 1 1 1879 3704 2621 3660
9707 4 2 1 1 2014 4327 2043 3738
9708 4 2 1 1 1394 1146 1423 2641
9709 4 2 1 1 803 774 526 2642
9710 4 2 1 1 2793 688 3482 781
9711 4 2 1 1 3313 3168 4053 2204
9712 4 2 1 1 3686 2203 2377 3166
9713 4 2 1 1 2376 3688 2202 3167
9714 4 2 1 1 2729 3106 2205 4003
9715 4 2 1 1 2780 2357 3064 3466
9716 4 2 1 1 155 154 2018 4454
9717 4 2 1 1 1386 1292 2633 4120
9718 4 2 1 1 2787 3403 3245 4379
9719 4 2 1 1 433 2836 477 2861
9720 4 2 1 1 1797 1796 1795 3683
9721 4 2 1 1 359 3289 356 3784
9722 4 2 1 1 631 618 635 2957
9723 4 2 1 1 2052 2896 1983 3743
9724 4 2 1 1 2654 2764 3094 3221
9725 4 2 1 1 4439 500 201 507
9726 4 2 1 1 1857 1858 2961 3984
9727 4 2 1 1 2965 3285 447 4372
9728 4 2 1 1 2964 3286 1687 4373
9729 4 2 1 1 2966 3287 1067 4371
9730 4 2 1 1 4318 674 2892 3850
9731 4 2 1 1 441 4408 3507 4489
9732 4 2 1 1 2242 3225 2828 2257
9733 4 2 1 1 2243 3226 2827 2256
9734 4 2 1 1 2244 3224 2826 2258
9735 4 2 1 1 4318 2892 674 3601
9736 4 2 1 1 45 46 207 4507
9737 4 2 1 1 2473 2709 2098 2998
9738 4 2 1 1 2473 2710 2100 2999
9739 4 2 1 1 1895 4529 3816 1765
9740 4 2 1 1 4481 1695 1445 2703
9741 4 2 1 1 290 289 301 3821
9742 4 2 1 1 1529 1541 1530 3820
9743 4 2 1 1 909 921 910 3822
9744 4 2 1 1 2356 4206 2963 4346
9745 4 2 1 1 2112 2523 3114 3265
9746 4 2 1 1 2047 1773 2011 2861
9747 4 2 1 1 1744 3077 3797 4255
9748 4 2 1 1 1237 1238 2959 3980
9749 4 2 1 1 2253 3268 2728 3740
9750 4 2 1 1 2193 3012 2835 3577
9751 4 2 1 1 2103 3889 2617 4299
9752 4 2 1 1 1702 3886 1708 1698
9753 4 2 1 1 3380 3834 2470 3965
9754 4 2 1 1 3739 3413 1316 1240
9755 4 2 1 1 538 540 610 3016
9756 4 2 1 1 2805 3264 2946 4363
9757 4 2 1 1 2129 3807 3190 3940
9758 4 2 1 1 2130 3806 3191 3941
9759 4 2 1 1 2131 3805 3192 3939
9760 4 2 1 1 617 618 2957 3977
9761 4 2 1 1 704 701 577 3473
9762 4 2 1 1 2630 2356 3584 4157
9763 4 2 1 1 3349 3467 2840 3762
9764 4 2 1 1 1036 3507 2702 3527
9765 4 2 1 1 1733 2748 1456 1704
9766 4 2 1 1 2369 3520 2670 3748
9767 4 2 1 1 1120 821 1017 3624
9768 4 2 1 1 1637 1740 1444 3623
9769 4 2 1 1 500 201 397 3622
9770 4 2 1 1 2655 3563 3099 3632
9771 4 2 1 1 2626 3193 2665 3600
9772 4 2 1 1 2104 3056 2631 3347
9773 4 2 1 1 4454 2012 154 2018
9774 4 2 1 1 3050 2111 2326 4193
9775 4 2 1 1 1912 2611 4029 4308
9776 4 2 1 1 2474 3199 2807 3708
9777 4 2 1 1 737 715 648 3703
9778 4 2 1 1 2765 3670 2116 3097
9779 4 2 1 1 2864 3587 2285 4046
9780 4 2 1 1 2143 3413 2754 3844
9781 4 2 1 1 3739 1316 3413 2644
9782 4 2 1 1 2404 3118 2509 3334
9783 4 2 1 1 2282 3471 2720 2853
9784 4 2 1 1 2807 3112 2219 3943
9785 4 2 1 1 2366 3198 3658 3782
9786 4 2 1 1 2202 2672 3069 3398
9787 4 2 1 1 1886 2654 1888 3616
9788 4 2 1 1 2169 2443 3175 3213
9789 4 2 1 1 2560 2105 3064 4325
9790 4 2 1 1 2730 3044 2397 3932
9791 4 2 1 1 2018 4529 1765 155
9792 4 2 1 1 2168 3431 3028 3793
9793 4 2 1 1 2891 3145 1032 3641
9794 4 2 1 1 3554 4324 4077 2106
9795 4 2 1 1 2131 3834 3380 3965
9796 4 2 1 1 2890 3164 2400 4377
9797 4 2 1 1 2889 3146 1652 3642
9798 4 2 1 1 1910 3000 4246 4308
9799 4 2 1 1 4213 4393 2239 2900
9800 4 2 1 1 2431 3132 2586 4263
9801 4 2 1 1 2430 3133 2585 4262
9802 4 2 1 1 4454 4536 1056 154
9803 4 2 1 1 2391 2765 3675 3373
9804 4 2 1 1 795 675 2602 4318
9805 4 2 1 1 2105 3216 3551 4152
9806 4 2 1 1 2330 2925 3437 4388
9807 4 2 1 1 2461 4208 3485 3593
9808 4 2 1 1 2706 2433 4020 3297
9809 4 2 1 1 2877 3364 2154 2735
9810 4 2 1 1 1916 3294 1918 4029
9811 4 2 1 1 1167 1321 1322 2645
9812 4 2 1 1 2348 3630 2666 3877
9813 4 2 1 1 1811 1968 1805 2915
9814 4 2 1 1 985 3798 2701 4188
9815 4 2 1 1 2230 3379 2653 3631
9816 4 2 1 1 2107 3122 3312 2962
9817 4 2 1 1 2076 3517 3457 3936
9818 4 2 1 1 2631 3056 2104 4247
9819 4 2 1 1 4454 2008 2012 2018
9820 4 2 1 1 435 381 347 2906
9821 4 2 1 1 2405 3106 3000 4027
9822 4 2 1 1 2144 2454 3573 2822
9823 4 2 1 1 361 359 471 4089
9824 4 2 1 1 2145 2682 4087 2455
9825 4 2 1 1 2272 3432 2748 3528
9826 4 2 1 1 4237 3292 2929 3990
9827 4 2 1 1 2459 3511 2679 4075
9828 4 2 1 1 1248 1328 1342 3498
9829 4 2 1 1 3237 4020 2986 2723
9830 4 2 1 1 2932 3662 2461 4265
9831 4 2 1 1 2541 3838 342 4113
9832 4 2 1 1 1582 2540 3837 4112
9833 4 2 1 1 2539 3836 962 4111
9834 4 2 1 1 2174 2729 2558 3952
9835 4 2 1 1 2465 3180 3426 4219
9836 4 2 1 1 169 170 4453 1701
9837 4 2 1 1 2677 3071 2231 4081
9838 4 2 1 1 4479 2793 688 3992
9839 4 2 1 1 271 4067 3842 4189
9840 4 2 1 1 2994 3720 2471 4174
9841 4 2 1 1 2188 3008 2910 3891
9842 4 2 1 1 275 3060 269 3547
9843 4 2 1 1 895 3059 889 3546
9844 4 2 1 1 1509 1515 3058 3545
9845 4 2 1 1 2181 2600 3142 3304
9846 4 2 1 1 1084 836 2756 3390
9847 4 2 1 1 814 3124 2927 4163
9848 4 2 1 1 2580 3841 2825 2682
9849 4 2 1 1 2391 2765 3373 3670
9850 4 2 1 1 4052 3166 3686 2488
9851 4 2 1 1 2317 3963 3200 4214
9852 4 2 1 1 3625 3400 2553 3993
9853 4 2 1 1 2172 3085 3252 2393
9854 4 2 1 1 3012 3176 2561 3403
9855 4 2 1 1 2796 3497 2685 4228
9856 4 2 1 1 2613 3262 2565 3890
9857 4 2 1 1 4051 2332 2845 2733
9858 4 2 1 1 2425 3553 2482 4152
9859 4 2 1 1 2556 4250 3360 4384
9860 4 2 1 1 3026 3270 2439 3360
9861 4 2 1 1 3025 3269 2438 3361
9862 4 2 1 1 3027 3271 2440 3359
9863 4 2 1 1 490 2702 422 4241
9864 4 2 1 1 1110 2704 1042 4243
9865 4 2 1 1 1730 2703 1662 4242
9866 4 2 1 1 970 4485 827 2905
9867 4 2 1 1 350 4507 207 2903
9868 4 2 1 1 1590 4517 1446 2904
9869 4 2 1 1 3272 3317 2399 3747
9870 4 2 1 1 676 672 675 2650
9871 4 2 1 1 1315 1314 1240 3413
9872 4 2 1 1 709 3273 2909 3502
9873 4 2 1 1 2724 2914 2339 4201
9874 4 2 1 1 4053 3168 3687 2490
9875 4 2 1 1 2328 3595 3106 2766
9876 4 2 1 1 2299 2637 2214 4013
9877 4 2 1 1 1727 169 4453 1701
9878 4 2 1 1 2526 2925 3504 3563
9879 4 2 1 1 4377 2107 3712 2400
9880 4 2 1 1 2938 2320 3105 4043
9881 4 2 1 1 551 3273 709 3502
9882 4 2 1 1 74 4452 4483 750
9883 4 2 1 1 2068 3275 3609 2399
9884 4 2 1 1 1119 839 1066 3186
9885 4 2 1 1 4254 2768 2577 3937
9886 4 2 1 1 2552 3781 2140 3912
9887 4 2 1 1 2058 2059 1887 2764
9888 4 2 1 1 2626 2447 3193 3600
9889 4 2 1 1 2774 2859 2374 4148
9890 4 2 1 1 4494 832 3390 1061
9891 4 2 1 1 648 646 2640 3908
9892 4 2 1 1 2101 2595 3748 2308
9893 4 2 1 1 1727 1701 4453 2943
9894 4 2 1 1 805 4419 3149 518
9895 4 2 1 1 2181 3142 2526 3304
9896 4 2 1 1 3978 3347 2448 4299
9897 4 2 1 1 1774 4518 4451 26
9898 4 2 1 1 2258 3508 3224 4371
9899 4 2 1 1 2256 3509 3226 4373
9900 4 2 1 1 2257 3510 3225 4372
9901 4 2 1 1 2664 3749 3636 3842
9902 4 2 1 1 3377 2794 3338 2584
9903 4 2 1 1 2370 2499 3614 4364
9904 4 2 1 1 2253 3268 2820 3348
9905 4 2 1 1 2097 3467 3349 3762
9906 4 2 1 1 1824 2819 2733 4224
9907 4 2 1 1 2637 3125 3682 3978
9908 4 2 1 1 4377 3712 2107 3126
9909 4 2 1 1 2132 2970 3232 3839
9910 4 2 1 1 3975 3745 2102 3566
9911 4 2 1 1 3187 3387 2221 3940
9912 4 2 1 1 3188 3388 2220 3941
9913 4 2 1 1 3189 3386 2222 3939
9914 4 2 1 1 3215 3437 2091 3853
9915 4 2 1 1 3094 4169 2360 4297
9916 4 2 1 1 2493 2676 2240 2811
9917 4 2 1 1 2179 3201 2677 4066
9918 4 2 1 1 2831 3602 2347 3671
9919 4 2 1 1 663 2714 764 4082
9920 4 2 1 1 4056 3873 3502 559
9921 4 2 1 1 1844 1949 3084 3425
9922 4 2 1 1 3098 3832 2209 4120
9923 4 2 1 1 2098 4210 2298 2998
9924 4 2 1 1 2180 3384 3887 4213
9925 4 2 1 1 1316 1240 1377 3739
9926 4 2 1 1 3975 3745 3566 2528
9927 4 2 1 1 1942 2911 1981 3535
9928 4 2 1 1 670 795 675 2602
9929 4 2 1 1 2174 3263 2729 3952
9930 4 2 1 1 2161 2920 3709 4131
9931 4 2 1 1 2683 2366 3430 4171
9932 4 2 1 1 2373 2899 3405 3702
9933 4 2 1 1 74 73 1081 4452
9934 4 2 1 1 3400 307 305 2553
9935 4 2 1 1 2780 3064 2357 3404
9936 4 2 1 1 4136 2722 2852 2342
9937 4 2 1 1 1896 2002 2916 3526
9938 4 2 1 1 656 762 2918 3525
9939 4 2 1 1 3076 3322 2520 3996
9940 4 2 1 1 319 3587 2808 3794
9941 4 2 1 1 2580 2200 3479 3957
9942 4 2 1 1 2479 3085 2834 2248
9943 4 2 1 1 2344 3374 2933 3746
9944 4 2 1 1 2933 3374 2323 3746
9945 4 2 1 1 2581 2198 3478 3960
9946 4 2 1 1 2979 551 552 549
9947 4 2 1 1 4452 73 1081 1107
9948 4 2 1 1 2371 3558 2774 3973
9949 4 2 1 1 3400 307 407 305
9950 4 2 1 1 734 2831 3198 4294
9951 4 2 1 1 2770 2077 2576 4065
9952 4 2 1 1 1206 2805 3530 3562
9953 4 2 1 1 2122 2960 2659 3442
9954 4 2 1 1 2328 3181 3106 4027
9955 4 2 1 1 2270 3008 2566 3871
9956 4 2 1 1 4518 4451 26 461
9957 4 2 1 1 1171 3594 3675 3003
9958 4 2 1 1 703 793 3316 3601
9959 4 2 1 1 2289 3343 2753 2583
9960 4 2 1 1 1604 1725 3797 3856
9961 4 2 1 1 2787 2572 3403 4379
9962 4 2 1 1 2787 3176 3012 3403
9963 4 2 1 1 3951 3548 3358 1196
9964 4 2 1 1 2693 3872 3000 4027
9965 4 2 1 1 2152 3317 3747 3787
9966 4 2 1 1 3066 3376 2322 4086
9967 4 2 1 1 2173 2601 3332 3395
9968 4 2 1 1 2649 3018 2096 3874
9969 4 2 1 1 2122 3394 2597 4298
9970 4 2 1 1 2650 3124 676 4095
9971 4 2 1 1 3401 927 925 2552
9972 4 2 1 1 836 4407 2756 3390
9973 4 2 1 1 4056 3873 559 3494
9974 4 2 1 1 2116 3031 2867 4106
9975 4 2 1 1 884 883 3643 3892
9976 4 2 1 1 2576 3918 3904 3536
9977 4 2 1 1 4452 1107 1081 2944
9978 4 2 1 1 486 222 4436 2943
9979 4 2 1 1 4518 3734 4451 3860
9980 4 2 1 1 2342 3375 3065 4050
9981 4 2 1 1 2514 3382 2564 3544
9982 4 2 1 1 2136 3717 2940 4035
9983 4 2 1 1 2138 3718 2942 4034
9984 4 2 1 1 25 26 1774 4451
9985 4 2 1 1 1321 2645 1167 3635
9986 4 2 1 1 3543 3839 2404 4392
9987 4 2 1 1 4451 4550 487 2945
9988 4 2 1 1 2161 3709 3513 4131
9989 4 2 1 1 1196 3868 3548 1347
9990 4 2 1 1 576 727 2737 3549
9991 4 2 1 1 1504 1503 3633 3888
9992 4 2 1 1 578 3198 579 3835
9993 4 2 1 1 1774 4518 26 1990
9994 4 2 1 1 1829 3130 1855 2915
9995 4 2 1 1 1384 1212 1399 2614
9996 4 2 1 1 4451 4550 25 487
9997 4 2 1 1 794 805 690 3896
9998 4 2 1 1 2184 3158 2889 2401
9999 4 2 1 1 2076 3246 2584 3489
10000 4 2 1 1 3555 2857 4387 3449
10001 4 2 1 1 3556 2855 4386 3450
10002 4 2 1 1 3557 2856 4385 3451
10003 4 2 1 1 2556 3827 2334 3133
10004 4 2 1 1 4028 2674 3975 3518
10005 4 2 1 1 4046 3622 2839 4316
10006 4 2 1 1 1254 1231 3354 4017
10007 4 2 1 1 2717 2652 2293 3046
10008 4 2 1 1 2294 3047 2718 3914
10009 4 2 1 1 2295 3045 2719 3915
10010 4 2 1 1 2164 2630 3160 2150
10011 4 2 1 1 795 2602 3850 4318
10012 4 2 1 1 2891 3641 1032 3796
10013 4 2 1 1 2639 3070 2226 4211
10014 4 2 1 1 2183 3154 2891 2402
10015 4 2 1 1 2407 3278 2759 3593
10016 4 2 1 1 2797 2258 2412 3555
10017 4 2 1 1 2798 2257 2410 3557
10018 4 2 1 1 2799 2256 2411 3556
10019 4 2 1 1 2075 2665 4364 4392
10020 4 2 1 1 1774 4518 1990 3734
10021 4 2 1 1 1611 1672 1616 3083
10022 4 2 1 1 2373 2899 3702 4272
10023 4 2 1 1 4453 1418 4532 2943
10024 4 2 1 1 4452 798 4546 2944
10025 4 2 1 1 4451 2038 2945 1774
10026 4 2 1 1 1400 111 112 4450
10027 4 2 1 1 2387 2909 3502 3873
10028 4 2 1 1 2485 3058 2856 4358
10029 4 2 1 1 2484 3060 2857 4357
10030 4 2 1 1 2486 3059 2855 4359
10031 4 2 1 1 2310 3085 2834 3706
10032 4 2 1 1 1652 2889 3642 3795
10033 4 2 1 1 596 598 607 2615
10034 4 2 1 1 1400 4514 1131 3426
10035 4 2 1 1 1268 1269 3472 3789
10036 4 2 1 1 1048 3641 3145 4268
10037 4 2 1 1 2581 2077 2247 2363
10038 4 2 1 1 3668 4450 3426 673
10039 4 2 1 1 2282 2853 3074 3471
10040 4 2 1 1 4028 3975 2674 2368
10041 4 2 1 1 2649 2960 2547 3859
10042 4 2 1 1 2298 3311 3519 2755
10043 4 2 1 1 1406 1323 1178 2765
10044 4 2 1 1 3044 3745 2730 4335
10045 4 2 1 1 2176 2930 2119 3634
10046 4 2 1 1 1002 2663 893 883
10047 4 2 1 1 2280 2721 4025 2854
10048 4 2 1 1 2791 3171 3112 2153
10049 4 2 1 1 1630 1476 1474 3139
10050 4 2 1 1 234 390 236 3140
10051 4 2 1 1 1010 856 854 3138
10052 4 2 1 1 2458 4089 3884 2917
10053 4 2 1 1 3003 3560 2210 3594
10054 4 2 1 1 2346 4064 2308 3564
10055 4 2 1 1 2145 3292 2939 4231
10056 4 2 1 1 1668 3642 3146 4272
10057 4 2 1 1 2626 3193 2447 4177
10058 4 2 1 1 2177 2931 3396 3639
10059 4 2 1 1 3274 3439 2693 3872
10060 4 2 1 1 3401 927 1027 925
10061 4 2 1 1 2549 3211 3050 4389
10062 4 2 1 1 564 3539 4097 2696
10063 4 2 1 1 2815 3516 2425 2598
10064 4 2 1 1 2631 3347 2359 3769
10065 4 2 1 1 2336 3069 2573 4079
10066 4 2 1 1 3079 4232 3399 4309
10067 4 2 1 1 1400 4514 3426 4450
10068 4 2 1 1 1622 2660 1513 1503
10069 4 2 1 1 111 1270 4466 4450
10070 4 2 1 1 2715 2393 3317 4333
10071 4 2 1 1 3868 3951 1182 1196
10072 4 2 1 1 2169 2699 3265 4021
10073 4 2 1 1 3103 3088 2282 4030
10074 4 2 1 1 2616 3474 3142 2363
10075 4 2 1 1 275 276 269 3060
10076 4 2 1 1 895 896 889 3059
10077 4 2 1 1 1509 1515 1516 3058
10078 4 2 1 1 1316 2644 1140 3884
10079 4 2 1 1 1840 2662 3116 3960
10080 4 2 1 1 2186 3424 2593 4033
10081 4 2 1 1 2187 3423 2594 4034
10082 4 2 1 1 2185 3422 2592 4035
10083 4 2 1 1 2764 2058 3616 1887
10084 4 2 1 1 2621 2923 2223 3722
10085 4 2 1 1 3944 4049 3965 2656
10086 4 2 1 1 2319 3064 2780 3201
10087 4 2 1 1 2046 96 95 4449
10088 4 2 1 1 2661 3117 600 3957
10089 4 2 1 1 2762 2369 4129 3678
10090 4 2 1 1 2474 3329 3199 3783
10091 4 2 1 1 589 3128 615 3776
10092 4 2 1 1 2415 3880 2767 4347
10093 4 2 1 1 2259 2582 2789 4271
10094 4 2 1 1 2087 3085 2791 3943
10095 4 2 1 1 2540 3452 387 4112
10096 4 2 1 1 2539 3453 1627 4111
10097 4 2 1 1 1007 2541 3454 4113
10098 4 2 1 1 1235 1209 3129 2931
10099 4 2 1 1 2019 1905 3365 3950
10100 4 2 1 1 3840 3919 3847 2644
10101 4 2 1 1 3066 3604 2302 2853
10102 4 2 1 1 4349 2683 2274 4226
10103 4 2 1 1 3008 3845 2910 3891
10104 4 2 1 1 2091 2728 3740 4105
10105 4 2 1 1 2117 3435 2603 4127
10106 4 2 1 1 2982 2533 2111 2220
10107 4 2 1 1 2571 3325 2841 4092
10108 4 2 1 1 4449 4531 511 3439
10109 4 2 1 1 1873 3738 3734 2014
10110 4 2 1 1 1253 3741 3732 1394
10111 4 2 1 1 633 3742 3733 774
10112 4 2 1 1 2829 3031 2381 4296
10113 4 2 1 1 3293 3773 2331 3972
10114 4 2 1 1 612 3117 740 3539
10115 4 2 1 1 2841 3540 4044 3442
10116 4 2 1 1 2313 3057 3369 4212
10117 4 2 1 1 1647 3994 1545 3399
10118 4 2 1 1 2377 4085 3166 4309
10119 4 2 1 1 2981 430 3387 4005
10120 4 2 1 1 1670 3388 2982 4006
10121 4 2 1 1 2980 1050 3386 4007
10122 4 2 1 1 2163 2590 3174 4074
10123 4 2 1 1 2223 3094 3221 3537
10124 4 2 1 1 2122 2659 2960 3440
10125 4 2 1 1 2156 2818 3207 3640
10126 4 2 1 1 2639 3574 3070 2455
10127 4 2 1 1 564 4097 3539 740
10128 4 2 1 1 1804 4098 3535 1980
10129 4 2 1 1 513 4437 2849 3624
10130 4 2 1 1 4467 2046 95 4449
10131 4 2 1 1 2358 3465 2986 3678
10132 4 2 1 1 2406 2753 2525 4347
10133 4 2 1 1 2560 3064 2105 3551
10134 4 2 1 1 1954 1949 1793 3677
10135 4 2 1 1 4467 2046 4449 3439
10136 4 2 1 1 3137 3261 2389 3925
10137 4 2 1 1 4449 4531 96 511
10138 4 2 1 1 4438 2850 1133 3623
10139 4 2 1 1 1257 1327 1430 2793
10140 4 2 1 1 2733 2819 1814 4186
10141 4 2 1 1 634 770 624 3299
10142 4 2 1 1 2320 3030 2892 3315
10143 4 2 1 1 2106 2781 3554 4324
10144 4 2 1 1 736 3328 2835 4165
10145 4 2 1 1 1622 1527 1513 2958
10146 4 2 1 1 1874 2010 1864 3300
10147 4 2 1 1 2221 3088 2853 3883
10148 4 2 1 1 1124 3798 985 4188
10149 4 2 1 1 1739 1459 1686 3184
10150 4 2 1 1 3049 3148 2328 4225
10151 4 2 1 1 2078 3353 2682 3841
10152 4 2 1 1 191 192 2020 4448
10153 4 2 1 1 2020 4482 1754 2712
10154 4 2 1 1 191 2020 4468 4448
10155 4 2 1 1 1298 3197 1299 3832
10156 4 2 1 1 2763 3204 2070 3769
10157 4 2 1 1 2406 2513 3457 4398
10158 4 2 1 1 2110 3214 3471 4086
10159 4 2 1 1 3476 3885 2752 4346
10160 4 2 1 1 2726 3419 2394 3751
10161 4 2 1 1 2154 3231 3607 4126
10162 4 2 1 1 996 994 991 3073
10163 4 2 1 1 2725 3418 2395 3752
10164 4 2 1 1 646 3178 2640 3908
10165 4 2 1 1 2727 3420 2396 3753
10166 4 2 1 1 834 1098 970 3816
10167 4 2 1 1 350 4417 478 4507
10168 4 2 1 1 1590 1453 1718 3818
10169 4 2 1 1 712 3549 2683 4171
10170 4 2 1 1 607 4165 3328 736
10171 4 2 1 1 4258 2049 2051 2619
10172 4 2 1 1 2080 3691 3106 2321
10173 4 2 1 1 4468 1426 1293 191
10174 4 2 1 1 2929 3990 3160 4237
10175 4 2 1 1 2748 3385 215 4238
10176 4 2 1 1 4400 4371 838 1065
10177 4 2 1 1 445 3285 219 4372
10178 4 2 1 1 1458 1685 3286 4373
10179 4 2 1 1 2215 3397 2678 3921
10180 4 2 1 1 4407 1706 2756 3390
10181 4 2 1 1 939 3591 2810 3796
10182 4 2 1 1 2795 3430 2683 4226
10183 4 2 1 1 410 401 3143 3534
10184 4 2 1 1 4158 571 3776 589
10185 4 2 1 1 2207 2975 3364 3997
10186 4 2 1 1 2575 3330 3096 3493
10187 4 2 1 1 1956 1969 2915 3973
10188 4 2 1 1 2138 2557 3718 4236
10189 4 2 1 1 2020 4482 2712 4448
10190 4 2 1 1 1559 3592 2809 3795
10191 4 2 1 1 709 3273 4001 2909
10192 4 2 1 1 364 3799 272 4393
10193 4 2 1 1 2389 3257 2448 4299
10194 4 2 1 1 2213 3199 3329 3783
10195 4 2 1 1 664 663 665 3030
10196 4 2 1 1 1002 907 893 2956
10197 4 2 1 1 1171 3594 3003 1329
10198 4 2 1 1 855 854 856 2948
10199 4 2 1 1 1476 1475 1474 2950
10200 4 2 1 1 235 234 236 2949
10201 4 2 1 1 2391 3373 3006 3670
10202 4 2 1 1 4447 115 114 1403
10203 4 2 1 1 1496 3888 1497 3611
10204 4 2 1 1 2569 1180 3231 3951
10205 4 2 1 1 4002 2073 2708 4160
10206 4 2 1 1 3603 2111 2533 2220
10207 4 2 1 1 1695 3528 1733 1661
10208 4 2 1 1 1819 1818 1962 2863
10209 4 2 1 1 2931 4187 3396 4381
10210 4 2 1 1 2110 3604 3066 2853
10211 4 2 1 1 2185 3045 3380 3965
10212 4 2 1 1 2187 3047 3379 3966
10213 4 2 1 1 2186 3046 3378 3967
10214 4 2 1 1 1813 1823 1932 2819
10215 4 2 1 1 3467 4352 3349 2566
10216 4 2 1 1 2748 3432 2866 3528
10217 4 2 1 1 1464 1698 1680 2878
10218 4 2 1 1 3886 844 1060 1078
10219 4 2 1 1 4447 4479 114 688
10220 4 2 1 1 2516 3904 2844 3918
10221 4 2 1 1 1581 3837 3285 1450
10222 4 2 1 1 961 3836 3286 831
10223 4 2 1 1 341 3838 3287 210
10224 4 2 1 1 1230 1278 1277 3575
10225 4 2 1 1 1790 1943 3169 3754
10226 4 2 1 1 2311 3436 2990 4202
10227 4 2 1 1 1212 1164 1320 2851
10228 4 2 1 1 4503 1414 1403 3992
10229 4 2 1 1 1252 3230 2850 3701
10230 4 2 1 1 1975 2774 3617 4148
10231 4 2 1 1 3298 3486 3917 2206
10232 4 2 1 1 3902 4374 3075 3393
10233 4 2 1 1 3373 2115 3123 2391
10234 4 2 1 1 2973 4044 2589 3895
10235 4 2 1 1 3393 2175 3075 2587
10236 4 2 1 1 2448 3347 3056 4037
10237 4 2 1 1 2098 2473 3297 3800
10238 4 2 1 1 3956 3588 2653 3367
10239 4 2 1 1 2693 3274 3872 4027
10240 4 2 1 1 2569 3231 2735 3951
10241 4 2 1 1 2222 3089 2854 3114
10242 4 2 1 1 2611 2157 2997 2955
10243 4 2 1 1 892 984 3798 4370
10244 4 2 1 1 1604 3797 1512 4369
10245 4 2 1 1 2990 3436 2527 4202
10246 4 2 1 1 3201 2105 2492 4325
10247 4 2 1 1 1959 2654 3033 3761
10248 4 2 1 1 2715 3609 3272 2399
10249 4 2 1 1 2266 3449 4122 4327
10250 4 2 1 1 2264 3451 4124 4329
10251 4 2 1 1 2265 3450 4123 4328
10252 4 2 1 1 2098 2709 3376 3730
10253 4 2 1 1 2932 3332 2530 3659
10254 4 2 1 1 2479 2834 3704 2248
10255 4 2 1 1 4343 2685 2275 4228
10256 4 2 1 1 632 3222 2849 3700
10257 4 2 1 1 3440 3802 2938 4216
10258 4 2 1 1 2168 3028 2786 3793
10259 4 2 1 1 794 3328 690 638
10260 4 2 1 1 3456 3613 2445 4216
10261 4 2 1 1 4142 3871 3467 3008
10262 4 2 1 1 1456 1680 1746 2748
10263 4 2 1 1 2162 3613 2973 3759
10264 4 2 1 1 1403 4479 4447 3992
10265 4 2 1 1 2127 3311 2516 4278
10266 4 2 1 1 916 1040 937 3417
10267 4 2 1 1 1403 4503 3992 4447
10268 4 2 1 1 4446 98 99 2029
10269 4 2 1 1 2259 3949 2582 4271
10270 4 2 1 1 2167 2603 3511 4009
10271 4 2 1 1 2217 2739 3407 3597
10272 4 2 1 1 2216 2740 3406 3596
10273 4 2 1 1 2218 2738 3408 3598
10274 4 2 1 1 2080 2603 3691 2321
10275 4 2 1 1 2140 2281 2974 3087
10276 4 2 1 1 4314 2741 3325 3674
10277 4 2 1 1 4446 1928 98 2029
10278 4 2 1 1 2649 2096 3859 3874
10279 4 2 1 1 2209 3197 2527 4202
10280 4 2 1 1 3200 4077 2493 4324
10281 4 2 1 1 2254 2818 3125 3778
10282 4 2 1 1 455 422 490 2702
10283 4 2 1 1 1695 1662 1730 2703
10284 4 2 1 1 1110 1075 1042 2704
10285 4 2 1 1 2580 3353 2246 3841
10286 4 2 1 1 2029 99 4446 4523
10287 4 2 1 1 1052 991 990 3628
10288 4 2 1 1 2937 3231 2478 3607
10289 4 2 1 1 1850 1898 1897 3348
10290 4 2 1 1 1292 3381 2633 3989
10291 4 2 1 1 4399 3649 2816 3098
10292 4 2 1 1 1545 3994 1647 1547
10293 4 2 1 1 1764 4526 1993 187
10294 4 2 1 1 4016 4118 4336 2709
10295 4 2 1 1 2603 2167 3511 3691
10296 4 2 1 1 2267 3221 3235 3308
10297 4 2 1 1 3924 4047 3967 2657
10298 4 2 1 1 3923 4048 3966 2658
10299 4 2 1 1 3572 3604 2531 4289
10300 4 2 1 1 3571 3603 2533 4290
10301 4 2 1 1 2062 2707 3586 3882
10302 4 2 1 1 2449 3410 3828 4292
10303 4 2 1 1 2479 3706 3085 3869
10304 4 2 1 1 2757 2375 3294 4176
10305 4 2 1 1 1239 1333 1181 2937
10306 4 2 1 1 1545 3399 2551 4100
10307 4 2 1 1 305 3400 2553 4101
10308 4 2 1 1 2552 925 3401 2523
10309 4 2 1 1 1250 1249 3878 3935
10310 4 2 1 1 3467 4352 2097 3349
10311 4 2 1 1 2266 2919 3152 2133
10312 4 2 1 1 818 4442 2820 3484
10313 4 2 1 1 2083 3306 3319 4128
10314 4 2 1 1 3788 3593 2759 3278
10315 4 2 1 1 2902 3111 2241 4066
10316 4 2 1 1 2264 2921 3151 2134
10317 4 2 1 1 783 4523 794 2698
10318 4 2 1 1 2913 2471 3720 4174
10319 4 2 1 1 1928 2698 2029 4446
10320 4 2 1 1 4026 2974 3087 3411
10321 4 2 1 1 2290 3845 3008 3891
10322 4 2 1 1 2265 2922 3150 2135
10323 4 2 1 1 926 927 928 2880
10324 4 2 1 1 1546 1547 1548 2881
10325 4 2 1 1 307 308 306 2882
10326 4 2 1 1 2666 4288 3877 3308
10327 4 2 1 1 4118 2343 2709 3066
10328 4 2 1 1 2270 3240 2927 4073
10329 4 2 1 1 1265 3472 1267 3768
10330 4 2 1 1 3278 3593 2984 2246
10331 4 2 1 1 1271 3789 1335 4107
10332 4 2 1 1 691 4441 3475 2824
10333 4 2 1 1 2737 3363 2274 3657
10334 4 2 1 1 3066 3398 2672 3572
10335 4 2 1 1 2379 2119 2930 3634
10336 4 2 1 1 2246 3473 2989 3539
10337 4 2 1 1 2284 3710 3344 4331
10338 4 2 1 1 2533 3603 3191 4290
10339 4 2 1 1 2531 3604 3190 4289
10340 4 2 1 1 2532 3605 3192 4291
10341 4 2 1 1 692 3101 3124 4163
10342 4 2 1 1 3968 4231 4255 3070
10343 4 2 1 1 2082 3103 2635 2504
10344 4 2 1 1 3716 4065 2136 2662
10345 4 2 1 1 2769 3714 2661 4236
10346 4 2 1 1 2976 3058 2159 3545
10347 4 2 1 1 2978 3060 2158 3547
10348 4 2 1 1 2977 3059 2160 3546
10349 4 2 1 1 1928 2698 4446 3481
10350 4 2 1 1 1915 2611 3185 1916
10351 4 2 1 1 2490 3687 3465 2402
10352 4 2 1 1 2693 3181 707 3274
10353 4 2 1 1 1167 2645 1322 4205
10354 4 2 1 1 2224 3570 3340 3919
10355 4 2 1 1 2399 3747 3317 3819
10356 4 2 1 1 2694 3506 2397 4078
10357 4 2 1 1 2590 3170 2341 3174
10358 4 2 1 1 455 2702 205 3507
10359 4 2 1 1 2098 3297 2706 3800
10360 4 2 1 1 2677 3201 2397 4081
10361 4 2 1 1 2165 2956 3437 4388
10362 4 2 1 1 851 850 852 3458
10363 4 2 1 1 231 230 232 3460
10364 4 2 1 1 1471 1470 1472 3459
10365 4 2 1 1 2488 3686 3466 2401
10366 4 2 1 1 586 585 579 3671
10367 4 2 1 1 2974 2634 3411 3912
10368 4 2 1 1 4432 1088 1082 3926
10369 4 2 1 1 3877 4288 2666 2348
10370 4 2 1 1 3202 3565 2279 3635
10371 4 2 1 1 2990 3946 2311 4202
10372 4 2 1 1 943 2988 4173 965
10373 4 2 1 1 1562 2690 1538 4150
10374 4 2 1 1 942 2691 918 4149
10375 4 2 1 1 322 2689 298 4151
10376 4 2 1 1 1771 199 200 4445
10377 4 2 1 1 2527 3946 2990 4202
10378 4 2 1 1 200 1771 2896 2039
10379 4 2 1 1 2780 2987 2357 3466
10380 4 2 1 1 2781 2986 2358 3465
10381 4 2 1 1 1771 1988 199 4445
10382 4 2 1 1 961 3836 831 951
10383 4 2 1 1 1581 3837 1450 1571
10384 4 2 1 1 341 3838 210 331
10385 4 2 1 1 2385 2283 3208 3762
10386 4 2 1 1 2329 3292 2939 3990
10387 4 2 1 1 2151 3782 3198 3801
10388 4 2 1 1 3204 3542 2763 4153
10389 4 2 1 1 592 3266 3113 4082
10390 4 2 1 1 2639 2226 3070 3574
10391 4 2 1 1 851 853 1004 3569
10392 4 2 1 1 1473 1624 1471 3567
10393 4 2 1 1 384 231 233 3568
10394 4 2 1 1 781 744 3180 3426
10395 4 2 1 1 2071 3163 2780 4239
10396 4 2 1 1 3105 3456 2445 4216
10397 4 2 1 1 2924 3185 2437 3933
10398 4 2 1 1 3394 4004 2716 4298
10399 4 2 1 1 1333 1176 1181 2937
10400 4 2 1 1 1647 3079 1648 3994
10401 4 2 1 1 2068 3609 3118 2399
10402 4 2 1 1 2052 4445 3470 1988
10403 4 2 1 1 4436 1727 2943 1463
10404 4 2 1 1 2052 4445 1988 1771
10405 4 2 1 1 2063 2291 2761 3043
10406 4 2 1 1 2380 2275 3358 2735
10407 4 2 1 1 1244 2862 1231 4017
10408 4 2 1 1 584 3318 574 3826
10409 4 2 1 1 1912 1911 1910 4308
10410 4 2 1 1 2246 3278 3353 3699
10411 4 2 1 1 3716 4065 2662 2198
10412 4 2 1 1 4444 103 104 2024
10413 4 2 1 1 2754 3739 3161 4338
10414 4 2 1 1 2335 2661 2769 3353
10415 4 2 1 1 2165 3437 2956 3893
10416 4 2 1 1 3754 4215 2924 4246
10417 4 2 1 1 2386 2787 3245 3942
10418 4 2 1 1 2896 2024 104 2039
10419 4 2 1 1 2313 3369 3710 4212
10420 4 2 1 1 2649 2255 3859 4008
10421 4 2 1 1 1171 3594 1329 1174
10422 4 2 1 1 2186 3967 2471 2949
10423 4 2 1 1 2187 3966 2472 2950
10424 4 2 1 1 2185 3965 2470 2948
10425 4 2 1 1 2897 3591 2286 4055
10426 4 2 1 1 4258 2049 2619 1925
10427 4 2 1 1 979 3234 976 3785
10428 4 2 1 1 2536 3088 2325 4039
10429 4 2 1 1 2538 3089 2327 4040
10430 4 2 1 1 653 4478 817 783
10431 4 2 1 1 4474 3002 1308 4399
10432 4 2 1 1 2153 2680 3144 4108
10433 4 2 1 1 2617 2998 2298 2755
10434 4 2 1 1 1811 1829 2915 4110
10435 4 2 1 1 541 3277 2601 4178
10436 4 2 1 1 2278 2896 3470 3743
10437 4 2 1 1 2665 2332 3600 3903
10438 4 2 1 1 2575 2251 2300 3330
10439 4 2 1 1 2131 2575 2300 3330
10440 4 2 1 1 2763 3204 2125 3542
10441 4 2 1 1 701 741 2989 3473
10442 4 2 1 1 2677 2179 3111 4078
10443 4 2 1 1 1229 2567 1341 4219
10444 4 2 1 1 1057 151 150 4401
10445 4 2 1 1 2608 2368 2063 3443
10446 4 2 1 1 4444 2027 103 2024
10447 4 2 1 1 2271 2756 3243 2866
10448 4 2 1 1 2281 3823 2852 4136
10449 4 2 1 1 2300 2933 2673 3910
10450 4 2 1 1 2107 3126 2962 4377
10451 4 2 1 1 785 667 665 4285
10452 4 2 1 1 2340 4251 3141 4273
10453 4 2 1 1 2061 2308 2346 4197
10454 4 2 1 1 2899 3592 2287 4059
10455 4 2 1 1 2431 3423 2942 3751
10456 4 2 1 1 2131 3096 3380 3834
10457 4 2 1 1 1596 1599 3233 3786
10458 4 2 1 1 2430 3424 2941 3752
10459 4 2 1 1 4220 22 23 437
10460 4 2 1 1 2429 3422 2940 3753
10461 4 2 1 1 1137 1281 1282 2923
10462 4 2 1 1 2680 3621 3112 3144
10463 4 2 1 1 2078 2682 3310 3945
10464 4 2 1 1 2551 3211 2171 3276
10465 4 2 1 1 2759 2453 2694 2578
10466 4 2 1 1 2470 3380 3096 3834
10467 4 2 1 1 2061 2345 2309 3566
10468 4 2 1 1 4389 4217 4103 2549
10469 4 2 1 1 4390 4218 4104 2548
10470 4 2 1 1 2693 815 3439 3274
10471 4 2 1 1 2556 4250 3827 3133
10472 4 2 1 1 313 306 422 2991
10473 4 2 1 1 1546 1662 1553 2992
10474 4 2 1 1 933 926 1042 2993
10475 4 2 1 1 2805 2946 2413 4363
10476 4 2 1 1 3112 3621 2680 2219
10477 4 2 1 1 1212 2614 1384 3630
10478 4 2 1 1 1886 1959 1888 2654
10479 4 2 1 1 2084 2612 3005 3392
10480 4 2 1 1 4444 4525 748 103
10481 4 2 1 1 1983 4444 3468 2896
10482 4 2 1 1 1151 119 120 4443
10483 4 2 1 1 288 2864 398 3626
10484 4 2 1 1 2301 3321 2852 3806
10485 4 2 1 1 2302 3320 2853 3807
10486 4 2 1 1 2300 3319 2854 3805
10487 4 2 1 1 2597 3394 3382 4298
10488 4 2 1 1 2215 3989 4274 3002
10489 4 2 1 1 2075 4364 3824 4392
10490 4 2 1 1 4152 3913 2815 3551
10491 4 2 1 1 2815 3913 4152 2384
10492 4 2 1 1 3523 3477 2985 2442
10493 4 2 1 1 2349 2526 3487 3563
10494 4 2 1 1 1742 3083 1673 2865
10495 4 2 1 1 2066 2565 3057 4295
10496 4 2 1 1 2928 3349 2387 3372
10497 4 2 1 1 2985 3477 3523 2273
10498 4 2 1 1 2313 2782 2766 3710
10499 4 2 1 1 2052 3470 2896 3743
10500 4 2 1 1 2938 3440 2312 3802
10501 4 2 1 1 1172 3123 1322 3241
10502 4 2 1 1 2651 2519 3911 2295
10503 4 2 1 1 2270 3008 2596 3845
10504 4 2 1 1 2710 3065 2324 2987
10505 4 2 1 1 120 1151 2896 1419
10506 4 2 1 1 2759 2694 2453 3506
10507 4 2 1 1 2995 3898 1479 4305
10508 4 2 1 1 859 2996 3899 4303
10509 4 2 1 1 2994 3900 239 4304
10510 4 2 1 1 2157 3170 3174 4080
10511 4 2 1 1 1565 1731 1566 4242
10512 4 2 1 1 1111 946 945 4243
10513 4 2 1 1 326 325 491 4241
10514 4 2 1 1 4443 1151 119 1368
10515 4 2 1 1 4410 966 3813 2953
10516 4 2 1 1 346 4412 3814 453
10517 4 2 1 1 4411 1586 3815 2952
10518 4 2 1 1 3522 3539 2696 2984
10519 4 2 1 1 1224 2589 3594 3895
10520 4 2 1 1 1122 3073 1053 2868
10521 4 2 1 1 71 225 70 4222
10522 4 2 1 1 2139 3680 2806 2548
10523 4 2 1 1 1078 3886 2878 3926
10524 4 2 1 1 2896 120 784 4443
10525 4 2 1 1 2948 2627 2185 4233
10526 4 2 1 1 2949 2629 2186 4235
10527 4 2 1 1 2950 2628 2187 4234
10528 4 2 1 1 2246 3117 2580 3473
10529 4 2 1 1 2563 3586 2699 3823
10530 4 2 1 1 2785 3196 2082 4114
10531 4 2 1 1 2083 4072 3194 2719
10532 4 2 1 1 2784 3195 2081 4115
10533 4 2 1 1 2571 2391 3560 3674
10534 4 2 1 1 2247 4065 3116 3713
10535 4 2 1 1 218 446 499 3177
10536 4 2 1 1 2083 3242 2636 2503
10537 4 2 1 1 2185 3380 3045 3983
10538 4 2 1 1 2187 3379 3047 3982
10539 4 2 1 1 2186 3378 3046 3981
10540 4 2 1 1 2343 3376 3066 4086
10541 4 2 1 1 1262 4069 3220 1355
10542 4 2 1 1 638 2698 3328 3481
10543 4 2 1 1 2086 2598 2716 3516
10544 4 2 1 1 2946 3264 2365 3868
10545 4 2 1 1 1425 3256 1376 4162
10546 4 2 1 1 2076 2768 3517 3606
10547 4 2 1 1 2093 3419 2726 3751
10548 4 2 1 1 1432 4443 1151 2896
10549 4 2 1 1 2092 3418 2725 3752
10550 4 2 1 1 2369 4129 3684 4179
10551 4 2 1 1 2748 2866 2303 3886
10552 4 2 1 1 2613 2296 2545 2408
10553 4 2 1 1 834 155 156 4529
10554 4 2 1 1 2094 3420 2727 3753
10555 4 2 1 1 2209 3098 2619 3832
10556 4 2 1 1 2821 2170 3979 4099
10557 4 2 1 1 2853 3074 2110 3883
10558 4 2 1 1 1868 2834 1841 3704
10559 4 2 1 1 829 997 2638 1118
10560 4 2 1 1 2296 3696 3193 2545
10561 4 2 1 1 1954 3084 1949 3677
10562 4 2 1 1 3762 2760 2097 2283
10563 4 2 1 1 2393 2791 3144 3819
10564 4 2 1 1 51 50 1379 3884
10565 4 2 1 1 2578 2586 2230 4322
10566 4 2 1 1 3195 2634 2537 2194
10567 4 2 1 1 2082 3088 3196 2195
10568 4 2 1 1 2083 3089 3194 2196
10569 4 2 1 1 2289 3309 3343 3997
10570 4 2 1 1 2156 3778 2647 4054
10571 4 2 1 1 124 123 525 4502
10572 4 2 1 1 2679 2526 2728 4315
10573 4 2 1 1 1052 996 991 3073
10574 4 2 1 1 2480 3267 3127 4164
10575 4 2 1 1 1196 1347 1182 3868
10576 4 2 1 1 1448 1617 2639 1738
10577 4 2 1 1 2247 3116 2581 3480
10578 4 2 1 1 2313 2766 3344 3710
10579 4 2 1 1 1941 1981 2911 3480
10580 4 2 1 1 2471 3726 3357 4174
10581 4 2 1 1 724 2972 557 2930
10582 4 2 1 1 3237 3678 2986 4129
10583 4 2 1 1 2080 3263 3106 4306
10584 4 2 1 1 1702 3886 1698 2878
10585 4 2 1 1 458 462 468 2878
10586 4 2 1 1 2747 2913 2229 3830
10587 4 2 1 1 2747 2229 3383 3830
10588 4 2 1 1 2151 3339 2579 3602
10589 4 2 1 1 722 738 720 3148
10590 4 2 1 1 2096 3874 3780 2456
10591 4 2 1 1 1140 51 1379 3884
10592 4 2 1 1 3884 1380 50 1379
10593 4 2 1 1 4476 4467 3082 2022
10594 4 2 1 1 659 661 660 3217
10595 4 2 1 1 2911 3480 1981 3535
10596 4 2 1 1 2175 3130 2915 4374
10597 4 2 1 1 2632 3236 2403 3559
10598 4 2 1 1 2553 2882 3625 3993
10599 4 2 1 1 1781 3879 2600 4249
10600 4 2 1 1 1981 3480 1852 3535
10601 4 2 1 1 1268 2476 3472 1266
10602 4 2 1 1 1902 2022 1757 3082
10603 4 2 1 1 1191 2931 1185 4187
10604 4 2 1 1 2179 2912 3111 4078
10605 4 2 1 1 2216 3406 2691 3596
10606 4 2 1 1 2217 3407 2690 3597
10607 4 2 1 1 2218 3408 2689 3598
10608 4 2 1 1 2135 2544 3062 4011
10609 4 2 1 1 420 281 293 3212
10610 4 2 1 1 1521 1533 1660 3211
10611 4 2 1 1 901 913 1040 3213
10612 4 2 1 1 2853 2110 3074 3471
10613 4 2 1 1 1202 1186 3496 4022
10614 4 2 1 1 3193 3696 2296 2208
10615 4 2 1 1 2232 2925 2811 4060
10616 4 2 1 1 2205 3106 3181 4027
10617 4 2 1 1 2134 2543 3063 4012
10618 4 2 1 1 2110 2524 3214 4192
10619 4 2 1 1 2110 2531 3604 3883
10620 4 2 1 1 2310 3085 3706 3869
10621 4 2 1 1 1021 3145 1030 3533
10622 4 2 1 1 2080 3529 2782 3972
10623 4 2 1 1 1161 2754 1314 3565
10624 4 2 1 1 3065 3375 2324 4050
10625 4 2 1 1 2974 2634 3912 2140
10626 4 2 1 1 1033 895 911 4359
10627 4 2 1 1 1531 1653 1515 4358
10628 4 2 1 1 275 291 413 4357
10629 4 2 1 1 3532 1544 1641 1650
10630 4 2 1 1 1377 3340 2644 3739
10631 4 2 1 1 2677 3111 2694 4078
10632 4 2 1 1 3115 3543 2370 3809
10633 4 2 1 1 44 214 43 4528
10634 4 2 1 1 1789 1788 1787 2734
10635 4 2 1 1 2313 3344 2679 4395
10636 4 2 1 1 1420 1142 1378 4154
10637 4 2 1 1 2224 3340 3161 3739
10638 4 2 1 1 964 823 1085 2952
10639 4 2 1 1 1705 1584 1442 2951
10640 4 2 1 1 465 344 203 2953
10641 4 2 1 1 1849 1847 1838 3397
10642 4 2 1 1 162 163 3865 1999
10643 4 2 1 1 2939 2329 3968 4231
10644 4 2 1 1 163 1999 1761 3865
10645 4 2 1 1 1829 1843 1855 3130
10646 4 2 1 1 950 2810 3652 949
10647 4 2 1 1 1570 2809 3651 1569
10648 4 2 1 1 330 2808 3650 329
10649 4 2 1 1 2380 2931 3639 4381
10650 4 2 1 1 1621 1587 1675 2907
10651 4 2 1 1 1223 1235 1209 3129
10652 4 2 1 1 2212 3105 2567 4019
10653 4 2 1 1 2871 4202 3946 3197
10654 4 2 1 1 2920 4080 3709 4131
10655 4 2 1 1 589 603 615 3128
10656 4 2 1 1 2203 2671 3163 2987
10657 4 2 1 1 2069 2829 4076 4296
10658 4 2 1 1 3143 2364 3636 4024
10659 4 2 1 1 2714 3217 2823 3668
10660 4 2 1 1 1074 973 1089 3580
10661 4 2 1 1 2939 3968 3070 4231
10662 4 2 1 1 2099 3297 3684 4064
10663 4 2 1 1 1593 1709 1694 3581
10664 4 2 1 1 353 469 454 3582
10665 4 2 1 1 3749 4251 2491 3095
10666 4 2 1 1 1961 2816 3921 1878
10667 4 2 1 1 4546 1107 2944 4435
10668 4 2 1 1 1617 4538 1719 1448
10669 4 2 1 1 4434 487 4550 2945
10670 4 2 1 1 4221 3226 2827 2243
10671 4 2 1 1 2242 226 4222 2828
10672 4 2 1 1 4220 3224 2826 2244
10673 4 2 1 1 832 1061 1075 3390
10674 4 2 1 1 2835 3012 2386 3577
10675 4 2 1 1 2394 3150 2726 3751
10676 4 2 1 1 3681 3781 2704 3929
10677 4 2 1 1 3680 2139 2703 3928
10678 4 2 1 1 2395 3151 2725 3752
10679 4 2 1 1 1967 3984 2605 4286
10680 4 2 1 1 1984 2046 1913 3439
10681 4 2 1 1 2614 3524 1384 3630
10682 4 2 1 1 1961 2816 1878 1930
10683 4 2 1 1 2290 2562 3891 4142
10684 4 2 1 1 2396 3152 2727 3753
10685 4 2 1 1 1719 1618 130 3863
10686 4 2 1 1 3796 4359 3546 2486
10687 4 2 1 1 1664 1508 2976 3597
10688 4 2 1 1 1044 888 2977 3596
10689 4 2 1 1 268 2978 424 3598
10690 4 2 1 1 1784 1785 1786 3034
10691 4 2 1 1 1352 3980 2606 4284
10692 4 2 1 1 2151 3099 2579 4057
10693 4 2 1 1 2391 3560 3003 3675
10694 4 2 1 1 3794 412 398 3626
10695 4 2 1 1 4390 4104 4218 418
10696 4 2 1 1 4389 4103 4217 1658
10697 4 2 1 1 759 4538 131 130
10698 4 2 1 1 1164 2851 3635 4277
10699 4 2 1 1 1126 836 1060 2756
10700 4 2 1 1 2806 2170 2548 2442
10701 4 2 1 1 2871 3946 4202 2311
10702 4 2 1 1 2345 2763 2617 3920
10703 4 2 1 1 3749 4251 3095 3842
10704 4 2 1 1 2759 3071 2461 3788
10705 4 2 1 1 740 3539 3117 4097
10706 4 2 1 1 2765 4022 2236 3097
10707 4 2 1 1 2466 4069 3220 4107
10708 4 2 1 1 732 3977 2607 4283
10709 4 2 1 1 2099 3374 2722 4244
10710 4 2 1 1 1084 1113 836 3390
10711 4 2 1 1 2530 3659 2173 3885
10712 4 2 1 1 644 2648 723 3178
10713 4 2 1 1 1182 3231 1180 3951
10714 4 2 1 1 2425 3173 2630 2598
10715 4 2 1 1 1763 92 91 4442
10716 4 2 1 1 3064 3201 2319 4325
10717 4 2 1 1 2781 3200 2317 4324
10718 4 2 1 1 3223 3436 2088 4202
10719 4 2 1 1 2630 3136 2356 4157
10720 4 2 1 1 3122 3126 2359 2962
10721 4 2 1 1 1646 1642 1538 2690
10722 4 2 1 1 2382 3677 3193 4177
10723 4 2 1 1 2370 3809 3543 4392
10724 4 2 1 1 2314 3369 3057 4212
10725 4 2 1 1 2100 3375 2720 4256
10726 4 2 1 1 3891 3488 4208 2910
10727 4 2 1 1 2619 3455 2527 3832
10728 4 2 1 1 1424 4474 3002 1308
10729 4 2 1 1 2261 2592 3717 4145
10730 4 2 1 1 2263 2594 3718 4146
10731 4 2 1 1 419 285 270 4367
10732 4 2 1 1 905 890 1039 4365
10733 4 2 1 1 1659 1525 1510 4366
10734 4 2 1 1 4051 2332 2733 3685
10735 4 2 1 1 2536 2195 3249 4140
10736 4 2 1 1 2537 2194 3248 4141
10737 4 2 1 1 2538 2196 3250 4139
10738 4 2 1 1 2209 3223 3165 3689
10739 4 2 1 1 4351 1761 1997 1936
10740 4 2 1 1 757 521 696 2639
10741 4 2 1 1 2566 3349 2928 4352
10742 4 2 1 1 3102 3465 2183 3849
10743 4 2 1 1 1292 3989 2633 4120
10744 4 2 1 1 2688 3503 2291 3552
10745 4 2 1 1 2957 4226 3728 4349
10746 4 2 1 1 4359 904 911 3796
10747 4 2 1 1 2328 4225 3661 3049
10748 4 2 1 1 3795 4358 3545 2485
10749 4 2 1 1 4358 1524 1531 3795
10750 4 2 1 1 3794 4357 3547 2484
10751 4 2 1 1 2615 2237 3318 3826
10752 4 2 1 1 800 515 758 4155
10753 4 2 1 1 2377 2969 2751 4232
10754 4 2 1 1 4357 284 291 3794
10755 4 2 1 1 2499 3511 2603 4009
10756 4 2 1 1 2926 2311 3541 4270
10757 4 2 1 1 2632 3246 2245 3559
10758 4 2 1 1 3251 3537 2790 3819
10759 4 2 1 1 2471 3378 2913 3720
10760 4 2 1 1 2472 3379 2912 3719
10761 4 2 1 1 2599 2197 3402 3430
10762 4 2 1 1 2097 3240 2760 3871
10763 4 2 1 1 2112 2523 3265 4191
10764 4 2 1 1 3143 3626 2364 4024
10765 4 2 1 1 296 3007 316 3327
10766 4 2 1 1 3570 482 432 2836
10767 4 2 1 1 2726 2855 2265 2135
10768 4 2 1 1 701 741 702 2989
10769 4 2 1 1 1360 2695 3434 4187
10770 4 2 1 1 1857 1856 1858 3984
10771 4 2 1 1 2335 3699 3117 3353
10772 4 2 1 1 2207 3503 2688 3552
10773 4 2 1 1 2725 2856 2264 2134
10774 4 2 1 1 2972 2930 724 4334
10775 4 2 1 1 2727 2857 2266 2133
10776 4 2 1 1 2074 3156 3155 4092
10777 4 2 1 1 1273 2793 1257 1430
10778 4 2 1 1 463 3958 212 416
10779 4 2 1 1 2061 2346 3566 4197
10780 4 2 1 1 4056 4318 786 3601
10781 4 2 1 1 1839 1840 1851 2662
10782 4 2 1 1 599 600 611 2661
10783 4 2 1 1 1361 3241 4282 1360
10784 4 2 1 1 1892 2705 3370 3695
10785 4 2 1 1 501 499 374 2604
10786 4 2 1 1 3570 432 482 370
10787 4 2 1 1 1763 91 2031 4442
10788 4 2 1 1 549 548 547 2979
10789 4 2 1 1 1755 1998 2040 4156
10790 4 2 1 1 1321 3202 2645 3635
10791 4 2 1 1 2400 2738 2978 4367
10792 4 2 1 1 2402 2740 2977 4365
10793 4 2 1 1 2401 2739 2976 4366
10794 4 2 1 1 2959 4228 3727 4343
10795 4 2 1 1 2307 2569 3003 4314
10796 4 2 1 1 1237 1236 1238 3980
10797 4 2 1 1 3396 2695 2120 4381
10798 4 2 1 1 4533 523 2820 749
10799 4 2 1 1 2764 2223 3104 3722
10800 4 2 1 1 1527 2801 1666 3206
10801 4 2 1 1 305 293 279 3212
10802 4 2 1 1 1545 1533 1519 3211
10803 4 2 1 1 913 899 925 3213
10804 4 2 1 1 1931 4442 2031 3484
10805 4 2 1 1 2771 3954 3750 4203
10806 4 2 1 1 263 3636 264 3749
10807 4 2 1 1 2153 3112 2791 3144
10808 4 2 1 1 1931 4442 3484 2820
10809 4 2 1 1 305 3212 279 4101
10810 4 2 1 1 1545 3211 1519 4100
10811 4 2 1 1 899 925 3213 2523
10812 4 2 1 1 814 2927 675 4318
10813 4 2 1 1 4533 523 749 92
10814 4 2 1 1 2512 3301 2382 3683
10815 4 2 1 1 516 3774 820 749
10816 4 2 1 1 2166 3829 2910 4041
10817 4 2 1 1 3396 3639 2931 4381
10818 4 2 1 1 4334 733 2930 724
10819 4 2 1 1 3825 3157 2416 2142
10820 4 2 1 1 4441 108 107 1143
10821 4 2 1 1 2129 2913 3378 3720
10822 4 2 1 1 2130 2912 3379 3719
10823 4 2 1 1 2638 2983 3573 2225
10824 4 2 1 1 2513 3343 2585 4398
10825 4 2 1 1 1136 4513 1369 109
10826 4 2 1 1 617 616 618 3977
10827 4 2 1 1 2697 3116 2333 3713
10828 4 2 1 1 2807 2116 3670 3097
10829 4 2 1 1 3378 3720 2471 3967
10830 4 2 1 1 3379 3719 2472 3966
10831 4 2 1 1 883 2663 893 3643
10832 4 2 1 1 2693 815 3274 707
10833 4 2 1 1 2763 4153 3542 4336
10834 4 2 1 1 508 4518 461 3860
10835 4 2 1 1 1683 1701 1748 3862
10836 4 2 1 1 1128 1063 1081 3861
10837 4 2 1 1 3299 3718 2557 4236
10838 4 2 1 1 3300 3717 2555 2136
10839 4 2 1 1 4471 1411 4526 3538
10840 4 2 1 1 2579 3344 2349 3602
10841 4 2 1 1 2162 2926 3541 4270
10842 4 2 1 1 2640 3178 2347 3740
10843 4 2 1 1 2368 3707 3620 2463
10844 4 2 1 1 2278 2561 3468 3743
10845 4 2 1 1 1288 1290 1289 3381
10846 4 2 1 1 2138 3810 2887 4322
10847 4 2 1 1 2781 2317 3162 4053
10848 4 2 1 1 2780 2319 3163 4052
10849 4 2 1 1 3108 3421 2418 4136
10850 4 2 1 1 2302 2100 2720 4256
10851 4 2 1 1 2227 2604 3235 3296
10852 4 2 1 1 1513 1503 2660 3633
10853 4 2 1 1 2164 2598 2630 2150
10854 4 2 1 1 3155 3156 2457 4092
10855 4 2 1 1 1386 1292 1296 2633
10856 4 2 1 1 2106 4077 3200 4324
10857 4 2 1 1 3062 3150 2394 4263
10858 4 2 1 1 4224 2163 2678 2819
10859 4 2 1 1 3661 4331 2328 3049
10860 4 2 1 1 4441 4527 791 3475
10861 4 2 1 1 2803 2805 2315 3530
10862 4 2 1 1 2208 3193 2665 2296
10863 4 2 1 1 691 658 2824 3858
10864 4 2 1 1 2301 2342 2722 4244
10865 4 2 1 1 3063 3151 2395 4262
10866 4 2 1 1 2336 3791 3190 4289
10867 4 2 1 1 2337 3790 3191 4290
10868 4 2 1 1 2338 3792 3192 4291
10869 4 2 1 1 1248 1221 1249 3618
10870 4 2 1 1 1222 1228 1241 3230
10871 4 2 1 1 1241 1272 2667 3230
10872 4 2 1 1 2303 3926 3886 4173
10873 4 2 1 1 2679 3344 2349 4395
10874 4 2 1 1 1902 1903 1904 3365
10875 4 2 1 1 2137 4017 2556 4384
10876 4 2 1 1 2569 3231 2937 3607
10877 4 2 1 1 1791 1790 1789 2734
10878 4 2 1 1 2250 2747 3383 3830
10879 4 2 1 1 2764 3094 2223 3722
10880 4 2 1 1 2676 2971 2398 4354
10881 4 2 1 1 2432 3541 2973 3866
10882 4 2 1 1 2112 2532 3605 3114
10883 4 2 1 1 1167 3635 2645 4205
10884 4 2 1 1 2088 2955 4080 4131
10885 4 2 1 1 2667 1272 1241 1261
10886 4 2 1 1 2209 2527 3223 4202
10887 4 2 1 1 2619 3470 2051 4258
10888 4 2 1 1 1708 2756 1585 3886
10889 4 2 1 1 2558 4080 2955 4131
10890 4 2 1 1 1311 4440 4168 1144
10891 4 2 1 1 2392 2692 3421 3735
10892 4 2 1 1 2277 2511 3697 3293
10893 4 2 1 1 3160 2801 2164 3283
10894 4 2 1 1 2260 2716 3173 3516
10895 4 2 1 1 1598 3233 2776 3856
10896 4 2 1 1 3781 3175 3681 2993
10897 4 2 1 1 1143 4513 1369 2824
10898 4 2 1 1 2472 3724 3356 4248
10899 4 2 1 1 4441 4527 107 791
10900 4 2 1 1 1804 2697 3247 3683
10901 4 2 1 1 812 4444 2896 3468
10902 4 2 1 1 2566 2469 3871 4352
10903 4 2 1 1 4056 786 4318 566
10904 4 2 1 1 1362 1150 2619 3470
10905 4 2 1 1 1261 2466 1242 1241
10906 4 2 1 1 824 4470 2916 4458
10907 4 2 1 1 204 4462 2917 4490
10908 4 2 1 1 4469 512 760 2918
10909 4 2 1 1 2227 3235 2604 3761
10910 4 2 1 1 612 741 3473 3539
10911 4 2 1 1 3707 4256 3620 2463
10912 4 2 1 1 2197 3336 2599 3833
10913 4 2 1 1 2234 2622 3215 3302
10914 4 2 1 1 2271 3681 3326 4209
10915 4 2 1 1 2774 3207 2371 3368
10916 4 2 1 1 1940 1832 1784 3121
10917 4 2 1 1 2293 2063 2608 2463
10918 4 2 1 1 2645 3123 1322 4205
10919 4 2 1 1 3192 2222 2532 3386
10920 4 2 1 1 3190 2221 2531 3387
10921 4 2 1 1 3191 2220 2533 3388
10922 4 2 1 1 2346 2308 4064 2595
10923 4 2 1 1 209 377 2644 498
10924 4 2 1 1 2082 2751 3103 2504
10925 4 2 1 1 2216 2784 2505 4115
10926 4 2 1 1 2217 2785 2504 4114
10927 4 2 1 1 2218 2783 2503 3306
10928 4 2 1 1 245 3463 2531 3791
10929 4 2 1 1 1485 3462 2533 3790
10930 4 2 1 1 865 3464 2532 3792
10931 4 2 1 1 2061 3771 2308 3780
10932 4 2 1 1 2152 2863 3787 3855
10933 4 2 1 1 1952 3706 3704 4252
10934 4 2 1 1 3086 3372 2387 3758
10935 4 2 1 1 411 398 3587 3794
10936 4 2 1 1 2382 3558 2792 2121
10937 4 2 1 1 2167 3691 2603 4215
10938 4 2 1 1 577 704 3473 4397
10939 4 2 1 1 1744 3797 1605 4255
10940 4 2 1 1 2271 3243 4209 2866
10941 4 2 1 1 2680 2446 3930 3599
10942 4 2 1 1 2177 3827 3133 3396
10943 4 2 1 1 3270 3817 3360 3026
10944 4 2 1 1 3818 3447 2907 2263
10945 4 2 1 1 3816 3445 2908 2261
10946 4 2 1 1 2122 3440 2724 4368
10947 4 2 1 1 3409 3142 2181 3492
10948 4 2 1 1 726 3299 770 2904
10949 4 2 1 1 2729 2830 2157 2558
10950 4 2 1 1 1875 2961 1858 4286
10951 4 2 1 1 726 3361 625 725
10952 4 2 1 1 1605 3797 2700 4255
10953 4 2 1 1 2409 3709 2920 4080
10954 4 2 1 1 2862 3354 2501 3715
10955 4 2 1 1 2612 2084 3005 3391
10956 4 2 1 1 561 2731 713 4001
10957 4 2 1 1 382 3120 273 3842
10958 4 2 1 1 2290 2596 3018 4142
10959 4 2 1 1 3750 3954 2446 4203
10960 4 2 1 1 704 613 612 3473
10961 4 2 1 1 556 3522 2972 4001
10962 4 2 1 1 1159 1158 1157 3161
10963 4 2 1 1 2090 2630 3160 4237
10964 4 2 1 1 2235 2620 3209 3303
10965 4 2 1 1 2461 4208 3593 2460
10966 4 2 1 1 1255 2959 1238 4284
10967 4 2 1 1 534 750 768 3733
10968 4 2 1 1 1388 1154 1370 3732
10969 4 2 1 1 2008 1774 1990 3734
10970 4 2 1 1 1438 4441 2824 3475
10971 4 2 1 1 4324 2183 3554 2559
10972 4 2 1 1 3029 2270 4073 4287
10973 4 2 1 1 2092 2941 3270 3424
10974 4 2 1 1 2093 2942 3269 3423
10975 4 2 1 1 2094 2940 3271 3422
10976 4 2 1 1 1031 1018 3591 3796
10977 4 2 1 1 1651 1638 3592 3795
10978 4 2 1 1 1797 3159 1800 1796
10979 4 2 1 1 1143 4513 2824 4441
10980 4 2 1 1 188 187 4440 1764
10981 4 2 1 1 4440 4526 1411 3538
10982 4 2 1 1 3261 3920 2389 3925
10983 4 2 1 1 1764 4440 188 1989
10984 4 2 1 1 4440 4526 187 1411
10985 4 2 1 1 210 4496 4548 3287
10986 4 2 1 1 1764 2764 4440 2059
10987 4 2 1 1 2400 2978 2738 3013
10988 4 2 1 1 2402 2977 2740 3015
10989 4 2 1 1 2401 2976 2739 3014
10990 4 2 1 1 2112 2854 3491 3114
10991 4 2 1 1 1764 2764 2059 2058
10992 4 2 1 1 3091 3200 2493 4324
10993 4 2 1 1 635 2957 618 4283
10994 4 2 1 1 3090 3201 2492 4325
10995 4 2 1 1 2680 2068 3894 3621
10996 4 2 1 1 2006 1912 1916 4029
10997 4 2 1 1 707 3181 609 3274
10998 4 2 1 1 1525 1669 3764 1659
10999 4 2 1 1 2294 3307 2762 4179
11000 4 2 1 1 905 1049 3765 1039
11001 4 2 1 1 1224 1179 1174 3675
11002 4 2 1 1 336 337 338 2797
11003 4 2 1 1 1576 1577 1578 2798
11004 4 2 1 1 958 956 957 2799
11005 4 2 1 1 738 3372 3148 3826
11006 4 2 1 1 4439 33 32 1752
11007 4 2 1 1 201 4552 3622 4439
11008 4 2 1 1 556 557 2972 3522
11009 4 2 1 1 2353 2718 3047 3966
11010 4 2 1 1 2354 2717 3046 3967
11011 4 2 1 1 2355 2719 3045 3965
11012 4 2 1 1 2515 3949 2259 2085
11013 4 2 1 1 2127 2433 2477 4164
11014 4 2 1 1 201 4552 4439 32
11015 4 2 1 1 4476 2022 3082 1757
11016 4 2 1 1 1348 1208 3827 4250
11017 4 2 1 1 2212 3482 2602 4019
11018 4 2 1 1 1973 3300 2010 2905
11019 4 2 1 1 1973 3359 1865 1972
11020 4 2 1 1 3309 4036 3443 2674
11021 4 2 1 1 2100 2710 3707 4068
11022 4 2 1 1 1828 2555 4110 3579
11023 4 2 1 1 271 382 3842 4067
11024 4 2 1 1 685 805 3149 3896
11025 4 2 1 1 2202 3069 2672 4289
11026 4 2 1 1 285 429 3766 419
11027 4 2 1 1 2308 2595 2346 4197
11028 4 2 1 1 2077 4058 3172 4354
11029 4 2 1 1 3443 4036 3309 2289
11030 4 2 1 1 2087 2970 3199 3329
11031 4 2 1 1 409 2554 3608 3749
11032 4 2 1 1 1752 4543 2839 4439
11033 4 2 1 1 2461 4208 2460 3210
11034 4 2 1 1 1752 4439 2839 3622
11035 4 2 1 1 217 2826 451 4220
11036 4 2 1 1 1071 4401 1057 837
11037 4 2 1 1 1457 2828 1691 4222
11038 4 2 1 1 2718 2353 3047 4261
11039 4 2 1 1 2717 2354 3046 4260
11040 4 2 1 1 2719 2355 3045 4259
11041 4 2 1 1 2190 2522 3399 4232
11042 4 2 1 1 2668 3186 2234 4182
11043 4 2 1 1 2077 2616 3536 2247
11044 4 2 1 1 2228 2651 3330 3380
11045 4 2 1 1 2165 3205 2956 4317
11046 4 2 1 1 4439 4543 507 33
11047 4 2 1 1 1444 177 176 4438
11048 4 2 1 1 1163 1165 1164 3565
11049 4 2 1 1 2459 3487 2736 4312
11050 4 2 1 1 2852 3806 3321 4026
11051 4 2 1 1 2854 3805 3319 4025
11052 4 2 1 1 2238 3618 3498 3711
11053 4 2 1 1 256 3608 249 3092
11054 4 2 1 1 1790 1788 2734 3169
11055 4 2 1 1 2211 3436 2787 4332
11056 4 2 1 1 3499 3890 4312 2475
11057 4 2 1 1 2156 3159 2774 3558
11058 4 2 1 1 550 549 551 2979
11059 4 2 1 1 2164 3206 2660 4319
11060 4 2 1 1 2423 3669 3070 3968
11061 4 2 1 1 1444 4515 1710 3623
11062 4 2 1 1 1877 2050 1893 3002
11063 4 2 1 1 1619 1699 1612 3303
11064 4 2 1 1 2129 3720 3378 3967
11065 4 2 1 1 2130 3719 3379 3966
11066 4 2 1 1 2441 2549 3326 4389
11067 4 2 1 1 1444 4515 3623 4438
11068 4 2 1 1 3490 3996 2409 4270
11069 4 2 1 1 2661 3117 2335 3578
11070 4 2 1 1 2662 3116 2333 3579
11071 4 2 1 1 3113 3638 592 4082
11072 4 2 1 1 1804 1945 3535 3683
11073 4 2 1 1 2231 3662 3071 3788
11074 4 2 1 1 2546 3208 3115 2370
11075 4 2 1 1 2381 3031 2219 3708
11076 4 2 1 1 3943 3839 3621 3199
11077 4 2 1 1 363 4091 3784 4200
11078 4 2 1 1 2663 2956 3205 4317
11079 4 2 1 1 700 592 3638 4082
11080 4 2 1 1 256 3608 257 249
11081 4 2 1 1 4175 3034 2181 2600
11082 4 2 1 1 4438 1444 177 1747
11083 4 2 1 1 2461 4208 3210 3485
11084 4 2 1 1 2385 3208 3697 3762
11085 4 2 1 1 4175 2181 3034 3121
11086 4 2 1 1 1228 2685 3230 4293
11087 4 2 1 1 2663 2956 4317 4388
11088 4 2 1 1 3740 2347 2648 3178
11089 4 2 1 1 1898 2820 1931 3876
11090 4 2 1 1 2388 3392 3609 4096
11091 4 2 1 1 4438 1740 3623 1444
11092 4 2 1 1 2955 3176 2193 3577
11093 4 2 1 1 2834 3704 1868 3706
11094 4 2 1 1 1363 1306 1432 3531
11095 4 2 1 1 2632 2199 3236 3354
11096 4 2 1 1 2722 3374 2419 4313
11097 4 2 1 1 592 3266 4082 764
11098 4 2 1 1 2188 3291 2708 3488
11099 4 2 1 1 2512 3683 2382 2121
11100 4 2 1 1 2214 3902 3075 3393
11101 4 2 1 1 1195 3373 4172 4277
11102 4 2 1 1 2754 3512 2348 4288
11103 4 2 1 1 2165 4317 2956 4388
11104 4 2 1 1 2853 3807 3320 4030
11105 4 2 1 1 2164 2660 3206 2958
11106 4 2 1 1 2391 2765 3670 3560
11107 4 2 1 1 299 398 288 2864
11108 4 2 1 1 2226 3341 3277 4245
11109 4 2 1 1 774 816 2642 3733
11110 4 2 1 1 1394 1436 2641 3732
11111 4 2 1 1 2056 2643 2014 3734
11112 4 2 1 1 2823 2252 3238 3768
11113 4 2 1 1 2246 3117 3699 3353
11114 4 2 1 1 2501 1254 4091 3354
11115 4 2 1 1 2157 4003 2729 2955
11116 4 2 1 1 2599 2085 3009 3430
11117 4 2 1 1 2280 2721 2854 3491
11118 4 2 1 1 2649 3134 3018 4023
11119 4 2 1 1 2153 3737 3721 4108
11120 4 2 1 1 2398 3267 2723 4164
11121 4 2 1 1 2914 2937 2210 3594
11122 4 2 1 1 1389 1217 1309 4344
11123 4 2 1 1 3740 2648 2347 3444
11124 4 2 1 1 4438 1740 1444 1747
11125 4 2 1 1 2174 2858 3263 3952
11126 4 2 1 1 2397 3044 3506 3932
11127 4 2 1 1 2650 2161 3124 3942
11128 4 2 1 1 2068 2767 2509 4350
11129 4 2 1 1 886 4083 3080 4267
11130 4 2 1 1 266 4084 3078 4266
11131 4 2 1 1 1333 1329 1173 3003
11132 4 2 1 1 2065 2844 2228 3723
11133 4 2 1 1 2536 2221 3187 4005
11134 4 2 1 1 2537 2220 3188 4006
11135 4 2 1 1 2538 2222 3189 4007
11136 4 2 1 1 1891 2705 4063 1881
11137 4 2 1 1 2078 3111 2677 3945
11138 4 2 1 1 3659 3829 2173 2963
11139 4 2 1 1 1327 3426 2793 4219
11140 4 2 1 1 2841 4044 3540 2210
11141 4 2 1 1 3660 3104 1137 2923
11142 4 2 1 1 2621 3537 3023 4297
11143 4 2 1 1 1137 3104 3660 4475
11144 4 2 1 1 3013 3648 2738 3688
11145 4 2 1 1 3014 3646 2739 3686
11146 4 2 1 1 3015 3647 2740 3687
11147 4 2 1 1 1187 1339 2973 3866
11148 4 2 1 1 821 81 80 4437
11149 4 2 1 1 3660 1402 1137 4475
11150 4 2 1 1 2827 2243 3861 4221
11151 4 2 1 1 2828 2242 3862 4222
11152 4 2 1 1 2826 2244 3860 4220
11153 4 2 1 1 1917 1932 2009 4176
11154 4 2 1 1 3494 566 4056 4318
11155 4 2 1 1 4289 2883 3463 2531
11156 4 2 1 1 2533 3462 2203 4290
11157 4 2 1 1 2695 3119 2120 2307
11158 4 2 1 1 188 187 1144 4440
11159 4 2 1 1 1283 2923 3524 3999
11160 4 2 1 1 2610 3723 3438 3846
11161 4 2 1 1 1880 2712 1890 2055
11162 4 2 1 1 2165 3437 2655 3632
11163 4 2 1 1 1080 3527 2702 3927
11164 4 2 1 1 2590 3174 4074 4127
11165 4 2 1 1 1316 1377 1140 2644
11166 4 2 1 1 2165 3336 2655 3893
11167 4 2 1 1 3303 2801 4181 1619
11168 4 2 1 1 3585 3399 2171 2551
11169 4 2 1 1 821 4516 1090 3624
11170 4 2 1 1 2097 3349 2858 3762
11171 4 2 1 1 792 742 530 2572
11172 4 2 1 1 2483 3315 2963 3829
11173 4 2 1 1 1942 1941 1981 2911
11174 4 2 1 1 2803 3283 3160 2150
11175 4 2 1 1 2523 4021 3265 4191
11176 4 2 1 1 2250 2591 3542 3620
11177 4 2 1 1 2084 2612 3389 3391
11178 4 2 1 1 1837 1932 2819 3777
11179 4 2 1 1 2178 2575 3096 3493
11180 4 2 1 1 4334 2930 733 3776
11181 4 2 1 1 2403 3338 3844 2143
11182 4 2 1 1 2306 3606 2768 3715
11183 4 2 1 1 1425 1376 1429 4162
11184 4 2 1 1 2199 3354 3715 3784
11185 4 2 1 1 4344 3541 1203 2926
11186 4 2 1 1 498 3840 2644 3919
11187 4 2 1 1 2673 3605 3441 4291
11188 4 2 1 1 728 3578 2557 4158
11189 4 2 1 1 1563 3886 1585 2866
11190 4 2 1 1 4177 3778 2156 4054
11191 4 2 1 1 974 975 973 2874
11192 4 2 1 1 1593 1594 1595 2875
11193 4 2 1 1 355 353 354 2876
11194 4 2 1 1 821 4516 3624 4437
11195 4 2 1 1 2706 2869 2251 2072
11196 4 2 1 1 3627 2033 1815 2025
11197 4 2 1 1 2720 3471 2343 2853
11198 4 2 1 1 2562 2385 3762 4142
11199 4 2 1 1 818 647 3561 3908
11200 4 2 1 1 4339 4230 4274 2712
11201 4 2 1 1 2215 2633 3381 3989
11202 4 2 1 1 3912 3401 4021 2552
11203 4 2 1 1 2185 3045 3965 4233
11204 4 2 1 1 2187 3047 3966 4234
11205 4 2 1 1 2186 3046 3967 4235
11206 4 2 1 1 1268 2476 1266 1357
11207 4 2 1 1 2076 3517 3004 3606
11208 4 2 1 1 2329 2929 3292 3990
11209 4 2 1 1 2414 3334 3125 3778
11210 4 2 1 1 2254 3125 3334 3778
11211 4 2 1 1 690 736 638 3328
11212 4 2 1 1 2754 3847 3512 4288
11213 4 2 1 1 2139 4039 2846 2548
11214 4 2 1 1 821 1127 81 4437
11215 4 2 1 1 2219 3621 2680 3894
11216 4 2 1 1 1650 2889 1525 3532
11217 4 2 1 1 1030 2891 905 3533
11218 4 2 1 1 410 2890 285 3534
11219 4 2 1 1 2513 2585 3457 4398
11220 4 2 1 1 2082 3103 2751 3804
11221 4 2 1 1 3272 2675 3747 3750
11222 4 2 1 1 2346 3564 4038 4064
11223 4 2 1 1 2823 3668 1259 3935
11224 4 2 1 1 2127 2298 3519 4090
11225 4 2 1 1 3216 2630 2425 2929
11226 4 2 1 1 2435 3249 2846 4039
11227 4 2 1 1 2434 3250 2848 4040
11228 4 2 1 1 368 366 3001 4067
11229 4 2 1 1 2093 2942 3423 3751
11230 4 2 1 1 4437 1120 3624 821
11231 4 2 1 1 4437 1120 821 1127
11232 4 2 1 1 4436 71 72 1463
11233 4 2 1 1 4436 71 1463 4222
11234 4 2 1 1 2317 3200 3091 4324
11235 4 2 1 1 2092 2941 3424 3752
11236 4 2 1 1 2319 3201 3090 4325
11237 4 2 1 1 2094 2940 3422 3753
11238 4 2 1 1 1852 1944 1853 3480
11239 4 2 1 1 805 4419 518 756
11240 4 2 1 1 2674 3503 3309 3552
11241 4 2 1 1 1136 1440 1369 3768
11242 4 2 1 1 1291 1289 3381 4274
11243 4 2 1 1 2758 3067 2212 3867
11244 4 2 1 1 4436 1463 2943 4222
11245 4 2 1 1 2164 2815 3216 2598
11246 4 2 1 1 3669 3673 2837 3083
11247 4 2 1 1 2751 2969 2377 4031
11248 4 2 1 1 2406 2513 4398 3343
11249 4 2 1 1 255 2981 254 4062
11250 4 2 1 1 4061 881 2523 875
11251 4 2 1 1 151 152 1462 4435
11252 4 2 1 1 1084 3417 2756 4173
11253 4 2 1 1 3216 2630 2929 2164
11254 4 2 1 1 2403 2794 2143 2199
11255 4 2 1 1 2796 2685 4059 4228
11256 4 2 1 1 2072 2933 2706 4020
11257 4 2 1 1 2164 3160 3283 2150
11258 4 2 1 1 3120 4273 3842 3028
11259 4 2 1 1 2248 2745 2153 3999
11260 4 2 1 1 2668 2234 3186 3961
11261 4 2 1 1 2369 3667 2762 4179
11262 4 2 1 1 3183 3461 2374 4148
11263 4 2 1 1 576 2737 562 4276
11264 4 2 1 1 2731 2972 2316 4001
11265 4 2 1 1 2291 2674 3518 3552
11266 4 2 1 1 1094 1109 841 2868
11267 4 2 1 1 564 570 565 2930
11268 4 2 1 1 2221 3196 3187 3940
11269 4 2 1 1 2220 3195 3188 3941
11270 4 2 1 1 2222 3194 3189 3939
11271 4 2 1 1 4435 152 1462 1726
11272 4 2 1 1 482 220 432 2836
11273 4 2 1 1 2069 3208 3061 3170
11274 4 2 1 1 2292 3371 2670 2515
11275 4 2 1 1 2106 3200 2781 4324
11276 4 2 1 1 2105 3201 3064 4325
11277 4 2 1 1 2098 3297 2998 2298
11278 4 2 1 1 2983 2701 3812 3573
11279 4 2 1 1 1923 1918 1920 3294
11280 4 2 1 1 1729 1461 1714 2865
11281 4 2 1 1 683 4095 680 4379
11282 4 2 1 1 814 581 3124 4163
11283 4 2 1 1 2292 2670 3520 2515
11284 4 2 1 1 4036 3975 2102 2591
11285 4 2 1 1 3886 3926 3875 2878
11286 4 2 1 1 2074 3325 2741 2415
11287 4 2 1 1 678 676 3124 4095
11288 4 2 1 1 2050 1877 1947 3002
11289 4 2 1 1 4024 3636 273 3120
11290 4 2 1 1 3891 3488 2910 2188
11291 4 2 1 1 1535 4217 1658 4389
11292 4 2 1 1 418 295 4218 4390
11293 4 2 1 1 1462 151 4435 4221
11294 4 2 1 1 1177 3469 2569 3653
11295 4 2 1 1 652 641 621 3222
11296 4 2 1 1 4435 2944 1462 4221
11297 4 2 1 1 3753 3075 2396 3152
11298 4 2 1 1 4435 1726 1462 2944
11299 4 2 1 1 2278 3468 2896 3743
11300 4 2 1 1 3335 3659 2173 3332
11301 4 2 1 1 2281 2852 2779 4136
11302 4 2 1 1 1675 3226 2907 1587
11303 4 2 1 1 435 2242 4222 2943
11304 4 2 1 1 1055 3224 2908 967
11305 4 2 1 1 2995 3719 2472 4248
11306 4 2 1 1 379 375 380 4119
11307 4 2 1 1 371 374 372 3296
11308 4 2 1 1 1330 3594 2914 3895
11309 4 2 1 1 1118 3812 2638 3953
11310 4 2 1 1 1595 1709 2875 3724
11311 4 2 1 1 975 1089 2874 3725
11312 4 2 1 1 355 469 2876 3726
11313 4 2 1 1 2316 3831 2618 4002
11314 4 2 1 1 1970 3023 4169 4297
11315 4 2 1 1 2984 3278 2407 3593
11316 4 2 1 1 2085 2817 3253 3402
11317 4 2 1 1 2465 3295 2567 4219
11318 4 2 1 1 4442 92 91 523
11319 4 2 1 1 2939 3395 2226 3673
11320 4 2 1 1 24 23 4434 843
11321 4 2 1 1 2090 3395 2939 3673
11322 4 2 1 1 2365 3868 3264 4293
11323 4 2 1 1 2828 3862 2798 4340
11324 4 2 1 1 2827 3861 2799 4341
11325 4 2 1 1 4342 2244 3860 2826
11326 4 2 1 1 1384 2614 1399 3999
11327 4 2 1 1 1268 1381 1269 3789
11328 4 2 1 1 1322 3241 2645 4282
11329 4 2 1 1 2112 3265 3114 3491
11330 4 2 1 1 3114 3265 2699 3491
11331 4 2 1 1 1959 1957 1888 3761
11332 4 2 1 1 1341 2567 3618 4219
11333 4 2 1 1 2245 2695 3119 3698
11334 4 2 1 1 2120 3119 2695 3698
11335 4 2 1 1 1363 4445 3470 2896
11336 4 2 1 1 2213 2684 3543 3839
11337 4 2 1 1 1106 24 4434 843
11338 4 2 1 1 843 23 4434 4220
11339 4 2 1 1 4434 2945 843 4220
11340 4 2 1 1 2568 3619 3550 4157
11341 4 2 1 1 2626 3334 2404 4320
11342 4 2 1 1 2633 2215 3654 4184
11343 4 2 1 1 2271 2873 3681 4209
11344 4 2 1 1 2107 3648 3013 3688
11345 4 2 1 1 2108 3646 3014 3686
11346 4 2 1 1 2109 3647 3015 3687
11347 4 2 1 1 2400 3688 2738 3766
11348 4 2 1 1 2401 3686 2739 3764
11349 4 2 1 1 2402 3687 2740 3765
11350 4 2 1 1 410 3143 2890 3534
11351 4 2 1 1 2672 3604 3572 4289
11352 4 2 1 1 2671 3603 3571 4290
11353 4 2 1 1 221 474 489 2861
11354 4 2 1 1 867 866 870 2884
11355 4 2 1 1 247 246 250 2883
11356 4 2 1 1 1487 1486 1490 2885
11357 4 2 1 1 794 3328 638 2698
11358 4 2 1 1 1918 3294 1923 4029
11359 4 2 1 1 1706 2756 3390 2866
11360 4 2 1 1 524 108 107 4441
11361 4 2 1 1 1323 4022 1294 4172
11362 4 2 1 1 2894 3339 2579 4057
11363 4 2 1 1 2499 3773 3293 3972
11364 4 2 1 1 2369 3237 3684 4129
11365 4 2 1 1 1871 1857 1858 2961
11366 4 2 1 1 2201 3405 2899 3702
11367 4 2 1 1 3951 3548 1196 3868
11368 4 2 1 1 1460 1672 1722 2837
11369 4 2 1 1 2357 3975 3288 4137
11370 4 2 1 1 4403 14 15 448
11371 4 2 1 1 991 994 992 3302
11372 4 2 1 1 1859 1954 1801 3677
11373 4 2 1 1 2377 3166 2885 4309
11374 4 2 1 1 1536 1660 1557 3528
11375 4 2 1 1 1976 2814 1799 3988
11376 4 2 1 1 2795 2683 4055 4226
11377 4 2 1 1 2379 2544 3363 3657
11378 4 2 1 1 1611 1614 1612 3303
11379 4 2 1 1 1412 1362 1150 2619
11380 4 2 1 1 4136 3375 4050 2418
11381 4 2 1 1 965 2935 1086 4183
11382 4 2 1 1 2692 2190 2779 2171
11383 4 2 1 1 637 2693 3481 3181
11384 4 2 1 1 1799 2814 1807 1806
11385 4 2 1 1 2924 2814 1807 4186
11386 4 2 1 1 1879 2621 1870 3722
11387 4 2 1 1 2086 2815 3254 3405
11388 4 2 1 1 2924 1807 2814 1806
11389 4 2 1 1 2374 3461 3183 3855
11390 4 2 1 1 2655 2091 3437 3853
11391 4 2 1 1 2748 3385 2272 3528
11392 4 2 1 1 1330 2914 1331 3895
11393 4 2 1 1 491 4410 2953 203
11394 4 2 1 1 1731 4412 1442 1682
11395 4 2 1 1 1111 4411 2952 823
11396 4 2 1 1 4177 3778 4054 2626
11397 4 2 1 1 4136 3375 2418 3108
11398 4 2 1 1 1106 843 4434 2945
11399 4 2 1 1 1741 1739 1614 2620
11400 4 2 1 1 2070 3769 3398 4016
11401 4 2 1 1 2239 3606 3004 3854
11402 4 2 1 1 3160 2801 3283 2235
11403 4 2 1 1 1102 840 1052 2838
11404 4 2 1 1 2579 3099 2349 4395
11405 4 2 1 1 2399 3317 2715 2393
11406 4 2 1 1 2121 3239 3713 3904
11407 4 2 1 1 2318 2962 3056 4207
11408 4 2 1 1 3867 4095 2650 2758
11409 4 2 1 1 2997 3185 2054 3933
11410 4 2 1 1 2596 2832 3029 3845
11411 4 2 1 1 3777 1961 1836 1837
11412 4 2 1 1 3892 4045 883 2663
11413 4 2 1 1 2380 2275 2735 2207
11414 4 2 1 1 2866 3432 2441 3528
11415 4 2 1 1 137 138 1702 4433
11416 4 2 1 1 3888 4042 1503 2660
11417 4 2 1 1 684 682 685 3012
11418 4 2 1 1 586 2831 734 4185
11419 4 2 1 1 2353 3941 2718 3966
11420 4 2 1 1 2354 3940 2717 3967
11421 4 2 1 1 2355 3939 2719 3965
11422 4 2 1 1 2230 2912 3379 3631
11423 4 2 1 1 1733 2748 1704 3528
11424 4 2 1 1 2200 3525 2661 3714
11425 4 2 1 1 2198 3526 2662 3716
11426 4 2 1 1 2404 3543 2684 3839
11427 4 2 1 1 709 4001 3273 553
11428 4 2 1 1 3727 4059 2685 4228
11429 4 2 1 1 1270 3426 1435 4219
11430 4 2 1 1 2165 3218 2817 4317
11431 4 2 1 1 1956 2915 3368 3973
11432 4 2 1 1 2447 3159 2859 4177
11433 4 2 1 1 2830 3170 2157 2558
11434 4 2 1 1 2079 2895 3105 3456
11435 4 2 1 1 3080 4083 2378 4267
11436 4 2 1 1 3078 4084 2376 4266
11437 4 2 1 1 2720 3108 2418 3375
11438 4 2 1 1 2721 3109 2417 3376
11439 4 2 1 1 2722 3110 2419 3374
11440 4 2 1 1 608 2683 3222 4171
11441 4 2 1 1 376 374 371 4375
11442 4 2 1 1 2182 3164 3126 3729
11443 4 2 1 1 1030 3145 2891 3533
11444 4 2 1 1 4433 4491 1108 2878
11445 4 2 1 1 1650 3146 2889 3532
11446 4 2 1 1 2578 3132 2586 4322
11447 4 2 1 1 3816 3445 2261 4145
11448 4 2 1 1 3817 3446 2262 4147
11449 4 2 1 1 3818 3447 2263 4146
11450 4 2 1 1 3301 3677 2382 3683
11451 4 2 1 1 2859 3159 2156 4177
11452 4 2 1 1 457 62 63 4402
11453 4 2 1 1 2501 3715 3354 3784
11454 4 2 1 1 4433 3886 1702 2878
11455 4 2 1 1 411 318 398 3794
11456 4 2 1 1 1651 1558 1638 3795
11457 4 2 1 1 1031 938 1018 3796
11458 4 2 1 1 2511 3809 3614 4127
11459 4 2 1 1 2069 2546 3115 4076
11460 4 2 1 1 4433 4491 137 1108
11461 4 2 1 1 2615 2237 3148 4306
11462 4 2 1 1 3064 3282 2560 4325
11463 4 2 1 1 4433 4540 1060 138
11464 4 2 1 1 4324 2183 2559 3281
11465 4 2 1 1 4258 3470 1926 3743
11466 4 2 1 1 854 902 3138 3458
11467 4 2 1 1 1522 3139 1474 3459
11468 4 2 1 1 282 3140 234 3460
11469 4 2 1 1 1950 3731 1951 3988
11470 4 2 1 1 695 697 698 4000
11471 4 2 1 1 503 329 340 3650
11472 4 2 1 1 2319 3282 3064 4325
11473 4 2 1 1 2317 3281 2781 4324
11474 4 2 1 1 2164 3216 2815 4319
11475 4 2 1 1 4091 204 496 434
11476 4 2 1 1 2064 2762 3667 3956
11477 4 2 1 1 1862 4063 3033 2496
11478 4 2 1 1 428 412 3143 3626
11479 4 2 1 1 2200 3525 3479 3957
11480 4 2 1 1 2198 3526 3478 3960
11481 4 2 1 1 3777 1836 1961 2535
11482 4 2 1 1 2399 2790 3747 3819
11483 4 2 1 1 4136 2722 2342 3110
11484 4 2 1 1 2085 2599 3402 3430
11485 4 2 1 1 389 388 385 2743
11486 4 2 1 1 1625 1629 1628 2742
11487 4 2 1 1 1008 1005 1009 2744
11488 4 2 1 1 2615 3148 2237 3826
11489 4 2 1 1 781 4514 514 3426
11490 4 2 1 1 238 3357 3924 265
11491 4 2 1 1 3306 2788 2462 4264
11492 4 2 1 1 3924 3357 238 2994
11493 4 2 1 1 1961 2535 2816 3649
11494 4 2 1 1 4432 10 9 1082
11495 4 2 1 1 995 1119 3186 3302
11496 4 2 1 1 455 493 421 3507
11497 4 2 1 1 1703 1452 1656 3390
11498 4 2 1 1 1353 1337 1344 2931
11499 4 2 1 1 1938 1935 1937 3998
11500 4 2 1 1 1982 3468 2561 3743
11501 4 2 1 1 2103 2617 3889 2755
11502 4 2 1 1 1365 1366 2861 3538
11503 4 2 1 1 4390 2170 3051 3212
11504 4 2 1 1 143 142 1068 4404
11505 4 2 1 1 2238 2567 3618 3711
11506 4 2 1 1 857 1012 1011 2656
11507 4 2 1 1 392 391 237 2657
11508 4 2 1 1 1632 1631 1477 2658
11509 4 2 1 1 2745 3244 2236 4172
11510 4 2 1 1 3590 4230 2248 2479
11511 4 2 1 1 255 261 260 2981
11512 4 2 1 1 4061 881 875 880
11513 4 2 1 1 2663 3205 893 3643
11514 4 2 1 1 1879 3660 2621 3722
11515 4 2 1 1 3071 3553 2231 4081
11516 4 2 1 1 1879 3704 3660 1880
11517 4 2 1 1 4432 4491 488 2878
11518 4 2 1 1 2297 3904 2844 4278
11519 4 2 1 1 2165 2956 2800 3893
11520 4 2 1 1 818 3484 2820 3908
11521 4 2 1 1 2829 4106 3031 4296
11522 4 2 1 1 4432 1088 10 1082
11523 4 2 1 1 3098 4120 2209 4184
11524 4 2 1 1 3704 3706 2479 4252
11525 4 2 1 1 2564 2102 3544 4032
11526 4 2 1 1 2545 2296 3696 2408
11527 4 2 1 1 2660 3206 1513 3633
11528 4 2 1 1 4432 4491 9 488
11529 4 2 1 1 2165 2655 3437 3893
11530 4 2 1 1 1915 2611 1916 1912
11531 4 2 1 1 2571 3068 3031 2219
11532 4 2 1 1 3951 3548 3868 2735
11533 4 2 1 1 2369 3678 3237 4129
11534 4 2 1 1 4471 2861 1366 3538
11535 4 2 1 1 4432 4541 440 10
11536 4 2 1 1 994 1121 1119 2622
11537 4 2 1 1 1272 2667 3230 3701
11538 4 2 1 1 2090 2939 3395 4237
11539 4 2 1 1 4475 4468 3660 1402
11540 4 2 1 1 2465 4019 4219 2567
11541 4 2 1 1 2465 4219 4019 3180
11542 4 2 1 1 1244 1345 1348 4017
11543 4 2 1 1 3728 4055 2683 4226
11544 4 2 1 1 2406 2513 3343 4018
11545 4 2 1 1 2147 2628 4132 4234
11546 4 2 1 1 2148 2629 4133 4235
11547 4 2 1 1 2146 2627 4134 4233
11548 4 2 1 1 359 358 356 3289
11549 4 2 1 1 2791 3144 3112 3943
11550 4 2 1 1 320 2808 2857 4357
11551 4 2 1 1 1560 2809 2856 4358
11552 4 2 1 1 940 2810 2855 4359
11553 4 2 1 1 605 588 728 4158
11554 4 2 1 1 2807 2219 3199 3943
11555 4 2 1 1 643 3082 639 4015
11556 4 2 1 1 2399 3275 3750 4108
11557 4 2 1 1 2305 3233 2875 3724
11558 4 2 1 1 2278 2896 3468 3531
11559 4 2 1 1 1920 1919 1921 2757
11560 4 2 1 1 2720 2302 3320 2853
11561 4 2 1 1 2179 3201 3962 4078
11562 4 2 1 1 2602 2895 4043 4073
11563 4 2 1 1 865 867 874 4061
11564 4 2 1 1 254 245 247 4062
11565 4 2 1 1 3315 3829 2166 3964
11566 4 2 1 1 2154 4126 3607 4298
11567 4 2 1 1 2304 3234 2874 3725
11568 4 2 1 1 2774 1960 1975 3617
11569 4 2 1 1 567 719 574 2928
11570 4 2 1 1 1117 1071 3861 4221
11571 4 2 1 1 1691 3862 1737 4222
11572 4 2 1 1 497 451 3860 4220
11573 4 2 1 1 4432 1082 2878 3926
11574 4 2 1 1 3029 4073 4043 4287
11575 4 2 1 1 1975 2774 4148 1802
11576 4 2 1 1 57 58 4431 1464
11577 4 2 1 1 3437 3563 2655 3632
11578 4 2 1 1 1260 3935 1270 4219
11579 4 2 1 1 2422 3073 2225 3628
11580 4 2 1 1 2814 2924 2437 4186
11581 4 2 1 1 2156 2774 3207 3558
11582 4 2 1 1 652 2668 3222 3700
11583 4 2 1 1 2610 3319 2462 4307
11584 4 2 1 1 377 2644 498 3840
11585 4 2 1 1 2772 4274 3615 4339
11586 4 2 1 1 3078 4192 3400 4266
11587 4 2 1 1 3080 4191 3401 4267
11588 4 2 1 1 1859 3410 1966 3731
11589 4 2 1 1 3331 3213 3744 2443
11590 4 2 1 1 3409 3492 2181 4323
11591 4 2 1 1 2274 3657 2544 4011
11592 4 2 1 1 3339 3602 2284 3710
11593 4 2 1 1 441 4408 4489 12
11594 4 2 1 1 2079 3456 3105 4216
11595 4 2 1 1 1301 3455 2527 3760
11596 4 2 1 1 3788 3593 3278 2624
11597 4 2 1 1 2655 3336 2234 3893
11598 4 2 1 1 3011 3362 2121 3904
11599 4 2 1 1 688 3482 781 671
11600 4 2 1 1 2793 4019 4219 3180
11601 4 2 1 1 2645 2115 3721 3930
11602 4 2 1 1 2114 2984 3593 2246
11603 4 2 1 1 882 3081 3892 4370
11604 4 2 1 1 2291 2395 2688 3158
11605 4 2 1 1 2061 2309 2345 2617
11606 4 2 1 1 2210 2937 2914 3540
11607 4 2 1 1 2914 2937 2478 3540
11608 4 2 1 1 2086 2598 3405 3497
11609 4 2 1 1 3242 3947 2749 4128
11610 4 2 1 1 1873 3738 2014 1867
11611 4 2 1 1 4213 4393 2900 3092
11612 4 2 1 1 3118 3609 2715 2399
11613 4 2 1 1 1253 3741 1394 1247
11614 4 2 1 1 2292 2394 2687 3154
11615 4 2 1 1 4161 2795 2286 2350
11616 4 2 1 1 1502 3077 3888 4369
11617 4 2 1 1 781 4514 3426 2793
11618 4 2 1 1 2283 3240 2596 4023
11619 4 2 1 1 2654 2360 3033 3235
11620 4 2 1 1 4431 1728 57 1464
11621 4 2 1 1 2099 2342 2473 4038
11622 4 2 1 1 2275 2207 2543 4012
11623 4 2 1 1 2357 3288 2987 4137
11624 4 2 1 1 58 4431 1464 1680
11625 4 2 1 1 2119 2618 3831 4002
11626 4 2 1 1 4431 1728 1464 2878
11627 4 2 1 1 2120 3343 3997 4345
11628 4 2 1 1 633 3742 774 627
11629 4 2 1 1 1216 1204 1218 3759
11630 4 2 1 1 1615 1739 3184 3303
11631 4 2 1 1 1141 2667 1272 3701
11632 4 2 1 1 2076 3072 3377 3936
11633 4 2 1 1 2612 2189 3389 3391
11634 4 2 1 1 2050 1947 1754 3002
11635 4 2 1 1 4389 1519 3211 3050
11636 4 2 1 1 278 3051 279 3212
11637 4 2 1 1 899 898 3052 3213
11638 4 2 1 1 2379 3363 2544 3776
11639 4 2 1 1 2115 3006 2680 3576
11640 4 2 1 1 1652 1525 1650 2889
11641 4 2 1 1 285 410 412 2890
11642 4 2 1 1 1030 1032 905 2891
11643 4 2 1 1 296 420 317 3477
11644 4 2 1 1 3796 1032 1018 3641
11645 4 2 1 1 2149 3048 3322 4391
11646 4 2 1 1 4238 2303 3432 3007
11647 4 2 1 1 2380 3358 2543 2931
11648 4 2 1 1 1877 1947 3002 3397
11649 4 2 1 1 2330 2925 2811 3284
11650 4 2 1 1 2885 3462 2533 4326
11651 4 2 1 1 1401 3989 3002 4274
11652 4 2 1 1 3825 2118 2370 3010
11653 4 2 1 1 2125 2753 3938 4018
11654 4 2 1 1 2227 3177 2604 3296
11655 4 2 1 1 3775 3444 4331 2648
11656 4 2 1 1 2562 3762 3467 4142
11657 4 2 1 1 2185 3138 2592 3458
11658 4 2 1 1 2186 3140 2593 3460
11659 4 2 1 1 2187 3139 2594 3459
11660 4 2 1 1 2652 3830 2129 2608
11661 4 2 1 1 1915 1822 4246 2035
11662 4 2 1 1 1487 1485 1486 3462
11663 4 2 1 1 247 245 246 3463
11664 4 2 1 1 865 866 867 3464
11665 4 2 1 1 2963 3829 3315 3964
11666 4 2 1 1 520 2668 652 3700
11667 4 2 1 1 2719 4072 3194 4259
11668 4 2 1 1 2718 4071 3195 4261
11669 4 2 1 1 2717 4070 3196 4260
11670 4 2 1 1 2680 3006 2219 3576
11671 4 2 1 1 2151 3801 3602 4105
11672 4 2 1 1 2233 3141 2934 3483
11673 4 2 1 1 1102 3628 990 3953
11674 4 2 1 1 2278 3468 3403 3531
11675 4 2 1 1 3721 2115 2645 2468
11676 4 2 1 1 2071 4093 2574 4239
11677 4 2 1 1 1915 2054 1916 3185
11678 4 2 1 1 2257 3053 2965 3285
11679 4 2 1 1 2256 3055 2964 3286
11680 4 2 1 1 2258 3054 2966 3287
11681 4 2 1 1 2720 3375 2418 3804
11682 4 2 1 1 2322 3376 2709 3730
11683 4 2 1 1 2601 3032 2362 3881
11684 4 2 1 1 586 2831 4185 3671
11685 4 2 1 1 2611 3147 2205 4003
11686 4 2 1 1 466 215 3385 4238
11687 4 2 1 1 3315 3964 2938 4206
11688 4 2 1 1 2143 3512 2771 4203
11689 4 2 1 1 3795 1652 1638 3642
11690 4 2 1 1 1464 1680 4431 2878
11691 4 2 1 1 2550 2169 3331 3337
11692 4 2 1 1 4390 2170 3212 2442
11693 4 2 1 1 3879 3492 2363 4310
11694 4 2 1 1 4430 18 17 1070
11695 4 2 1 1 2036 1772 1986 2868
11696 4 2 1 1 4430 18 1070 4113
11697 4 2 1 1 569 3350 568 3835
11698 4 2 1 1 4178 3032 2173 2601
11699 4 2 1 1 4178 2173 3032 3113
11700 4 2 1 1 858 3355 3944 885
11701 4 2 1 1 492 4400 467 3287
11702 4 2 1 1 1707 1732 1457 3285
11703 4 2 1 1 837 1087 1112 3286
11704 4 2 1 1 2200 2580 3479 2682
11705 4 2 1 1 4167 2796 2287 2351
11706 4 2 1 1 2776 3797 1725 3856
11707 4 2 1 1 2198 2581 3478 2681
11708 4 2 1 1 2544 2274 3363 3657
11709 4 2 1 1 4017 2137 2556 2862
11710 4 2 1 1 435 2242 2943 2906
11711 4 2 1 1 2944 2243 2907 4221
11712 4 2 1 1 2244 1055 3224 2908
11713 4 2 1 1 796 532 746 2865
11714 4 2 1 1 2706 2933 2300 3800
11715 4 2 1 1 2302 2720 3320 4256
11716 4 2 1 1 2649 3018 2596 4023
11717 4 2 1 1 2301 2722 3321 4244
11718 4 2 1 1 2589 3594 3560 3675
11719 4 2 1 1 2604 3235 2654 3761
11720 4 2 1 1 2965 3285 3053 3837
11721 4 2 1 1 2964 3286 3055 3836
11722 4 2 1 1 2966 3287 3054 3838
11723 4 2 1 1 1118 997 2638 3812
11724 4 2 1 1 2257 3037 3757 4301
11725 4 2 1 1 2256 3036 3756 4300
11726 4 2 1 1 2258 3038 3755 4302
11727 4 2 1 1 1738 1617 2639 3811
11728 4 2 1 1 3550 3859 2547 2960
11729 4 2 1 1 2201 2899 3500 3702
11730 4 2 1 1 2380 2275 2207 2543
11731 4 2 1 1 4430 4410 203 2953
11732 4 2 1 1 2746 2844 2251 3311
11733 4 2 1 1 1598 2776 1725 3856
11734 4 2 1 1 2815 3551 3216 4152
11735 4 2 1 1 970 2905 971 4145
11736 4 2 1 1 1590 2904 1591 4146
11737 4 2 1 1 350 2903 351 4147
11738 4 2 1 1 2318 4079 3019 4275
11739 4 2 1 1 2281 3852 2326 3087
11740 4 2 1 1 4430 4410 17 203
11741 4 2 1 1 2661 3525 2200 3957
11742 4 2 1 1 2598 2201 3405 3497
11743 4 2 1 1 2662 3526 2198 3960
11744 4 2 1 1 3106 4003 2729 2321
11745 4 2 1 1 2206 3135 2879 3657
11746 4 2 1 1 3843 3975 2528 4137
11747 4 2 1 1 2598 2086 2716 3497
11748 4 2 1 1 2120 3698 2577 4398
11749 4 2 1 1 4010 2521 4197 2126
11750 4 2 1 1 2498 3771 2477 2118
11751 4 2 1 1 287 426 286 3120
11752 4 2 1 1 2129 2717 3940 3967
11753 4 2 1 1 2130 2718 3941 3966
11754 4 2 1 1 2131 2719 3939 3965
11755 4 2 1 1 352 3582 2903 4200
11756 4 2 1 1 1153 1366 1416 2861
11757 4 2 1 1 3048 4391 4094 2860
11758 4 2 1 1 3402 2286 2795 4055
11759 4 2 1 1 2820 3774 2253 4159
11760 4 2 1 1 2226 2639 3341 4245
11761 4 2 1 1 1265 1266 1267 3472
11762 4 2 1 1 937 2988 3417 4173
11763 4 2 1 1 4430 1070 2953 4113
11764 4 2 1 1 2834 3085 2172 2248
11765 4 2 1 1 2245 3241 2695 3434
11766 4 2 1 1 1054 4458 1116 824
11767 4 2 1 1 1674 4457 4144 1736
11768 4 2 1 1 4091 204 434 2917
11769 4 2 1 1 2975 2564 2289 4036
11770 4 2 1 1 378 3840 4089 3884
11771 4 2 1 1 4011 2795 2350 4226
11772 4 2 1 1 1794 1798 1790 3425
11773 4 2 1 1 2349 3563 3099 4105
11774 4 2 1 1 1134 4480 3002 1424
11775 4 2 1 1 2228 3870 2576 3131
11776 4 2 1 1 2388 3609 3272 4096
11777 4 2 1 1 2252 3217 2714 3266
11778 4 2 1 1 65 66 4429 1584
11779 4 2 1 1 2974 2634 2140 3087
11780 4 2 1 1 2451 4301 3757 2629
11781 4 2 1 1 2452 4300 3756 2628
11782 4 2 1 1 2450 4302 3755 2627
11783 4 2 1 1 2499 3697 2370 2511
11784 4 2 1 1 3405 2287 2796 4059
11785 4 2 1 1 66 4429 1584 4112
11786 4 2 1 1 4429 1442 65 1584
11787 4 2 1 1 505 4465 3650 3622
11788 4 2 1 1 1311 4440 1144 1411
11789 4 2 1 1 2077 2616 2247 2363
11790 4 2 1 1 2226 3395 2939 3574
11791 4 2 1 1 1867 1846 1866 3027
11792 4 2 1 1 2943 3862 2242 4222
11793 4 2 1 1 2944 3861 2243 4221
11794 4 2 1 1 2945 3860 2244 4220
11795 4 2 1 1 626 627 606 3025
11796 4 2 1 1 1247 1226 1246 3026
11797 4 2 1 1 2097 3467 3762 4142
11798 4 2 1 1 2802 3613 2659 2867
11799 4 2 1 1 3706 1868 1952 3704
11800 4 2 1 1 1442 1584 4429 2951
11801 4 2 1 1 4429 2951 1584 4112
11802 4 2 1 1 145 146 1690 4428
11803 4 2 1 1 2089 2675 3431 3750
11804 4 2 1 1 2396 3753 3420 3911
11805 4 2 1 1 146 1690 4428 4111
11806 4 2 1 1 4419 1758 1994 3149
11807 4 2 1 1 2710 2324 3843 2987
11808 4 2 1 1 4428 4411 823 2952
11809 4 2 1 1 2860 3223 2209 3689
11810 4 2 1 1 4428 4411 145 823
11811 4 2 1 1 2116 3708 3031 4106
11812 4 2 1 1 1670 1500 1523 2982
11813 4 2 1 1 1271 1335 1262 4107
11814 4 2 1 1 2125 3542 3204 4018
11815 4 2 1 1 3298 3486 2206 3135
11816 4 2 1 1 2567 3295 2238 3618
11817 4 2 1 1 4428 1690 2952 4111
11818 4 2 1 1 1670 2982 1523 4006
11819 4 2 1 1 2829 3031 2457 2381
11820 4 2 1 1 1674 4457 1736 1441
11821 4 2 1 1 1054 4458 824 2916
11822 4 2 1 1 2164 3160 3990 2958
11823 4 2 1 1 3550 3859 2960 2361
11824 4 2 1 1 2452 3459 2628 3756
11825 4 2 1 1 2451 3460 2629 3757
11826 4 2 1 1 2450 3458 2627 3755
11827 4 2 1 1 2405 3872 3595 4027
11828 4 2 1 1 3846 2462 3438 2610
11829 4 2 1 1 3438 2462 3846 2367
11830 4 2 1 1 3922 3366 3339 2428
11831 4 2 1 1 2652 3383 3830 2608
11832 4 2 1 1 2404 3118 2684 2509
11833 4 2 1 1 4427 127 126 1712
11834 4 2 1 1 3019 4079 3900 4275
11835 4 2 1 1 499 3177 375 3296
11836 4 2 1 1 1265 1267 1439 3768
11837 4 2 1 1 1048 1032 3145 3641
11838 4 2 1 1 3338 3512 2279 3844
11839 4 2 1 1 2732 3685 2332 3705
11840 4 2 1 1 2073 3291 2708 3694
11841 4 2 1 1 2820 2253 3348 4159
11842 4 2 1 1 1188 1198 1189 2946
11843 4 2 1 1 3358 2931 2380 3951
11844 4 2 1 1 1668 1652 3146 3642
11845 4 2 1 1 2427 3690 3097 4311
11846 4 2 1 1 2860 3223 2088 4202
11847 4 2 1 1 2479 3397 3590 4230
11848 4 2 1 1 2640 2234 2622 3215
11849 4 2 1 1 2817 3412 2426 3632
11850 4 2 1 1 3631 4093 2574 3323
11851 4 2 1 1 3574 4231 3070 2455
11852 4 2 1 1 2698 2193 3896 3147
11853 4 2 1 1 1795 3301 1792 3683
11854 4 2 1 1 1793 1949 1791 3301
11855 4 2 1 1 2625 3275 2233 4203
11856 4 2 1 1 2379 3135 2972 3831
11857 4 2 1 1 2061 2617 2416 3157
11858 4 2 1 1 2701 3798 2777 4088
11859 4 2 1 1 2456 3780 2061 4197
11860 4 2 1 1 2558 2174 3513 3577
11861 4 2 1 1 2372 2897 3402 3833
11862 4 2 1 1 2679 3487 2459 4075
11863 4 2 1 1 2987 3314 2203 3571
11864 4 2 1 1 1849 1948 1952 3706
11865 4 2 1 1 4543 500 4439 507
11866 4 2 1 1 3136 3659 3619 4265
11867 4 2 1 1 2321 2924 4215 4246
11868 4 2 1 1 4012 2796 2351 4228
11869 4 2 1 1 3102 3154 2183 2402
11870 4 2 1 1 3922 3339 3366 2123
11871 4 2 1 1 2700 3797 2776 4087
11872 4 2 1 1 2912 2472 3719 4248
11873 4 2 1 1 4427 4517 522 2904
11874 4 2 1 1 2318 3092 3384 4079
11875 4 2 1 1 4232 3571 2885 2377
11876 4 2 1 1 2306 3289 2876 3726
11877 4 2 1 1 711 2928 2387 3372
11878 4 2 1 1 3028 3431 2420 3793
11879 4 2 1 1 3100 3158 2184 2401
11880 4 2 1 1 3028 3842 382 4067
11881 4 2 1 1 2212 4019 2602 4043
11882 4 2 1 1 1429 1304 2572 3531
11883 4 2 1 1 2191 3265 4021 4191
11884 4 2 1 1 986 982 1076 3812
11885 4 2 1 1 2235 3184 2620 3303
11886 4 2 1 1 2262 3582 2593 2137
11887 4 2 1 1 2328 3595 2766 4331
11888 4 2 1 1 2567 3505 1229 3711
11889 4 2 1 1 1220 1213 3434 2862
11890 4 2 1 1 2859 3410 2447 4054
11891 4 2 1 1 1357 3220 1335 3789
11892 4 2 1 1 4427 127 1712 4144
11893 4 2 1 1 1696 1606 1602 3811
11894 4 2 1 1 2234 3186 2622 3302
11895 4 2 1 1 2514 3544 3516 4362
11896 4 2 1 1 2777 3798 2240 4088
11897 4 2 1 1 3004 2900 3854 4174
11898 4 2 1 1 650 640 2497 3439
11899 4 2 1 1 597 2835 3101 4165
11900 4 2 1 1 3944 3355 858 2996
11901 4 2 1 1 1050 3386 874 2980
11902 4 2 1 1 3686 4085 3646 2739
11903 4 2 1 1 2215 3590 3397 4230
11904 4 2 1 1 4427 4517 126 522
11905 4 2 1 1 2811 2663 3218 4388
11906 4 2 1 1 3283 3772 2598 2150
11907 4 2 1 1 2793 688 781 804
11908 4 2 1 1 2663 2330 2956 4388
11909 4 2 1 1 3239 3362 2545 2408
11910 4 2 1 1 4427 1592 1446 2904
11911 4 2 1 1 2525 2115 2680 3576
11912 4 2 1 1 2545 3362 2792 3644
11913 4 2 1 1 2776 3797 2241 4087
11914 4 2 1 1 2792 3362 3011 3644
11915 4 2 1 1 2329 2929 2813 3292
11916 4 2 1 1 1224 1174 3594 3675
11917 4 2 1 1 2569 3469 1177 3951
11918 4 2 1 1 972 974 973 3580
11919 4 2 1 1 1594 1593 1592 3581
11920 4 2 1 1 352 354 353 3582
11921 4 2 1 1 2599 3412 2817 3632
11922 4 2 1 1 2573 3204 2747 3887
11923 4 2 1 1 874 3386 1050 1015
11924 4 2 1 1 653 4555 810 817
11925 4 2 1 1 1635 2982 1670 3388
11926 4 2 1 1 2082 2751 2504 4114
11927 4 2 1 1 2081 2750 2505 4115
11928 4 2 1 1 2083 2749 2503 3306
11929 4 2 1 1 1598 1597 3233 3856
11930 4 2 1 1 2155 3135 2879 3486
11931 4 2 1 1 3827 3396 2931 4187
11932 4 2 1 1 3309 3503 2207 3552
11933 4 2 1 1 2791 2393 3144 3943
11934 4 2 1 1 2069 2829 2546 4076
11935 4 2 1 1 1195 1168 3373 4277
11936 4 2 1 1 1588 3818 1590 4146
11937 4 2 1 1 348 3817 350 4147
11938 4 2 1 1 968 3816 970 4145
11939 4 2 1 1 2277 3293 3697 3762
11940 4 2 1 1 2007 159 158 4426
11941 4 2 1 1 1745 4463 3651 3623
11942 4 2 1 1 1125 4464 3652 3624
11943 4 2 1 1 3650 4465 340 4156
11944 4 2 1 1 2511 2277 3208 3170
11945 4 2 1 1 4463 1256 1378 4154
11946 4 2 1 1 4464 636 758 4155
11947 4 2 1 1 158 2007 4426 1762
11948 4 2 1 1 2254 3005 2647 4096
11949 4 2 1 1 1227 1218 1229 3505
11950 4 2 1 1 4535 1418 1392 2943
11951 4 2 1 1 4522 798 2944 4546
11952 4 2 1 1 4536 2038 2012 2945
11953 4 2 1 1 2965 3053 2540 3837
11954 4 2 1 1 2964 3055 2539 3836
11955 4 2 1 1 2966 3054 2541 3838
11956 4 2 1 1 2155 3658 2894 3949
11957 4 2 1 1 2937 3003 2210 3594
11958 4 2 1 1 4029 2205 3147 2698
11959 4 2 1 1 2522 2190 3399 2171
11960 4 2 1 1 1635 2982 1494 1670
11961 4 2 1 1 616 2922 603 623
11962 4 2 1 1 2901 1103 3355 1013
11963 4 2 1 1 2226 3277 3395 3574
11964 4 2 1 1 4258 2049 1925 1924
11965 4 2 1 1 357 483 475 3726
11966 4 2 1 1 1597 1723 1715 3724
11967 4 2 1 1 1103 1095 977 3725
11968 4 2 1 1 1071 4401 837 2827
11969 4 2 1 1 1677 1457 1691 4222
11970 4 2 1 1 437 217 451 4220
11971 4 2 1 1 1236 2921 1223 1243
11972 4 2 1 1 456 366 362 3840
11973 4 2 1 1 3024 3550 2713 2456
11974 4 2 1 1 2840 3467 2562 3762
11975 4 2 1 1 2255 2841 3442 3857
11976 4 2 1 1 1231 1220 1326 3354
11977 4 2 1 1 492 451 217 2826
11978 4 2 1 1 1457 1732 1691 2828
11979 4 2 1 1 1112 1071 837 2827
11980 4 2 1 1 2792 3558 3848 3393
11981 4 2 1 1 2499 2511 2370 3614
11982 4 2 1 1 1856 2919 1843 1863
11983 4 2 1 1 2310 3869 2678 4051
11984 4 2 1 1 2984 3583 2119 4002
11985 4 2 1 1 657 536 3016 3858
11986 4 2 1 1 2611 2193 3147 2955
11987 4 2 1 1 2172 3317 3023 3537
11988 4 2 1 1 4344 1203 3541 1312
11989 4 2 1 1 1313 1384 3524 3630
11990 4 2 1 1 3196 3907 2785 2195
11991 4 2 1 1 3195 3906 2784 2194
11992 4 2 1 1 3194 3905 2783 2196
11993 4 2 1 1 1250 3878 2823 3935
11994 4 2 1 1 2089 3747 2675 3750
11995 4 2 1 1 2335 2769 3132 2578
11996 4 2 1 1 3131 4065 2333 2136
11997 4 2 1 1 2632 3246 2768 3937
11998 4 2 1 1 485 364 358 3854
11999 4 2 1 1 656 3525 2918 4144
12000 4 2 1 1 1896 3526 2916 4143
12001 4 2 1 1 4161 2795 2350 4011
12002 4 2 1 1 1580 1743 1569 3651
12003 4 2 1 1 430 3387 254 2981
12004 4 2 1 1 2817 3412 2383 4130
12005 4 2 1 1 492 451 2826 4342
12006 4 2 1 1 1112 1071 2827 4341
12007 4 2 1 1 1732 1691 2828 4340
12008 4 2 1 1 2779 3421 2692 3735
12009 4 2 1 1 1956 1969 1968 2915
12010 4 2 1 1 403 3019 2489 3463
12011 4 2 1 1 863 3464 3021 3971
12012 4 2 1 1 1483 3462 3020 3970
12013 4 2 1 1 2666 2223 3221 3877
12014 4 2 1 1 2116 3097 2807 3708
12015 4 2 1 1 2228 3870 2898 3918
12016 4 2 1 1 2624 2078 3278 3788
12017 4 2 1 1 2182 3182 3164 3729
12018 4 2 1 1 3075 3902 2542 4374
12019 4 2 1 1 2388 3483 2893 4190
12020 4 2 1 1 2181 2728 2526 4315
12021 4 2 1 1 1738 3811 2639 4211
12022 4 2 1 1 2669 2299 2396 3164
12023 4 2 1 1 2240 2777 3172 3851
12024 4 2 1 1 2266 2605 3229 4360
12025 4 2 1 1 2264 2606 3228 4356
12026 4 2 1 1 2265 2607 3227 4353
12027 4 2 1 1 2410 2725 2092 3418
12028 4 2 1 1 2411 2726 2093 3419
12029 4 2 1 1 2412 2727 2094 3420
12030 4 2 1 1 908 2897 1018 3641
12031 4 2 1 1 2469 3494 2566 3871
12032 4 2 1 1 2701 3798 3081 4188
12033 4 2 1 1 2007 159 4426 4143
12034 4 2 1 1 2073 3694 2708 4257
12035 4 2 1 1 1384 3524 2614 3999
12036 4 2 1 1 4167 2796 2351 4012
12037 4 2 1 1 3160 3584 2150 2630
12038 4 2 1 1 3003 3123 2307 3674
12039 4 2 1 1 2391 3123 3003 3674
12040 4 2 1 1 3915 2251 2610 3723
12041 4 2 1 1 4426 2010 1762 2007
12042 4 2 1 1 1851 2662 1840 3960
12043 4 2 1 1 611 2661 600 3957
12044 4 2 1 1 3056 4207 2554 4247
12045 4 2 1 1 4314 2741 3674 2307
12046 4 2 1 1 2209 2633 3197 4094
12047 4 2 1 1 1438 2824 3472 3475
12048 4 2 1 1 3002 4230 3397 4252
12049 4 2 1 1 2755 3519 2298 4090
12050 4 2 1 1 1509 1664 1508 2976
12051 4 2 1 1 889 1044 888 2977
12052 4 2 1 1 268 269 424 2978
12053 4 2 1 1 2149 3654 3048 4094
12054 4 2 1 1 2210 3540 2914 4044
12055 4 2 1 1 3738 4122 4327 2266
12056 4 2 1 1 3741 4124 4329 2264
12057 4 2 1 1 3742 4123 4328 2265
12058 4 2 1 1 960 1123 949 3652
12059 4 2 1 1 673 3180 744 3426
12060 4 2 1 1 2247 4065 3713 2077
12061 4 2 1 1 2211 3245 2787 3942
12062 4 2 1 1 4029 3147 2611 2193
12063 4 2 1 1 2759 3278 2078 3788
12064 4 2 1 1 2547 3210 2290 3874
12065 4 2 1 1 2429 3870 3131 4035
12066 4 2 1 1 2554 4207 3280 4247
12067 4 2 1 1 2333 3713 3116 4065
12068 4 2 1 1 2189 3352 2612 3808
12069 4 2 1 1 2314 3346 3179 2073
12070 4 2 1 1 2326 4006 2982 2220
12071 4 2 1 1 2900 3092 2180 4213
12072 4 2 1 1 2333 3116 2662 4065
12073 4 2 1 1 2335 3117 2661 3353
12074 4 2 1 1 2708 3291 2188 3694
12075 4 2 1 1 3993 4266 266 3078
12076 4 2 1 1 1028 4267 3080 3995
12077 4 2 1 1 2307 3003 3674 4314
12078 4 2 1 1 2247 3536 2077 3713
12079 4 2 1 1 1528 2899 1638 3642
12080 4 2 1 1 1874 4426 2010 2500
12081 4 2 1 1 2083 2719 3319 3306
12082 4 2 1 1 2082 2717 3320 4114
12083 4 2 1 1 2081 2718 3321 4115
12084 4 2 1 1 3993 266 4266 407
12085 4 2 1 1 1028 4267 3995 1027
12086 4 2 1 1 2564 2289 3655 2583
12087 4 2 1 1 262 3095 3749 4393
12088 4 2 1 1 2318 2631 3384 4247
12089 4 2 1 1 1120 4519 4437 2849
12090 4 2 1 1 585 601 594 3671
12091 4 2 1 1 1950 3084 1954 3731
12092 4 2 1 1 2250 3542 2591 3938
12093 4 2 1 1 254 3387 430 395
12094 4 2 1 1 2924 1798 1806 2814
12095 4 2 1 1 1806 2814 1798 1799
12096 4 2 1 1 1740 4520 4438 2850
12097 4 2 1 1 3975 2357 2730 4137
12098 4 2 1 1 2284 3602 3344 3710
12099 4 2 1 1 2919 3130 2440 3152
12100 4 2 1 1 3132 2176 4263 2431
12101 4 2 1 1 572 3494 2927 4318
12102 4 2 1 1 2139 2846 3680 2548
12103 4 2 1 1 2921 3129 2439 3151
12104 4 2 1 1 2768 2632 3937 4254
12105 4 2 1 1 2278 3403 2787 4332
12106 4 2 1 1 2550 3744 3527 2273
12107 4 2 1 1 3432 4238 3327 2272
12108 4 2 1 1 2922 3128 2438 3150
12109 4 2 1 1 544 3032 545 3638
12110 4 2 1 1 2256 3055 3036 4300
12111 4 2 1 1 2257 3053 3037 4301
12112 4 2 1 1 2258 3054 3038 4302
12113 4 2 1 1 2332 3731 3084 3988
12114 4 2 1 1 650 813 94 4467
12115 4 2 1 1 3020 3962 3898 4280
12116 4 2 1 1 2332 3232 2665 3600
12117 4 2 1 1 3208 2283 2277 3762
12118 4 2 1 1 2317 3899 3021 4279
12119 4 2 1 1 950 2810 949 939
12120 4 2 1 1 1570 2809 1569 1559
12121 4 2 1 1 330 2808 329 319
12122 4 2 1 1 2315 2812 4109 4346
12123 4 2 1 1 2536 2325 3821 4039
12124 4 2 1 1 2538 2327 3822 4040
12125 4 2 1 1 2347 2640 3740 3853
12126 4 2 1 1 4425 171 172 1454
12127 4 2 1 1 2676 2398 3493 4354
12128 4 2 1 1 2237 3349 2928 3372
12129 4 2 1 1 2255 3031 2841 3515
12130 4 2 1 1 4442 753 4524 3484
12131 4 2 1 1 1579 2798 3862 4340
12132 4 2 1 1 959 2799 3861 4341
12133 4 2 1 1 339 2797 3860 4342
12134 4 2 1 1 2458 4089 2917 2199
12135 4 2 1 1 172 1679 4425 1454
12136 4 2 1 1 2603 3435 2830 4127
12137 4 2 1 1 2294 2762 3042 3956
12138 4 2 1 1 2314 3773 3179 2118
12139 4 2 1 1 3100 3466 2184 3913
12140 4 2 1 1 262 3749 3095 3842
12141 4 2 1 1 1454 4425 171 1683
12142 4 2 1 1 2552 2880 3912 3995
12143 4 2 1 1 2334 2695 3434 3698
12144 4 2 1 1 1879 1869 1870 2621
12145 4 2 1 1 3101 3318 583 4165
12146 4 2 1 1 2372 2897 3833 4268
12147 4 2 1 1 377 2644 3840 3884
12148 4 2 1 1 854 852 902 3458
12149 4 2 1 1 1522 1474 1472 3459
12150 4 2 1 1 282 234 232 3460
12151 4 2 1 1 3762 2760 2283 2277
12152 4 2 1 1 2390 2631 3384 3887
12153 4 2 1 1 2319 3962 3020 4280
12154 4 2 1 1 2317 3899 4279 3091
12155 4 2 1 1 633 655 3733 3025
12156 4 2 1 1 1275 3732 1253 3026
12157 4 2 1 1 1895 3734 1873 3027
12158 4 2 1 1 2680 2068 3621 3144
12159 4 2 1 1 1212 1164 2851 3630
12160 4 2 1 1 2182 3164 2890 4377
12161 4 2 1 1 2419 3110 2722 3823
12162 4 2 1 1 364 2900 3357 3854
12163 4 2 1 1 1291 3989 1401 4274
12164 4 2 1 1 1868 1834 1841 2834
12165 4 2 1 1 2736 3487 2526 3504
12166 4 2 1 1 2661 3525 2502 3714
12167 4 2 1 1 2662 3526 2500 3716
12168 4 2 1 1 3126 3164 2182 4377
12169 4 2 1 1 2416 3519 2755 4090
12170 4 2 1 1 4136 3375 3108 2342
12171 4 2 1 1 2910 3008 2588 3845
12172 4 2 1 1 2077 2576 3536 3918
12173 4 2 1 1 3364 4314 2569 2307
12174 4 2 1 1 1976 2814 2733 4186
12175 4 2 1 1 1945 1942 3535 2734
12176 4 2 1 1 3356 1478 3923 2995
12177 4 2 1 1 4269 2289 2564 4036
12178 4 2 1 1 4425 2641 1454 4329
12179 4 2 1 1 2259 2383 2515 2085
12180 4 2 1 1 304 410 401 3143
12181 4 2 1 1 2088 3223 2860 2375
12182 4 2 1 1 2161 3240 2895 4073
12183 4 2 1 1 853 2948 855 4049
12184 4 2 1 1 235 233 2949 4047
12185 4 2 1 1 1473 2950 1475 4048
12186 4 2 1 1 2403 3246 2632 3559
12187 4 2 1 1 3223 3436 2527 4332
12188 4 2 1 1 1673 1672 1717 2837
12189 4 2 1 1 468 2748 345 3875
12190 4 2 1 1 4136 3375 2342 4050
12191 4 2 1 1 1556 1563 1585 2866
12192 4 2 1 1 1052 1097 1053 2838
12193 4 2 1 1 2781 2183 3465 3849
12194 4 2 1 1 642 3022 622 3961
12195 4 2 1 1 2710 2342 3065 4117
12196 4 2 1 1 4118 2343 3066 2302
12197 4 2 1 1 2790 3747 2089 3750
12198 4 2 1 1 2399 3747 2790 3750
12199 4 2 1 1 684 686 3468 811
12200 4 2 1 1 4026 2974 3823 2281
12201 4 2 1 1 2126 3203 2521 4197
12202 4 2 1 1 3050 4103 1517 4193
12203 4 2 1 1 3928 3958 4218 460
12204 4 2 1 1 2302 2672 3066 4118
12205 4 2 1 1 2301 2671 3065 4117
12206 4 2 1 1 1438 4441 3475 1373
12207 4 2 1 1 704 613 3473 4397
12208 4 2 1 1 2668 3222 2467 3961
12209 4 2 1 1 3356 3923 1478 1505
12210 4 2 1 1 1322 2645 1321 4282
12211 4 2 1 1 1649 2560 3611 3888
12212 4 2 1 1 1029 2559 3610 3892
12213 4 2 1 1 2368 4028 3288 2463
12214 4 2 1 1 3467 4352 2566 3871
12215 4 2 1 1 2255 3515 2841 3857
12216 4 2 1 1 3874 3550 2547 3024
12217 4 2 1 1 2466 3772 3283 2150
12218 4 2 1 1 2569 3607 2937 4314
12219 4 2 1 1 2267 2861 2836 4375
12220 4 2 1 1 1810 1804 1980 4098
12221 4 2 1 1 570 564 740 4097
12222 4 2 1 1 1776 3017 1897 3876
12223 4 2 1 1 3288 3707 2368 2463
12224 4 2 1 1 664 3030 666 3180
12225 4 2 1 1 3048 4094 4391 2149
12226 4 2 1 1 2348 3737 3630 3877
12227 4 2 1 1 1891 2705 1881 1760
12228 4 2 1 1 2071 2780 2987 4137
12229 4 2 1 1 2357 2987 2780 4137
12230 4 2 1 1 2477 4164 2433 4166
12231 4 2 1 1 2628 3459 2187 3756
12232 4 2 1 1 2629 3460 2186 3757
12233 4 2 1 1 2627 3458 2185 3755
12234 4 2 1 1 1811 1829 1968 2915
12235 4 2 1 1 2479 3085 3590 3869
12236 4 2 1 1 2831 3339 2284 3366
12237 4 2 1 1 824 4470 4458 161
12238 4 2 1 1 204 4462 4490 49
12239 4 2 1 1 4469 1441 2918 1734
12240 4 2 1 1 2276 3207 2774 3368
12241 4 2 1 1 3635 1197 1321 3202
12242 4 2 1 1 2178 3963 2575 4214
12243 4 2 1 1 971 2905 972 3580
12244 4 2 1 1 1591 2904 1592 3581
12245 4 2 1 1 352 351 2903 3582
12246 4 2 1 1 2451 4301 2629 3510
12247 4 2 1 1 2452 4300 2628 3509
12248 4 2 1 1 2450 4302 2627 3508
12249 4 2 1 1 2277 3697 2511 3208
12250 4 2 1 1 1250 1249 1221 3878
12251 4 2 1 1 2506 3037 3040 2159
12252 4 2 1 1 2507 3036 3039 2160
12253 4 2 1 1 2508 3038 3041 2158
12254 4 2 1 1 2097 2760 2858 4352
12255 4 2 1 1 3929 3974 4217 1700
12256 4 2 1 1 1186 2765 3866 4022
12257 4 2 1 1 2230 2653 3367 3631
12258 4 2 1 1 2388 3137 4037 3483
12259 4 2 1 1 3131 2175 2587 2429
12260 4 2 1 1 2139 2806 3107 2548
12261 4 2 1 1 3635 1321 1197 1165
12262 4 2 1 1 2530 3136 2932 3659
12263 4 2 1 1 4315 3901 2424 2728
12264 4 2 1 1 2179 3962 2574 4078
12265 4 2 1 1 2200 3525 3714 3786
12266 4 2 1 1 2198 3526 3716 3785
12267 4 2 1 1 550 703 548 3316
12268 4 2 1 1 4315 2424 3901 3121
12269 4 2 1 1 3302 3628 991 3073
12270 4 2 1 1 1679 4425 1454 4329
12271 4 2 1 1 2267 2666 3221 3308
12272 4 2 1 1 2237 3148 2623 3372
12273 4 2 1 1 3302 991 3628 992
12274 4 2 1 1 2393 3621 3144 3943
12275 4 2 1 1 2911 3535 1942 2734
12276 4 2 1 1 3002 2712 4230 4252
12277 4 2 1 1 3112 3171 2791 3943
12278 4 2 1 1 2570 2985 3514 3767
12279 4 2 1 1 2702 3927 3527 3991
12280 4 2 1 1 742 2572 792 4379
12281 4 2 1 1 1086 2935 3507 4183
12282 4 2 1 1 3772 2365 2685 3497
12283 4 2 1 1 2209 4094 3689 4184
12284 4 2 1 1 3610 3091 876 4370
12285 4 2 1 1 2477 3771 3262 2118
12286 4 2 1 1 2139 3664 2635 4039
12287 4 2 1 1 2141 3665 2636 4040
12288 4 2 1 1 2180 2573 3887 4079
12289 4 2 1 1 2515 2879 3486 3949
12290 4 2 1 1 2449 3410 2732 3828
12291 4 2 1 1 2109 3647 3313 4129
12292 4 2 1 1 2061 2999 2345 3566
12293 4 2 1 1 3956 3588 3367 2064
12294 4 2 1 1 3610 876 3091 869
12295 4 2 1 1 2280 3114 2699 3491
12296 4 2 1 1 1454 4425 1683 2641
12297 4 2 1 1 3767 3735 3586 2563
12298 4 2 1 1 2116 2219 3031 3708
12299 4 2 1 1 76 75 833 4424
12300 4 2 1 1 2396 3420 3035 3911
12301 4 2 1 1 2335 2578 3699 3353
12302 4 2 1 1 4182 1104 948 2668
12303 4 2 1 1 2954 3125 2818 4330
12304 4 2 1 1 2324 2969 3571 4050
12305 4 2 1 1 833 1059 76 4424
12306 4 2 1 1 1051 3189 3386 4007
12307 4 2 1 1 431 3187 3387 4005
12308 4 2 1 1 3188 3388 1671 4006
12309 4 2 1 1 2293 2717 3046 4070
12310 4 2 1 1 2294 2718 3047 4071
12311 4 2 1 1 2295 2719 3045 4072
12312 4 2 1 1 2322 3398 3066 3572
12313 4 2 1 1 1032 938 904 3796
12314 4 2 1 1 1524 1652 1558 3795
12315 4 2 1 1 284 412 318 3794
12316 4 2 1 1 1261 2667 1141 4107
12317 4 2 1 1 2509 2404 3334 3495
12318 4 2 1 1 1862 1882 3033 4063
12319 4 2 1 1 2168 3352 2675 3793
12320 4 2 1 1 428 412 410 3143
12321 4 2 1 1 2280 3242 2821 3665
12322 4 2 1 1 2475 3890 2971 4321
12323 4 2 1 1 2639 3070 3811 2455
12324 4 2 1 1 3288 3707 2463 4031
12325 4 2 1 1 2240 2901 3851 4170
12326 4 2 1 1 2360 3023 3317 3537
12327 4 2 1 1 4182 948 1104 1000
12328 4 2 1 1 2251 3311 2516 2398
12329 4 2 1 1 2527 3436 3223 4202
12330 4 2 1 1 2975 2289 2564 2583
12331 4 2 1 1 2948 2185 2627 3458
12332 4 2 1 1 2950 2187 2628 3459
12333 4 2 1 1 2949 2186 2629 3460
12334 4 2 1 1 2358 2986 2781 2723
12335 4 2 1 1 2072 2781 2986 2723
12336 4 2 1 1 2042 2001 1957 3761
12337 4 2 1 1 3928 3958 3680 4218
12338 4 2 1 1 2108 3314 3288 4031
12339 4 2 1 1 997 2638 3812 3865
12340 4 2 1 1 1346 4507 1135 1393
12341 4 2 1 1 726 4517 2904 522
12342 4 2 1 1 3019 3069 2202 4289
12343 4 2 1 1 1973 4485 2905 1762
12344 4 2 1 1 1617 2639 3811 3863
12345 4 2 1 1 3288 3843 2987 4137
12346 4 2 1 1 1822 2924 1812 3185
12347 4 2 1 1 1178 2765 3675 3866
12348 4 2 1 1 2071 4117 2710 2987
12349 4 2 1 1 2631 2104 3384 4247
12350 4 2 1 1 2122 2597 3540 4298
12351 4 2 1 1 2076 3377 3072 2584
12352 4 2 1 1 2069 2590 3115 3170
12353 4 2 1 1 3329 3869 2970 4051
12354 4 2 1 1 2456 3155 2309 3157
12355 4 2 1 1 334 333 335 3449
12356 4 2 1 1 954 953 955 3450
12357 4 2 1 1 1574 1573 1575 3451
12358 4 2 1 1 75 833 4424 1063
12359 4 2 1 1 4181 1724 1568 2667
12360 4 2 1 1 2211 2572 3256 4162
12361 4 2 1 1 1357 1262 1335 3220
12362 4 2 1 1 2202 3069 2962 3398
12363 4 2 1 1 556 4001 2972 4276
12364 4 2 1 1 1030 1048 1032 3145
12365 4 2 1 1 1650 1668 1652 3146
12366 4 2 1 1 2157 2558 4080 2955
12367 4 2 1 1 2570 3331 2169 3337
12368 4 2 1 1 580 2428 3366 729
12369 4 2 1 1 4424 2642 833 4328
12370 4 2 1 1 861 3021 863 3792
12371 4 2 1 1 1483 1481 3020 3790
12372 4 2 1 1 243 241 3019 3791
12373 4 2 1 1 2205 2611 4003 4308
12374 4 2 1 1 2811 2925 2330 4388
12375 4 2 1 1 2084 2818 3005 3640
12376 4 2 1 1 418 2846 289 4104
12377 4 2 1 1 1529 1658 2847 4103
12378 4 2 1 1 1038 2848 909 4102
12379 4 2 1 1 1837 1932 1823 2819
12380 4 2 1 1 1970 3023 1826 4169
12381 4 2 1 1 2781 3200 2398 4214
12382 4 2 1 1 657 536 538 3016
12383 4 2 1 1 1816 3368 2774 3973
12384 4 2 1 1 562 2737 3350 4276
12385 4 2 1 1 2310 2970 3869 4051
12386 4 2 1 1 1287 3244 1288 3615
12387 4 2 1 1 3564 2433 2308 4090
12388 4 2 1 1 445 219 227 4372
12389 4 2 1 1 1458 1467 1685 4373
12390 4 2 1 1 847 1065 838 4371
12391 4 2 1 1 2564 2514 2102 4036
12392 4 2 1 1 1235 1237 1337 3358
12393 4 2 1 1 4181 1568 1724 1620
12394 4 2 1 1 3929 3974 3681 4217
12395 4 2 1 1 2675 3352 2227 3793
12396 4 2 1 1 316 296 317 3007
12397 4 2 1 1 2474 2590 3329 3783
12398 4 2 1 1 1601 3863 3811 4125
12399 4 2 1 1 2741 2115 3674 4281
12400 4 2 1 1 3023 2360 4169 4297
12401 4 2 1 1 622 621 641 3961
12402 4 2 1 1 2323 3237 2986 4129
12403 4 2 1 1 2589 3866 2973 3895
12404 4 2 1 1 998 3812 4121 3865
12405 4 2 1 1 2087 3590 3085 3869
12406 4 2 1 1 3190 3387 2657 3940
12407 4 2 1 1 3191 3388 2658 3941
12408 4 2 1 1 3192 3386 2656 3939
12409 4 2 1 1 2739 3014 2976 2217
12410 4 2 1 1 2740 3015 2977 2216
12411 4 2 1 1 2738 3013 2978 2218
12412 4 2 1 1 546 544 545 3638
12413 4 2 1 1 1853 3480 1944 4394
12414 4 2 1 1 2282 3103 2692 3664
12415 4 2 1 1 2130 2574 3323 3631
12416 4 2 1 1 2758 3256 2211 4095
12417 4 2 1 1 527 802 777 3186
12418 4 2 1 1 1283 2923 1281 3524
12419 4 2 1 1 2795 3402 2197 3430
12420 4 2 1 1 1193 1192 1187 3541
12421 4 2 1 1 640 639 650 2497
12422 4 2 1 1 2730 2482 3932 3404
12423 4 2 1 1 434 3784 2917 4089
12424 4 2 1 1 4076 2457 2829 2546
12425 4 2 1 1 2831 3366 2284 3671
12426 4 2 1 1 1760 2705 1892 3695
12427 4 2 1 1 3474 4058 3284 4088
12428 4 2 1 1 3611 3090 1496 4369
12429 4 2 1 1 3611 1496 3090 1489
12430 4 2 1 1 2987 4052 3314 3466
12431 4 2 1 1 2107 3306 3648 4264
12432 4 2 1 1 3245 680 4095 4379
12433 4 2 1 1 3530 3562 2315 3878
12434 4 2 1 1 4424 833 1059 4328
12435 4 2 1 1 2034 2816 1893 4399
12436 4 2 1 1 2180 3004 2900 4213
12437 4 2 1 1 1063 833 4424 2642
12438 4 2 1 1 1359 1340 2724 1215
12439 4 2 1 1 3250 3454 1016 4139
12440 4 2 1 1 1636 3248 3453 4141
12441 4 2 1 1 3249 3452 396 4140
12442 4 2 1 1 4423 28 27 1766
12443 4 2 1 1 1161 3739 2754 4338
12444 4 2 1 1 2122 3394 2960 3857
12445 4 2 1 1 563 568 569 3350
12446 4 2 1 1 3854 4174 3726 2306
12447 4 2 1 1 3991 3507 2991 2273
12448 4 2 1 1 2917 3784 434 4091
12449 4 2 1 1 1170 3373 1168 4205
12450 4 2 1 1 3201 4078 2397 4239
12451 4 2 1 1 2815 2425 2384 4152
12452 4 2 1 1 2145 2939 3574 4231
12453 4 2 1 1 812 4444 3468 748
12454 4 2 1 1 384 389 385 3568
12455 4 2 1 1 1629 1625 1624 3567
12456 4 2 1 1 1009 1005 1004 3569
12457 4 2 1 1 629 3049 3661 4225
12458 4 2 1 1 2221 3387 3190 3940
12459 4 2 1 1 2220 3388 3191 3941
12460 4 2 1 1 2222 3386 3192 3939
12461 4 2 1 1 2923 2621 3660 3722
12462 4 2 1 1 615 617 717 3363
12463 4 2 1 1 506 4541 216 440
12464 4 2 1 1 2255 4106 2802 2867
12465 4 2 1 1 2121 3011 2792 3362
12466 4 2 1 1 3314 4052 2987 2203
12467 4 2 1 1 1903 2019 1905 3365
12468 4 2 1 1 2318 3280 4207 4247
12469 4 2 1 1 2837 2865 2268 3858
12470 4 2 1 1 1766 4530 4327 4423
12471 4 2 1 1 2298 2755 2998 4210
12472 4 2 1 1 4423 4518 443 2643
12473 4 2 1 1 2986 4053 3313 3465
12474 4 2 1 1 3313 4053 2986 2204
12475 4 2 1 1 691 2824 3475 3858
12476 4 2 1 1 2272 2703 3385 3958
12477 4 2 1 1 4423 1766 2643 4327
12478 4 2 1 1 4530 213 4423 28
12479 4 2 1 1 4423 4518 27 443
12480 4 2 1 1 3058 3986 2976 2159
12481 4 2 1 1 3059 3987 2977 2160
12482 4 2 1 1 3060 3985 2978 2158
12483 4 2 1 1 2310 4051 2678 4224
12484 4 2 1 1 1832 2019 2004 3901
12485 4 2 1 1 2669 2396 2133 2484
12486 4 2 1 1 1455 1706 1585 2756
12487 4 2 1 1 2584 3489 3246 4199
12488 4 2 1 1 2960 3440 2659 3802
12489 4 2 1 1 3564 2308 2433 4064
12490 4 2 1 1 943 2988 965 936
12491 4 2 1 1 1051 3386 1050 4007
12492 4 2 1 1 1670 1671 3388 4006
12493 4 2 1 1 431 3387 430 4005
12494 4 2 1 1 2709 2998 2529 3730
12495 4 2 1 1 2364 2864 3389 3808
12496 4 2 1 1 3194 3905 2744 4259
12497 4 2 1 1 3196 3907 2743 4260
12498 4 2 1 1 3195 3906 2742 4261
12499 4 2 1 1 4269 2564 2289 3655
12500 4 2 1 1 2267 3235 3093 3308
12501 4 2 1 1 2247 4065 2077 2581
12502 4 2 1 1 2287 3158 2688 4167
12503 4 2 1 1 905 1032 904 2891
12504 4 2 1 1 285 412 284 2890
12505 4 2 1 1 1652 1524 1525 2889
12506 4 2 1 1 363 354 352 4200
12507 4 2 1 1 787 530 742 3531
12508 4 2 1 1 2333 2576 3713 4065
12509 4 2 1 1 1323 1406 1294 4022
12510 4 2 1 1 2300 3319 2610 4307
12511 4 2 1 1 298 280 292 3598
12512 4 2 1 1 1538 1520 1532 3597
12513 4 2 1 1 918 900 912 3596
12514 4 2 1 1 1480 1479 2995 3898
12515 4 2 1 1 239 2994 240 3900
12516 4 2 1 1 859 2996 860 3899
12517 4 2 1 1 2434 2702 3813 4241
12518 4 2 1 1 2436 2704 3815 4243
12519 4 2 1 1 3928 4242 2703 3814
12520 4 2 1 1 3794 398 412 318
12521 4 2 1 1 2311 2871 4094 4202
12522 4 2 1 1 476 2900 364 4393
12523 4 2 1 1 2466 3283 2803 2150
12524 4 2 1 1 2334 3698 3434 3937
12525 4 2 1 1 3000 3872 2405 4027
12526 4 2 1 1 2838 2868 2269 3876
12527 4 2 1 1 2318 2489 3280 4275
12528 4 2 1 1 3346 2101 3203 3931
12529 4 2 1 1 782 4477 517 3668
12530 4 2 1 1 2209 2860 3689 4094
12531 4 2 1 1 3409 3142 3492 2736
12532 4 2 1 1 3074 3214 2707 3471
12533 4 2 1 1 2110 3214 3074 3471
12534 4 2 1 1 2417 3109 2721 3882
12535 4 2 1 1 1096 2901 984 4370
12536 4 2 1 1 1716 2902 1604 4369
12537 4 2 1 1 2637 3125 3978 2954
12538 4 2 1 1 2288 2101 3203 3969
12539 4 2 1 1 215 345 468 2748
12540 4 2 1 1 2357 3404 3064 3913
12541 4 2 1 1 2626 2132 3666 4054
12542 4 2 1 1 3267 3849 2358 2383
12543 4 2 1 1 1276 3354 2917 4091
12544 4 2 1 1 3542 4153 2843 4336
12545 4 2 1 1 2286 3154 2687 4161
12546 4 2 1 1 787 743 784 4443
12547 4 2 1 1 3417 3744 1040 2443
12548 4 2 1 1 601 629 3049 3661
12549 4 2 1 1 87 86 1058 3612
12550 4 2 1 1 2826 3224 846 4371
12551 4 2 1 1 2827 3226 1466 4373
12552 4 2 1 1 2828 3225 226 4372
12553 4 2 1 1 855 3944 857 4049
12554 4 2 1 1 2939 3968 2329 3990
12555 4 2 1 1 1230 1158 3161 3575
12556 4 2 1 1 2638 3998 1936 4351
12557 4 2 1 1 2240 3851 3172 4170
12558 4 2 1 1 2129 3378 2913 3830
12559 4 2 1 1 3031 3068 2571 4092
12560 4 2 1 1 2061 3780 2308 4197
12561 4 2 1 1 2081 3195 2784 2194
12562 4 2 1 1 2082 3196 2785 2195
12563 4 2 1 1 2083 3194 2783 2196
12564 4 2 1 1 709 713 2909 4001
12565 4 2 1 1 2933 3441 2673 3910
12566 4 2 1 1 689 3012 2835 3896
12567 4 2 1 1 2245 3559 3246 4199
12568 4 2 1 1 3035 3041 2519 3420
12569 4 2 1 1 584 583 574 3318
12570 4 2 1 1 2790 3251 2223 3537
12571 4 2 1 1 2407 3583 2984 4002
12572 4 2 1 1 1192 1202 1186 3496
12573 4 2 1 1 1040 3744 3417 916
12574 4 2 1 1 666 3180 3030 3850
12575 4 2 1 1 2315 4109 3584 4346
12576 4 2 1 1 3369 3448 2123 4212
12577 4 2 1 1 2192 2967 3214 4192
12578 4 2 1 1 3760 4162 2572 4332
12579 4 2 1 1 2575 2072 2251 2398
12580 4 2 1 1 1970 4169 1974 4297
12581 4 2 1 1 3912 3401 2552 3995
12582 4 2 1 1 86 839 1058 3612
12583 4 2 1 1 1281 2923 3104 3524
12584 4 2 1 1 2300 2673 3605 3910
12585 4 2 1 1 1189 2946 1198 4363
12586 4 2 1 1 3586 3514 2392 3767
12587 4 2 1 1 1343 1334 1264 3238
12588 4 2 1 1 1674 3786 2918 4125
12589 4 2 1 1 2718 3047 4071 4261
12590 4 2 1 1 2717 3046 4070 4260
12591 4 2 1 1 2719 3045 4072 4259
12592 4 2 1 1 1054 3785 2916 4121
12593 4 2 1 1 2322 3312 3122 3398
12594 4 2 1 1 1075 933 1042 4382
12595 4 2 1 1 2212 2567 3505 4019
12596 4 2 1 1 2151 2579 3339 4057
12597 4 2 1 1 3663 3735 2392 3767
12598 4 2 1 1 2357 2780 2730 4137
12599 4 2 1 1 2071 2710 3843 2987
12600 4 2 1 1 1704 1661 1733 3528
12601 4 2 1 1 2309 3155 2456 4269
12602 4 2 1 1 2083 2636 3089 2196
12603 4 2 1 1 2082 2635 3088 2195
12604 4 2 1 1 3195 2634 2194 2081
12605 4 2 1 1 3191 4305 3719 2658
12606 4 2 1 1 3190 4304 3720 2657
12607 4 2 1 1 3192 4303 3834 2656
12608 4 2 1 1 3495 3543 2404 3824
12609 4 2 1 1 2087 2791 3171 3943
12610 4 2 1 1 1776 1778 1897 3017
12611 4 2 1 1 3612 4537 87 533
12612 4 2 1 1 1678 183 182 3637
12613 4 2 1 1 2957 4011 2350 4226
12614 4 2 1 1 1415 1294 1202 4022
12615 4 2 1 1 2090 3395 3885 4237
12616 4 2 1 1 2524 3214 2170 3074
12617 4 2 1 1 2318 3069 3019 4079
12618 4 2 1 1 314 289 418 2846
12619 4 2 1 1 1554 1529 1658 2847
12620 4 2 1 1 909 1038 934 2848
12621 4 2 1 1 2813 2929 2329 2660
12622 4 2 1 1 2122 2960 3442 3857
12623 4 2 1 1 1675 3226 1587 1466
12624 4 2 1 1 347 2242 3225 226
12625 4 2 1 1 1055 3224 967 846
12626 4 2 1 1 2197 3402 2897 3833
12627 4 2 1 1 2205 3328 2698 3481
12628 4 2 1 1 571 589 733 3776
12629 4 2 1 1 2609 4179 3692 4244
12630 4 2 1 1 4035 2874 3717 2592
12631 4 2 1 1 2138 2594 3718 4034
12632 4 2 1 1 2074 2841 3325 4092
12633 4 2 1 1 3637 182 1678 1459
12634 4 2 1 1 546 3316 575 3638
12635 4 2 1 1 924 1030 1021 3145
12636 4 2 1 1 1422 1397 1147 3184
12637 4 2 1 1 3672 4363 1214 3498
12638 4 2 1 1 2364 2864 3808 4024
12639 4 2 1 1 2341 3322 3048 4391
12640 4 2 1 1 1388 1398 1392 2943
12641 4 2 1 1 768 4456 772 2944
12642 4 2 1 1 4454 2008 2018 2908
12643 4 2 1 1 2915 2333 2175 4376
12644 4 2 1 1 1946 3478 3526 3960
12645 4 2 1 1 706 3479 3525 3957
12646 4 2 1 1 2840 3448 3179 2073
12647 4 2 1 1 3532 1544 1650 3146
12648 4 2 1 1 2436 2847 3248 3929
12649 4 2 1 1 2435 2846 3249 3928
12650 4 2 1 1 2434 2848 3250 3927
12651 4 2 1 1 2660 3888 3077 2105
12652 4 2 1 1 2479 3704 2834 3706
12653 4 2 1 1 205 455 490 2702
12654 4 2 1 1 1445 1695 1730 2703
12655 4 2 1 1 1110 832 1075 2704
12656 4 2 1 1 3867 4095 3942 2650
12657 4 2 1 1 2780 3201 2397 4239
12658 4 2 1 1 1848 2686 3370 3461
12659 4 2 1 1 2589 1179 3675 3866
12660 4 2 1 1 2207 3364 2735 2380
12661 4 2 1 1 3218 3554 2817 4317
12662 4 2 1 1 2125 2763 3920 3925
12663 4 2 1 1 1857 1956 1855 3368
12664 4 2 1 1 3637 2865 183 1152
12665 4 2 1 1 2170 3212 3979 4099
12666 4 2 1 1 1475 3923 1477 4048
12667 4 2 1 1 237 235 3924 4047
12668 4 2 1 1 2663 3892 3081 4077
12669 4 2 1 1 1879 3704 1880 1869
12670 4 2 1 1 1209 1353 1191 2931
12671 4 2 1 1 38 39 1987 3645
12672 4 2 1 1 2289 2975 3309 3997
12673 4 2 1 1 3011 3362 2297 3644
12674 4 2 1 1 2141 2553 3625 3979
12675 4 2 1 1 2986 3313 2204 3441
12676 4 2 1 1 2323 3313 2986 3441
12677 4 2 1 1 1361 3241 1360 1325
12678 4 2 1 1 2096 3018 2649 3134
12679 4 2 1 1 2959 4012 2351 4228
12680 4 2 1 1 709 553 713 4001
12681 4 2 1 1 1918 1916 1917 3294
12682 4 2 1 1 1604 1725 1512 3797
12683 4 2 1 1 892 984 1105 3798
12684 4 2 1 1 2269 3268 3215 3693
12685 4 2 1 1 4390 2170 2442 2548
12686 4 2 1 1 1751 1984 2693 3439
12687 4 2 1 1 3303 2801 1619 2958
12688 4 2 1 1 2203 2987 3163 4052
12689 4 2 1 1 2204 2986 3162 4053
12690 4 2 1 1 2197 2599 3402 3833
12691 4 2 1 1 2866 2303 3243 3432
12692 4 2 1 1 1834 2834 1953 3828
12693 4 2 1 1 3645 39 1987 1773
12694 4 2 1 1 2652 2608 2293 2063
12695 4 2 1 1 1303 3098 1428 4120
12696 4 2 1 1 3127 3267 2480 4130
12697 4 2 1 1 2475 3504 2971 3890
12698 4 2 1 1 3672 1214 4363 1200
12699 4 2 1 1 919 1018 908 2897
12700 4 2 1 1 3216 3551 2815 4319
12701 4 2 1 1 2724 3153 2238 3498
12702 4 2 1 1 364 485 272 3799
12703 4 2 1 1 2640 2347 3022 3853
12704 4 2 1 1 2151 3009 3658 3782
12705 4 2 1 1 465 2953 491 3260
12706 4 2 1 1 1085 2952 1111 3258
12707 4 2 1 1 1705 2951 1731 3259
12708 4 2 1 1 379 4119 2786 4380
12709 4 2 1 1 3645 4508 38 218
12710 4 2 1 1 881 875 1043 2523
12711 4 2 1 1 3827 1191 1209 1208
12712 4 2 1 1 1995 4545 1768 165
12713 4 2 1 1 2502 3714 3525 3786
12714 4 2 1 1 2500 3716 3526 3785
12715 4 2 1 1 488 4431 2878 4491
12716 4 2 1 1 488 224 4432 2878
12717 4 2 1 1 1108 844 4433 2878
12718 4 2 1 1 2866 2441 3432 4209
12719 4 2 1 1 67 66 1720 4422
12720 4 2 1 1 1975 2774 1802 1816
12721 4 2 1 1 2833 3048 2163 2590
12722 4 2 1 1 1220 1213 1232 3434
12723 4 2 1 1 3827 1209 1191 2931
12724 4 2 1 1 2487 3365 3803 3950
12725 4 2 1 1 66 1720 4422 4112
12726 4 2 1 1 1011 857 2656 4049
12727 4 2 1 1 237 2657 391 4047
12728 4 2 1 1 1477 2658 1631 4048
12729 4 2 1 1 3197 4094 2871 4202
12730 4 2 1 1 660 2824 658 3864
12731 4 2 1 1 4180 3382 3394 4348
12732 4 2 1 1 2364 2182 2554 2893
12733 4 2 1 1 1240 2754 1161 3739
12734 4 2 1 1 2268 2252 3209 3673
12735 4 2 1 1 4422 1720 3837 4112
12736 4 2 1 1 1750 4194 3451 1573
12737 4 2 1 1 1130 4195 3450 953
12738 4 2 1 1 510 4196 3449 333
12739 4 2 1 1 934 1080 3527 1035
12740 4 2 1 1 2272 2992 2703 3680
12741 4 2 1 1 2271 2993 2704 3681
12742 4 2 1 1 2245 2645 3241 4282
12743 4 2 1 1 2566 2270 3494 4056
12744 4 2 1 1 288 3626 428 4024
12745 4 2 1 1 598 738 3148 3826
12746 4 2 1 1 2600 2822 3573 4249
12747 4 2 1 1 2596 3240 2270 4287
12748 4 2 1 1 403 3019 3463 243
12749 4 2 1 1 863 1023 3464 3971
12750 4 2 1 1 1483 1643 3462 3970
12751 4 2 1 1 3216 2630 2164 2598
12752 4 2 1 1 364 357 358 3854
12753 4 2 1 1 2245 3241 2645 4281
12754 4 2 1 1 1539 1638 1528 2899
12755 4 2 1 1 3429 1582 1584 4112
12756 4 2 1 1 3428 962 964 4111
12757 4 2 1 1 322 2541 3427 4151
12758 4 2 1 1 1069 18 19 4421
12759 4 2 1 1 2502 2875 3714 3786
12760 4 2 1 1 2500 2874 3716 3785
12761 4 2 1 1 2067 3210 3024 4265
12762 4 2 1 1 4421 1069 18 4113
12763 4 2 1 1 3204 3769 2763 3925
12764 4 2 1 1 906 3205 1046 3501
12765 4 2 1 1 1375 4544 1148 53
12766 4 2 1 1 3267 3849 2383 4130
12767 4 2 1 1 1261 2466 1241 2667
12768 4 2 1 1 2501 2876 3715 3784
12769 4 2 1 1 2174 2835 3101 3577
12770 4 2 1 1 2386 3101 2835 3577
12771 4 2 1 1 4351 1761 1936 2638
12772 4 2 1 1 3843 3975 3288 4068
12773 4 2 1 1 3843 3975 4068 2528
12774 4 2 1 1 2363 3480 2911 2247
12775 4 2 1 1 2318 3019 2489 4275
12776 4 2 1 1 3293 2331 3529 3972
12777 4 2 1 1 1809 3183 1819 4292
12778 4 2 1 1 1176 2937 1333 3003
12779 4 2 1 1 2813 3077 2492 2105
12780 4 2 1 1 2175 2915 4376 3393
12781 4 2 1 1 2344 2933 3297 3800
12782 4 2 1 1 4389 1519 3050 1518
12783 4 2 1 1 3051 3212 278 4390
12784 4 2 1 1 3500 3702 2899 4272
12785 4 2 1 1 2811 3081 2493 4077
12786 4 2 1 1 418 2846 4104 4218
12787 4 2 1 1 2847 4103 1658 4217
12788 4 2 1 1 2293 2761 2063 2463
12789 4 2 1 1 977 978 984 3851
12790 4 2 1 1 2148 4235 4133 4260
12791 4 2 1 1 2147 4234 4132 4261
12792 4 2 1 1 2146 4233 4134 4259
12793 4 2 1 1 2021 3872 1909 3000
12794 4 2 1 1 2566 3494 2270 3871
12795 4 2 1 1 1321 2645 3202 4282
12796 4 2 1 1 616 2922 623 3977
12797 4 2 1 1 3235 3296 2420 3793
12798 4 2 1 1 4142 3467 3871 2097
12799 4 2 1 1 1300 1298 1299 3832
12800 4 2 1 1 2061 3566 2456 4197
12801 4 2 1 1 1069 4421 3838 4113
12802 4 2 1 1 1883 3104 2053 3722
12803 4 2 1 1 1236 2921 1243 3980
12804 4 2 1 1 2112 2968 3441 2884
12805 4 2 1 1 761 3561 2622 3612
12806 4 2 1 1 3767 3586 3735 2392
12807 4 2 1 1 2262 3582 2137 2903
12808 4 2 1 1 2227 2604 3177 3761
12809 4 2 1 1 2273 3477 2935 3507
12810 4 2 1 1 1917 3294 2997 4176
12811 4 2 1 1 1242 2466 4107 4069
12812 4 2 1 1 1856 2919 1863 3984
12813 4 2 1 1 2358 2986 3237 3678
12814 4 2 1 1 1526 3206 1666 3500
12815 4 2 1 1 3421 3586 2392 3735
12816 4 2 1 1 678 3124 677 3245
12817 4 2 1 1 2105 2813 3216 3553
12818 4 2 1 1 1105 984 978 3851
12819 4 2 1 1 2824 2268 3472 3475
12820 4 2 1 1 979 978 976 3234
12821 4 2 1 1 2158 3041 3035 3420
12822 4 2 1 1 411 3587 319 3794
12823 4 2 1 1 629 3274 4225 3661
12824 4 2 1 1 2233 2934 3137 3483
12825 4 2 1 1 2178 3200 3091 3963
12826 4 2 1 1 2179 3201 3090 3962
12827 4 2 1 1 2617 2298 4090 2755
12828 4 2 1 1 2666 2223 3524 4168
12829 4 2 1 1 596 3318 583 584
12830 4 2 1 1 2553 3979 3212 4099
12831 4 2 1 1 900 3406 878 3596
12832 4 2 1 1 1520 3407 1498 3597
12833 4 2 1 1 280 3408 258 3598
12834 4 2 1 1 1153 1155 1365 2861
12835 4 2 1 1 1338 1347 1196 3548
12836 4 2 1 1 2196 3427 3454 3905
12837 4 2 1 1 2194 3428 3453 3906
12838 4 2 1 1 2195 3429 3452 3907
12839 4 2 1 1 2470 3096 2996 3834
12840 4 2 1 1 2290 3891 2562 4257
12841 4 2 1 1 2142 2457 2546 3157
12842 4 2 1 1 1196 1182 1180 3951
12843 4 2 1 1 2144 3142 3284 3474
12844 4 2 1 1 3216 2630 2598 2425
12845 4 2 1 1 316 3327 3007 4238
12846 4 2 1 1 2841 3515 3031 4092
12847 4 2 1 1 793 3316 2892 4285
12848 4 2 1 1 838 2826 846 4371
12849 4 2 1 1 219 2828 226 4372
12850 4 2 1 1 4401 4373 1466 1458
12851 4 2 1 1 2332 2733 3685 3988
12852 4 2 1 1 2570 3331 2985 3767
12853 4 2 1 1 1069 19 830 4421
12854 4 2 1 1 2804 3389 2189 3391
12855 4 2 1 1 576 718 727 3549
12856 4 2 1 1 418 314 2846 4218
12857 4 2 1 1 1554 2847 1658 4217
12858 4 2 1 1 2102 3763 2730 4198
12859 4 2 1 1 1599 1598 1596 3233
12860 4 2 1 1 2408 3536 3239 3904
12861 4 2 1 1 2956 3437 2422 3893
12862 4 2 1 1 1171 3594 1174 3675
12863 4 2 1 1 2127 3890 2971 4164
12864 4 2 1 1 2172 3819 2791 2393
12865 4 2 1 1 3912 3401 3995 2191
12866 4 2 1 1 1936 3998 1860 4351
12867 4 2 1 1 3035 3911 2519 2295
12868 4 2 1 1 2114 2460 3593 4208
12869 4 2 1 1 1069 4421 830 3838
12870 4 2 1 1 2608 4256 3320 2463
12871 4 2 1 1 3900 4079 3092 4275
12872 4 2 1 1 1170 1178 3373 3675
12873 4 2 1 1 1317 3236 3413 2917
12874 4 2 1 1 1931 2820 3484 3876
12875 4 2 1 1 2167 2936 3691 4215
12876 4 2 1 1 1821 2997 2054 3933
12877 4 2 1 1 953 2855 940 4195
12878 4 2 1 1 333 2857 320 4196
12879 4 2 1 1 1573 2856 1560 4194
12880 4 2 1 1 2982 2111 2326 2220
12881 4 2 1 1 146 147 1689 4420
12882 4 2 1 1 1704 1456 1746 2748
12883 4 2 1 1 2624 3593 3278 2246
12884 4 2 1 1 2830 3435 2603 2321
12885 4 2 1 1 3501 2668 3336 2800
12886 4 2 1 1 4420 1689 146 4111
12887 4 2 1 1 560 556 557 2972
12888 4 2 1 1 711 2928 3372 614
12889 4 2 1 1 2369 3678 3520 3748
12890 4 2 1 1 1819 3183 2863 4292
12891 4 2 1 1 622 3961 3022 4294
12892 4 2 1 1 1689 4420 3836 4111
12893 4 2 1 1 147 1451 1689 4420
12894 4 2 1 1 2314 2477 3346 2789
12895 4 2 1 1 2341 2375 3174 4080
12896 4 2 1 1 1405 4172 2745 4277
12897 4 2 1 1 2273 2935 3477 3523
12898 4 2 1 1 2522 3050 2171 4100
12899 4 2 1 1 213 2643 509 4327
12900 4 2 1 1 833 2642 1129 4328
12901 4 2 1 1 1454 2641 1749 4329
12902 4 2 1 1 456 368 366 3001
12903 4 2 1 1 3093 3235 2604 3296
12904 4 2 1 1 2247 3480 2911 3535
12905 4 2 1 1 1950 1951 1844 3988
12906 4 2 1 1 1303 3832 3098 4120
12907 4 2 1 1 2169 3052 3213 2523
12908 4 2 1 1 2170 3051 3212 4101
12909 4 2 1 1 2171 3050 3211 4100
12910 4 2 1 1 961 3836 951 3055
12911 4 2 1 1 1581 3837 1571 3053
12912 4 2 1 1 341 3838 331 3054
12913 4 2 1 1 2017 1767 2042 3177
12914 4 2 1 1 576 2737 4276 4334
12915 4 2 1 1 1346 4507 1393 3817
12916 4 2 1 1 726 4517 522 773
12917 4 2 1 1 1689 4420 1451 3836
12918 4 2 1 1 1973 4485 1762 2013
12919 4 2 1 1 2122 3442 2659 4368
12920 4 2 1 1 2340 3001 2711 4189
12921 4 2 1 1 2575 2300 2251 2072
12922 4 2 1 1 1708 1455 1585 2756
12923 4 2 1 1 3501 3336 2668 2197
12924 4 2 1 1 818 4442 3484 753
12925 4 2 1 1 1654 1487 1490 2885
12926 4 2 1 1 2165 2599 3336 3833
12927 4 2 1 1 1781 1934 3879 4249
12928 4 2 1 1 2609 2294 3956 4179
12929 4 2 1 1 2239 3004 2900 3854
12930 4 2 1 1 2357 2730 2780 3404
12931 4 2 1 1 2974 2634 3087 3411
12932 4 2 1 1 2237 3529 3349 3758
12933 4 2 1 1 2080 3529 3263 4306
12934 4 2 1 1 2213 3232 3839 4392
12935 4 2 1 1 2576 2333 3713 4376
12936 4 2 1 1 2372 3253 2817 3402
12937 4 2 1 1 2059 1885 1887 2764
12938 4 2 1 1 1625 1628 1627 3453
12939 4 2 1 1 385 388 387 3452
12940 4 2 1 1 1005 1008 1007 3454
12941 4 2 1 1 2270 3494 2927 3871
12942 4 2 1 1 2236 4022 3244 3097
12943 4 2 1 1 3334 3495 2404 4320
12944 4 2 1 1 2311 4240 3916 4270
12945 4 2 1 1 1706 1585 2756 2866
12946 4 2 1 1 2084 3389 2804 3391
12947 4 2 1 1 3585 2171 3399 2190
12948 4 2 1 1 101 100 1994 4419
12949 4 2 1 1 3625 3400 3993 2192
12950 4 2 1 1 2367 2529 4014 4210
12951 4 2 1 1 2104 3056 3347 4037
12952 4 2 1 1 2168 2675 3431 3793
12953 4 2 1 1 1295 1290 1415 3381
12954 4 2 1 1 2094 2258 3271 3555
12955 4 2 1 1 2093 2256 3269 3556
12956 4 2 1 1 2092 2257 3270 3557
12957 4 2 1 1 2274 4138 4011 4226
12958 4 2 1 1 2618 3291 2316 4002
12959 4 2 1 1 3631 4093 3323 2249
12960 4 2 1 1 2101 2670 3520 3748
12961 4 2 1 1 500 327 2839 4316
12962 4 2 1 1 4474 1308 1409 4399
12963 4 2 1 1 2465 3935 3295 4219
12964 4 2 1 1 571 733 2930 3776
12965 4 2 1 1 4419 1994 101 1770
12966 4 2 1 1 2900 3799 2239 3854
12967 4 2 1 1 965 4541 1088 835
12968 4 2 1 1 2341 3048 2860 4391
12969 4 2 1 1 2161 3240 2760 3709
12970 4 2 1 1 2677 2397 3201 4078
12971 4 2 1 1 1164 3635 1166 4277
12972 4 2 1 1 3083 3209 2620 3303
12973 4 2 1 1 4419 1758 100 1994
12974 4 2 1 1 2618 3298 3917 2288
12975 4 2 1 1 2518 3042 3039 3419
12976 4 2 1 1 2373 3254 2815 3405
12977 4 2 1 1 2234 2622 3186 3703
12978 4 2 1 1 2227 3296 3235 3793
12979 4 2 1 1 356 357 355 3289
12980 4 2 1 1 2321 2924 3435 4215
12981 4 2 1 1 2820 2253 3774 3908
12982 4 2 1 1 2918 3786 1674 4144
12983 4 2 1 1 2916 3785 1054 4143
12984 4 2 1 1 2063 2652 3383 3589
12985 4 2 1 1 4419 4523 518 100
12986 4 2 1 1 493 4408 3507 441
12987 4 2 1 1 3279 1781 2600 4249
12988 4 2 1 1 4364 3809 2665 3614
12989 4 2 1 1 2075 2296 3010 4364
12990 4 2 1 1 2517 3043 3040 3418
12991 4 2 1 1 2506 2976 3986 2159
12992 4 2 1 1 2507 2977 3987 2160
12993 4 2 1 1 2508 2978 3985 2158
12994 4 2 1 1 1337 3358 1196 3951
12995 4 2 1 1 2920 3867 2510 4240
12996 4 2 1 1 3403 3468 686 3531
12997 4 2 1 1 1407 4445 4521 3470
12998 4 2 1 1 691 4441 2824 524
12999 4 2 1 1 4419 2032 1770 2561
13000 4 2 1 1 2713 2361 3550 4348
13001 4 2 1 1 2275 4135 4012 4228
13002 4 2 1 1 2995 1479 3923 4305
13003 4 2 1 1 2994 239 3924 4304
13004 4 2 1 1 2996 859 3944 4303
13005 4 2 1 1 2618 3931 3917 3486
13006 4 2 1 1 3917 3931 2618 2288
13007 4 2 1 1 4220 838 846 845
13008 4 2 1 1 2282 3074 2707 3471
13009 4 2 1 1 2934 3483 3141 4251
13010 4 2 1 1 3208 2277 3697 3762
13011 4 2 1 1 2503 3408 2689 2218
13012 4 2 1 1 1655 1535 3326 4217
13013 4 2 1 1 415 295 3327 4218
13014 4 2 1 1 2541 3454 3427 3905
13015 4 2 1 1 2539 3453 3428 3906
13016 4 2 1 1 2540 3452 3429 3907
13017 4 2 1 1 2973 3759 3613 4383
13018 4 2 1 1 2704 2993 2271 4382
13019 4 2 1 1 1178 3675 1179 3866
13020 4 2 1 1 4148 1955 1975 1830
13021 4 2 1 1 4220 846 838 2826
13022 4 2 1 1 1488 3898 2995 3090
13023 4 2 1 1 868 3899 2996 3091
13024 4 2 1 1 248 3900 2994 3092
13025 4 2 1 1 2709 2998 2473 2100
13026 4 2 1 1 2710 2999 2473 4038
13027 4 2 1 1 2317 3091 3200 3963
13028 4 2 1 1 2319 3090 3201 3962
13029 4 2 1 1 2509 2389 2767 3920
13030 4 2 1 1 145 146 4428 964
13031 4 2 1 1 2383 3412 3351 4130
13032 4 2 1 1 2564 3382 2975 2583
13033 4 2 1 1 1031 3591 939 3796
13034 4 2 1 1 4183 916 2988 3744
13035 4 2 1 1 2085 3402 2795 3430
13036 4 2 1 1 2102 2591 3566 4269
13037 4 2 1 1 2504 3407 2690 2217
13038 4 2 1 1 819 3908 818 2820
13039 4 2 1 1 1651 3592 1559 3795
13040 4 2 1 1 2182 2893 3182 3729
13041 4 2 1 1 2359 3729 3255 3978
13042 4 2 1 1 3090 3898 3962 4280
13043 4 2 1 1 745 4549 535 2837
13044 4 2 1 1 2317 3899 3091 3963
13045 4 2 1 1 3706 1952 1868 1948
13046 4 2 1 1 2172 2791 3251 2248
13047 4 2 1 1 1466 4401 1465 4221
13048 4 2 1 1 2174 3147 2835 3577
13049 4 2 1 1 2201 2598 3405 3702
13050 4 2 1 1 2096 2546 3134 4008
13051 4 2 1 1 2123 2579 3710 4212
13052 4 2 1 1 314 301 2846 3928
13053 4 2 1 1 1554 1541 2847 3929
13054 4 2 1 1 921 2848 934 3927
13055 4 2 1 1 4418 197 196 1996
13056 4 2 1 1 3073 3215 2622 3302
13057 4 2 1 1 4547 1996 197 4418
13058 4 2 1 1 3543 3824 3495 3825
13059 4 2 1 1 2045 4504 4399 1759
13060 4 2 1 1 2084 3391 2804 3640
13061 4 2 1 1 2103 2617 3770 4299
13062 4 2 1 1 1996 4504 1759 196
13063 4 2 1 1 2406 3457 3072 3489
13064 4 2 1 1 3842 4067 2340 4189
13065 4 2 1 1 2714 3030 2483 4082
13066 4 2 1 1 2164 2598 3283 3702
13067 4 2 1 1 2685 3548 2365 4293
13068 4 2 1 1 2160 3039 3042 3419
13069 4 2 1 1 2238 3153 2724 4368
13070 4 2 1 1 2636 3625 3242 3665
13071 4 2 1 1 2689 2218 2508 3976
13072 4 2 1 1 2217 3597 2690 2506
13073 4 2 1 1 2216 3596 2691 2507
13074 4 2 1 1 696 757 2639 4245
13075 4 2 1 1 2771 3431 2625 3750
13076 4 2 1 1 2178 2493 2240 2901
13077 4 2 1 1 2902 3090 2179 4066
13078 4 2 1 1 3122 2107 3126 2962
13079 4 2 1 1 2305 3310 3111 3810
13080 4 2 1 1 2615 2205 3181 3328
13081 4 2 1 1 2716 2946 2365 4126
13082 4 2 1 1 2505 3406 2691 2216
13083 4 2 1 1 2159 3040 3043 3418
13084 4 2 1 1 504 366 271 4189
13085 4 2 1 1 1900 3348 1899 4159
13086 4 2 1 1 2430 3955 3133 4033
13087 4 2 1 1 2935 3875 2303 3926
13088 4 2 1 1 2197 2897 3501 3833
13089 4 2 1 1 3682 3934 2637 4014
13090 4 2 1 1 2782 3529 2237 3758
13091 4 2 1 1 3032 3113 2173 3638
13092 4 2 1 1 3172 3234 2304 3851
13093 4 2 1 1 2330 2983 2773 4361
13094 4 2 1 1 2015 3622 2839 3736
13095 4 2 1 1 2959 1251 1237 4343
13096 4 2 1 1 2918 3479 2200 3525
13097 4 2 1 1 2916 3478 2198 3526
13098 4 2 1 1 3904 3918 2516 3536
13099 4 2 1 1 3735 3767 2873 2563
13100 4 2 1 1 3616 2047 2001 1889
13101 4 2 1 1 2318 3092 4079 4275
13102 4 2 1 1 1744 4042 3077 4255
13103 4 2 1 1 1466 4401 1458 1465
13104 4 2 1 1 4408 1086 3507 1083
13105 4 2 1 1 2469 2927 3494 3871
13106 4 2 1 1 2104 3137 2934 3483
13107 4 2 1 1 1775 1985 1772 2868
13108 4 2 1 1 3796 1018 1032 938
13109 4 2 1 1 2764 3104 2223 4168
13110 4 2 1 1 4418 4547 1150 197
13111 4 2 1 1 2584 3959 3489 4199
13112 4 2 1 1 2077 3172 2898 4354
13113 4 2 1 1 1927 2006 2048 4029
13114 4 2 1 1 2814 2332 3903 3988
13115 4 2 1 1 2718 3195 2353 4261
13116 4 2 1 1 2717 3196 2354 4260
13117 4 2 1 1 2719 3194 2355 4259
13118 4 2 1 1 3795 1638 1652 1558
13119 4 2 1 1 1654 2885 1490 4309
13120 4 2 1 1 2420 3431 3235 3793
13121 4 2 1 1 2285 2669 2352 2484
13122 4 2 1 1 1228 1332 1336 2685
13123 4 2 1 1 4418 2619 1996 3098
13124 4 2 1 1 2973 4044 3895 2339
13125 4 2 1 1 2957 631 617 4349
13126 4 2 1 1 2720 3375 3804 4256
13127 4 2 1 1 712 716 608 2683
13128 4 2 1 1 2767 3219 2415 3894
13129 4 2 1 1 1976 1799 1844 3988
13130 4 2 1 1 2220 2982 3388 4006
13131 4 2 1 1 2221 2981 3387 4005
13132 4 2 1 1 2222 2980 3386 4007
13133 4 2 1 1 2168 3431 2625 4273
13134 4 2 1 1 2926 2311 4240 4344
13135 4 2 1 1 2089 3750 2771 3954
13136 4 2 1 1 4024 273 3636 274
13137 4 2 1 1 3072 3457 2076 3489
13138 4 2 1 1 2118 3773 3697 2499
13139 4 2 1 1 1844 1794 1949 3425
13140 4 2 1 1 4222 219 226 225
13141 4 2 1 1 2392 3107 2806 3514
13142 4 2 1 1 509 2643 337 4327
13143 4 2 1 1 1749 2641 1577 4329
13144 4 2 1 1 1129 2642 957 4328
13145 4 2 1 1 2096 3134 2649 4008
13146 4 2 1 1 2404 3118 3334 3666
13147 4 2 1 1 705 564 555 3522
13148 4 2 1 1 3978 4014 2637 3255
13149 4 2 1 1 2097 3871 2760 4352
13150 4 2 1 1 2760 3871 2469 4352
13151 4 2 1 1 4237 3292 3990 2939
13152 4 2 1 1 2646 3629 2315 3878
13153 4 2 1 1 4543 500 507 3695
13154 4 2 1 1 1348 3827 1207 2862
13155 4 2 1 1 2770 3870 2576 3918
13156 4 2 1 1 766 2650 676 4095
13157 4 2 1 1 4222 226 219 2828
13158 4 2 1 1 279 3212 3051 4101
13159 4 2 1 1 1519 3211 3050 4100
13160 4 2 1 1 899 3213 3052 2523
13161 4 2 1 1 2129 2573 3324 3830
13162 4 2 1 1 2337 3719 2995 3962
13163 4 2 1 1 884 883 893 3643
13164 4 2 1 1 117 116 3256 1376
13165 4 2 1 1 3150 3751 2394 4263
13166 4 2 1 1 2602 4019 3850 4043
13167 4 2 1 1 1348 1219 1244 2862
13168 4 2 1 1 556 2972 560 4276
13169 4 2 1 1 2152 2863 3317 3787
13170 4 2 1 1 3667 3956 2762 4179
13171 4 2 1 1 693 542 3113 4178
13172 4 2 1 1 3151 3752 2395 4262
13173 4 2 1 1 2917 3354 2199 3784
13174 4 2 1 1 1790 1798 1943 3754
13175 4 2 1 1 2174 2615 3318 4165
13176 4 2 1 1 1955 1958 1848 2686
13177 4 2 1 1 2303 2935 2988 3523
13178 4 2 1 1 2624 2362 3335 2246
13179 4 2 1 1 1808 2859 1802 4148
13180 4 2 1 1 1984 2021 1751 2693
13181 4 2 1 1 3144 3118 2068 3621
13182 4 2 1 1 2421 3395 3277 4178
13183 4 2 1 1 3753 3075 3152 2175
13184 4 2 1 1 3277 3395 2601 4178
13185 4 2 1 1 1421 2850 3727 3623
13186 4 2 1 1 2766 2405 3691 3803
13187 4 2 1 1 2406 3959 2584 2525
13188 4 2 1 1 2756 3390 2271 3417
13189 4 2 1 1 3256 530 117 4511
13190 4 2 1 1 1808 2859 4148 3183
13191 4 2 1 1 2774 1960 3617 3368
13192 4 2 1 1 801 2849 3728 3624
13193 4 2 1 1 1513 1504 1503 3633
13194 4 2 1 1 2174 3101 2835 4165
13195 4 2 1 1 2253 2775 3901 4159
13196 4 2 1 1 2122 2597 3394 3857
13197 4 2 1 1 320 2808 4357 319
13198 4 2 1 1 1560 2809 4358 1559
13199 4 2 1 1 940 2810 4359 939
13200 4 2 1 1 2273 2988 2935 3523
13201 4 2 1 1 3271 3555 2258 4122
13202 4 2 1 1 3269 3556 2256 4123
13203 4 2 1 1 3270 3557 2257 4124
13204 4 2 1 1 1821 1932 2997 3933
13205 4 2 1 1 3842 4251 4273 2664
13206 4 2 1 1 2288 2595 2101 3969
13207 4 2 1 1 4489 205 4403 3507
13208 4 2 1 1 2870 3102 2183 3849
13209 4 2 1 1 2334 3937 3434 2862
13210 4 2 1 1 322 2541 4151 342
13211 4 2 1 1 2088 4080 2920 4131
13212 4 2 1 1 2582 3949 3909 4271
13213 4 2 1 1 2283 3762 2385 4142
13214 4 2 1 1 2110 3572 3066 3604
13215 4 2 1 1 4050 3603 2852 2111
13216 4 2 1 1 2361 3155 4032 2456
13217 4 2 1 1 516 3774 749 4533
13218 4 2 1 1 116 1138 3256 1376
13219 4 2 1 1 2424 3121 1933 3901
13220 4 2 1 1 314 301 289 2846
13221 4 2 1 1 1541 1529 1554 2847
13222 4 2 1 1 909 934 921 2848
13223 4 2 1 1 312 292 424 4151
13224 4 2 1 1 932 3596 1044 3987
13225 4 2 1 1 1552 3597 1664 3986
13226 4 2 1 1 2070 3398 2672 4118
13227 4 2 1 1 2065 2746 2844 3723
13228 4 2 1 1 2088 3916 2920 4080
13229 4 2 1 1 2771 3001 2224 3847
13230 4 2 1 1 3326 4217 1535 4389
13231 4 2 1 1 3327 4218 295 4390
13232 4 2 1 1 3904 3713 4376 2576
13233 4 2 1 1 732 623 765 4353
13234 4 2 1 1 1807 1976 1814 4186
13235 4 2 1 1 2202 2672 3398 3572
13236 4 2 1 1 2666 3524 2223 3877
13237 4 2 1 1 1961 2816 1930 3649
13238 4 2 1 1 3695 35 34 2030
13239 4 2 1 1 2427 3496 3381 4311
13240 4 2 1 1 2903 2137 2501 3582
13241 4 2 1 1 1791 1789 1792 2734
13242 4 2 1 1 2324 3571 3314 2987
13243 4 2 1 1 2926 4240 2311 4270
13244 4 2 1 1 1930 2816 2034 4399
13245 4 2 1 1 3625 3400 2192 4099
13246 4 2 1 1 2119 3831 2696 2984
13247 4 2 1 1 2179 3111 2912 4248
13248 4 2 1 1 3082 1900 1901 4159
13249 4 2 1 1 2522 2111 3050 4193
13250 4 2 1 1 1374 4504 3098 4418
13251 4 2 1 1 4149 962 3428 2539
13252 4 2 1 1 724 560 557 2972
13253 4 2 1 1 2554 3636 2664 3749
13254 4 2 1 1 2284 3602 2831 3671
13255 4 2 1 1 2086 3405 2796 3497
13256 4 2 1 1 2456 2061 3780 3157
13257 4 2 1 1 3912 3401 2191 4021
13258 4 2 1 1 3089 2280 3665 4025
13259 4 2 1 1 2628 3459 2452 3509
13260 4 2 1 1 2629 3460 2451 3510
13261 4 2 1 1 2627 3458 2450 3508
13262 4 2 1 1 3103 2282 3088 3664
13263 4 2 1 1 2331 3697 3179 3773
13264 4 2 1 1 4150 1582 3429 2540
13265 4 2 1 1 2132 2626 3600 4054
13266 4 2 1 1 2639 2226 3341 4211
13267 4 2 1 1 3791 392 242 4304
13268 4 2 1 1 3792 1012 862 4303
13269 4 2 1 1 3790 1632 1482 4305
13270 4 2 1 1 3017 3268 2269 3693
13271 4 2 1 1 2360 3317 2863 3787
13272 4 2 1 1 2823 3238 2252 3629
13273 4 2 1 1 2922 2607 2265 4353
13274 4 2 1 1 4056 3873 3494 2566
13275 4 2 1 1 3434 3937 2632 2862
13276 4 2 1 1 2120 2585 3396 3997
13277 4 2 1 1 2639 3811 3070 4211
13278 4 2 1 1 2921 2606 2264 4356
13279 4 2 1 1 2089 2790 3750 3954
13280 4 2 1 1 2164 2801 3206 3702
13281 4 2 1 1 2919 2605 2266 4360
13282 4 2 1 1 2165 2800 3205 3833
13283 4 2 1 1 3494 3873 559 567
13284 4 2 1 1 2223 3251 2621 3537
13285 4 2 1 1 2205 3147 2698 3328
13286 4 2 1 1 4433 1728 2878 1702
13287 4 2 1 1 4432 1108 2878 1082
13288 4 2 1 1 488 4431 4491 57
13289 4 2 1 1 2172 3085 2791 2248
13290 4 2 1 1 649 3484 818 3561
13291 4 2 1 1 689 769 597 2835
13292 4 2 1 1 2495 3492 3409 4323
13293 4 2 1 1 3695 4543 34 507
13294 4 2 1 1 2191 2968 3265 4191
13295 4 2 1 1 2102 2456 4010 4032
13296 4 2 1 1 3695 1760 35 2030
13297 4 2 1 1 887 853 855 4049
13298 4 2 1 1 235 267 233 4047
13299 4 2 1 1 1507 1473 1475 4048
13300 4 2 1 1 3586 3514 3767 2570
13301 4 2 1 1 3695 4542 208 35
13302 4 2 1 1 65 66 450 4429
13303 4 2 1 1 1163 1161 1314 3565
13304 4 2 1 1 3339 3366 2831 3835
13305 4 2 1 1 2087 3329 2833 3869
13306 4 2 1 1 2700 3797 3077 4255
13307 4 2 1 1 3342 1118 2638 3953
13308 4 2 1 1 1766 2014 2056 2643
13309 4 2 1 1 1146 1394 1436 2641
13310 4 2 1 1 526 774 816 2642
13311 4 2 1 1 2204 3021 3464 3971
13312 4 2 1 1 2203 3020 3462 3970
13313 4 2 1 1 2202 3019 3463 2489
13314 4 2 1 1 2577 2430 3133 2585
13315 4 2 1 1 1219 1348 1207 2862
13316 4 2 1 1 1258 3067 1227 3505
13317 4 2 1 1 263 273 264 3636
13318 4 2 1 1 2170 3212 4099 4101
13319 4 2 1 1 564 3522 2696 2930
13320 4 2 1 1 690 2835 689 736
13321 4 2 1 1 839 1121 1058 3612
13322 4 2 1 1 3008 3467 2566 3871
13323 4 2 1 1 1010 3138 1089 3725
13324 4 2 1 1 1630 3139 1709 3724
13325 4 2 1 1 390 3140 469 3726
13326 4 2 1 1 3342 1118 3953 1064
13327 4 2 1 1 4264 4128 3947 2462
13328 4 2 1 1 1696 3070 3811 4211
13329 4 2 1 1 629 3274 3661 640
13330 4 2 1 1 3749 256 257 262
13331 4 2 1 1 3116 3960 2662 4065
13332 4 2 1 1 2613 3519 3262 4321
13333 4 2 1 1 288 297 2864 4024
13334 4 2 1 1 2335 3578 3117 4097
13335 4 2 1 1 2333 3579 3116 4098
13336 4 2 1 1 82 83 3700 1093
13337 4 2 1 1 2379 3776 2930 4334
13338 4 2 1 1 3117 3957 2661 3353
13339 4 2 1 1 1012 2656 857 4303
13340 4 2 1 1 392 2657 237 4304
13341 4 2 1 1 1632 2658 1477 4305
13342 4 2 1 1 3023 1826 2863 4292
13343 4 2 1 1 2467 3198 3782 3801
13344 4 2 1 1 2816 4120 3098 4184
13345 4 2 1 1 805 4419 756 809
13346 4 2 1 1 3700 1127 82 1093
13347 4 2 1 1 2066 2565 3890 4312
13348 4 2 1 1 2381 3031 3068 2219
13349 4 2 1 1 4519 654 2849 3700
13350 4 2 1 1 2519 3045 2651 3983
13351 4 2 1 1 2517 3046 2652 3981
13352 4 2 1 1 2518 3047 2653 3982
13353 4 2 1 1 2245 3489 3959 4199
13354 4 2 1 1 1478 1633 2995 3356
13355 4 2 1 1 1013 2996 858 3355
13356 4 2 1 1 393 2994 238 3357
13357 4 2 1 1 1274 2850 4520 3701
13358 4 2 1 1 712 2683 608 4171
13359 4 2 1 1 2176 3150 3062 4263
13360 4 2 1 1 3298 3486 3135 2618
13361 4 2 1 1 2745 3999 2614 2153
13362 4 2 1 1 2209 3223 2860 4202
13363 4 2 1 1 997 998 1099 3865
13364 4 2 1 1 1594 1592 1603 4144
13365 4 2 1 1 974 972 983 4143
13366 4 2 1 1 2178 2575 3493 4214
13367 4 2 1 1 2177 3151 3063 4262
13368 4 2 1 1 3791 392 4304 3387
13369 4 2 1 1 3792 1012 4303 3386
13370 4 2 1 1 3790 1632 4305 3388
13371 4 2 1 1 2065 3934 2746 4013
13372 4 2 1 1 1976 2733 2814 3988
13373 4 2 1 1 657 658 3858 3864
13374 4 2 1 1 737 3022 642 3703
13375 4 2 1 1 721 707 609 3274
13376 4 2 1 1 1488 1716 1496 4369
13377 4 2 1 1 2250 2843 3542 4153
13378 4 2 1 1 2902 3797 2241 3856
13379 4 2 1 1 3250 3822 2848 4040
13380 4 2 1 1 3249 3821 2846 4039
13381 4 2 1 1 2179 2677 3111 4066
13382 4 2 1 1 3064 2184 3466 3913
13383 4 2 1 1 1141 3184 4492 180
13384 4 2 1 1 2538 3194 3089 2196
13385 4 2 1 1 3195 2634 2081 3087
13386 4 2 1 1 2536 3196 3088 2195
13387 4 2 1 1 1254 1244 1231 4017
13388 4 2 1 1 2501 1254 3354 4017
13389 4 2 1 1 2170 2524 3074 3051
13390 4 2 1 1 4376 3011 2121 3904
13391 4 2 1 1 2745 4172 2468 4277
13392 4 2 1 1 1096 876 868 4370
13393 4 2 1 1 2529 2367 3730 4210
13394 4 2 1 1 3357 3854 2900 4174
13395 4 2 1 1 2746 2844 2297 3934
13396 4 2 1 1 2354 3196 2743 4260
13397 4 2 1 1 2353 3195 2742 4261
13398 4 2 1 1 2355 3194 2744 4259
13399 4 2 1 1 3233 3714 2875 3786
13400 4 2 1 1 734 4185 2831 4294
13401 4 2 1 1 2928 3349 2237 4352
13402 4 2 1 1 836 1126 1084 2756
13403 4 2 1 1 1093 83 3700 828
13404 4 2 1 1 2237 2858 3349 3529
13405 4 2 1 1 3234 3716 2874 3785
13406 4 2 1 1 3469 4187 2931 4381
13407 4 2 1 1 2254 3257 3125 3392
13408 4 2 1 1 2406 3119 2741 4345
13409 4 2 1 1 178 179 3701 1713
13410 4 2 1 1 2127 2516 3311 2398
13411 4 2 1 1 717 733 3776 4334
13412 4 2 1 1 2619 3455 1362 3470
13413 4 2 1 1 2283 2802 3290 3490
13414 4 2 1 1 3174 3435 2437 4074
13415 4 2 1 1 2125 2767 3880 4347
13416 4 2 1 1 792 683 680 4379
13417 4 2 1 1 2316 3273 2909 4001
13418 4 2 1 1 1172 1322 1325 3241
13419 4 2 1 1 433 2836 4375 432
13420 4 2 1 1 2204 3464 3168 3971
13421 4 2 1 1 2203 3462 3166 3970
13422 4 2 1 1 2202 3463 3167 2489
13423 4 2 1 1 3389 2285 2804 4046
13424 4 2 1 1 3342 1118 1064 829
13425 4 2 1 1 3594 3560 4044 2589
13426 4 2 1 1 2279 3565 3202 3844
13427 4 2 1 1 2239 2900 3004 4213
13428 4 2 1 1 2564 3544 3382 4348
13429 4 2 1 1 2189 2612 3389 3808
13430 4 2 1 1 4364 3809 3614 2370
13431 4 2 1 1 2564 2102 2514 3544
13432 4 2 1 1 2901 3798 2240 3851
13433 4 2 1 1 3016 2252 2268 3673
13434 4 2 1 1 3701 1747 178 1713
13435 4 2 1 1 2291 3100 2872 3518
13436 4 2 1 1 3342 1118 829 2638
13437 4 2 1 1 2318 4207 3056 4247
13438 4 2 1 1 2722 4244 3374 4313
13439 4 2 1 1 2148 3046 4235 4260
13440 4 2 1 1 2147 3047 4234 4261
13441 4 2 1 1 2146 3045 4233 4259
13442 4 2 1 1 1184 2695 3469 3653
13443 4 2 1 1 2292 3102 2870 3520
13444 4 2 1 1 3701 179 1449 1713
13445 4 2 1 1 3840 3884 2458 4089
13446 4 2 1 1 3580 3717 2592 4145
13447 4 2 1 1 1550 1687 1469 2964
13448 4 2 1 1 310 447 229 2965
13449 4 2 1 1 849 930 1067 2966
13450 4 2 1 1 3581 3718 2594 4146
13451 4 2 1 1 2802 4008 4106 2255
13452 4 2 1 1 2936 3691 2405 3803
13453 4 2 1 1 4183 916 3744 935
13454 4 2 1 1 3341 1738 1684 1448
13455 4 2 1 1 3341 1738 1448 2639
13456 4 2 1 1 3695 500 327 2839
13457 4 2 1 1 2880 2505 3912 3995
13458 4 2 1 1 2095 2806 3514 3663
13459 4 2 1 1 692 583 3101 4163
13460 4 2 1 1 2334 3434 2695 4187
13461 4 2 1 1 1604 3356 1723 3856
13462 4 2 1 1 3155 4032 2456 4269
13463 4 2 1 1 2065 3911 3035 2295
13464 4 2 1 1 2432 3496 2871 3541
13465 4 2 1 1 2271 3243 2756 3417
13466 4 2 1 1 2637 3125 2954 4330
13467 4 2 1 1 1138 1376 1425 3256
13468 4 2 1 1 4472 771 2868 3484
13469 4 2 1 1 2153 3144 2791 3819
13470 4 2 1 1 1203 1216 2926 3759
13471 4 2 1 1 2172 3085 2834 3252
13472 4 2 1 1 2738 3766 253 4367
13473 4 2 1 1 873 2740 3765 4365
13474 4 2 1 1 1493 2739 3764 4366
13475 4 2 1 1 1965 2919 1964 3738
13476 4 2 1 1 2172 2621 3251 3537
13477 4 2 1 1 2656 3939 3189 4049
13478 4 2 1 1 2657 3940 3187 4047
13479 4 2 1 1 2658 3941 3188 4048
13480 4 2 1 1 1243 2921 1350 3741
13481 4 2 1 1 1782 3121 1933 4175
13482 4 2 1 1 2443 3744 3331 2273
13483 4 2 1 1 2446 3750 3275 4108
13484 4 2 1 1 2478 3540 2937 3607
13485 4 2 1 1 731 2922 730 3742
13486 4 2 1 1 975 1089 973 2874
13487 4 2 1 1 1709 1593 1595 2875
13488 4 2 1 1 353 355 469 2876
13489 4 2 1 1 2530 3885 3395 4237
13490 4 2 1 1 924 894 3145 3643
13491 4 2 1 1 629 628 3049 4225
13492 4 2 1 1 1661 2992 1553 1695
13493 4 2 1 1 3411 4026 2081 3087
13494 4 2 1 1 746 4473 2865 3475
13495 4 2 1 1 2423 3968 2939 3990
13496 4 2 1 1 3090 3962 2319 4280
13497 4 2 1 1 2492 3090 2902 4066
13498 4 2 1 1 2178 2493 2901 3091
13499 4 2 1 1 2317 3899 3963 3021
13500 4 2 1 1 2407 2708 3485 4160
13501 4 2 1 1 3270 3360 3817 2262
13502 4 2 1 1 2263 3361 3269 3025
13503 4 2 1 1 2261 3359 3271 3027
13504 4 2 1 1 841 1122 2868 3612
13505 4 2 1 1 2206 3062 3657 4011
13506 4 2 1 1 4142 2283 3240 2596
13507 4 2 1 1 630 629 601 3661
13508 4 2 1 1 1514 3146 1544 3633
13509 4 2 1 1 3748 2308 4166 2101
13510 4 2 1 1 520 3186 4493 84
13511 4 2 1 1 597 3101 583 4165
13512 4 2 1 1 2050 2057 1893 3002
13513 4 2 1 1 2892 3030 2320 3850
13514 4 2 1 1 1617 1618 1719 3863
13515 4 2 1 1 2089 3431 2771 3750
13516 4 2 1 1 2087 2970 3329 3869
13517 4 2 1 1 1393 4507 1135 45
13518 4 2 1 1 2363 3492 2616 2247
13519 4 2 1 1 2061 2346 2308 3564
13520 4 2 1 1 2439 3360 2941 3133
13521 4 2 1 1 4378 2942 3361 2438
13522 4 2 1 1 4355 2940 3359 2440
13523 4 2 1 1 1393 45 44 4417
13524 4 2 1 1 2440 3152 3130 2175
13525 4 2 1 1 2177 3129 3151 3133
13526 4 2 1 1 2439 3151 3129 3133
13527 4 2 1 1 2438 3150 3128 2176
13528 4 2 1 1 1393 4507 45 4417
13529 4 2 1 1 4417 1145 44 1393
13530 4 2 1 1 2251 2869 3311 2398
13531 4 2 1 1 2779 2190 2418 4050
13532 4 2 1 1 1298 1386 3197 3832
13533 4 2 1 1 2796 3405 2201 3497
13534 4 2 1 1 3136 3885 2530 4237
13535 4 2 1 1 1880 3704 3660 4252
13536 4 2 1 1 3066 3572 2672 3604
13537 4 2 1 1 3065 3571 2671 3603
13538 4 2 1 1 2645 2245 3959 4199
13539 4 2 1 1 711 2928 614 719
13540 4 2 1 1 2339 2973 3613 4383
13541 4 2 1 1 1804 1945 1980 3535
13542 4 2 1 1 3219 3576 2415 3894
13543 4 2 1 1 3289 3715 2876 3784
13544 4 2 1 1 857 3944 2656 4049
13545 4 2 1 1 1852 1980 1981 3535
13546 4 2 1 1 3745 2102 2456 4010
13547 4 2 1 1 1976 2733 3988 1854
13548 4 2 1 1 4417 4528 214 44
13549 4 2 1 1 2235 2667 3184 4181
13550 4 2 1 1 2211 3867 2920 4240
13551 4 2 1 1 1658 4103 1518 4389
13552 4 2 1 1 418 4104 278 4390
13553 4 2 1 1 2783 3194 4072 4259
13554 4 2 1 1 2785 3196 4070 4260
13555 4 2 1 1 2784 3195 4071 4261
13556 4 2 1 1 2098 2998 2709 3730
13557 4 2 1 1 3272 3609 2715 4096
13558 4 2 1 1 3019 3069 2336 4079
13559 4 2 1 1 2223 3094 2764 3221
13560 4 2 1 1 2757 4176 1921 4258
13561 4 2 1 1 1654 1487 2885 4326
13562 4 2 1 1 464 421 493 3477
13563 4 2 1 1 1788 1789 1790 2734
13564 4 2 1 1 2308 2498 3346 3203
13565 4 2 1 1 3331 3744 2550 2273
13566 4 2 1 1 1859 1803 1966 3410
13567 4 2 1 1 773 4517 4416 3818
13568 4 2 1 1 1873 3738 1867 3027
13569 4 2 1 1 633 3742 627 3025
13570 4 2 1 1 1253 3741 1247 3026
13571 4 2 1 1 3369 3773 3057 3972
13572 4 2 1 1 656 4457 512 763
13573 4 2 1 1 1718 124 125 4416
13574 4 2 1 1 2116 3708 4106 4227
13575 4 2 1 1 726 4517 773 3818
13576 4 2 1 1 1161 1162 1160 4338
13577 4 2 1 1 2830 2511 4127 3170
13578 4 2 1 1 2272 2748 3432 4238
13579 4 2 1 1 2269 3215 3073 3693
13580 4 2 1 1 2464 3684 4179 4244
13581 4 2 1 1 2902 3090 2492 4369
13582 4 2 1 1 2210 2937 3540 3607
13583 4 2 1 1 2405 3595 3106 4027
13584 4 2 1 1 2901 3091 2493 4370
13585 4 2 1 1 3179 3697 2331 3762
13586 4 2 1 1 2131 3330 2651 3380
13587 4 2 1 1 1976 2814 4186 1807
13588 4 2 1 1 2168 2612 3808 4190
13589 4 2 1 1 4002 2708 2073 3291
13590 4 2 1 1 2932 3659 3136 4265
13591 4 2 1 1 2053 3660 1879 3722
13592 4 2 1 1 4206 3295 3315 2124
13593 4 2 1 1 2087 3171 3590 3690
13594 4 2 1 1 3246 3489 2245 4199
13595 4 2 1 1 4213 4393 2491 2239
13596 4 2 1 1 2172 3251 2621 2248
13597 4 2 1 1 2656 3192 2131 3834
13598 4 2 1 1 1343 3238 1264 3878
13599 4 2 1 1 2004 1903 1901 2775
13600 4 2 1 1 4416 1718 124 1453
13601 4 2 1 1 1718 1453 4416 3818
13602 4 2 1 1 2013 4485 1762 157
13603 4 2 1 1 2142 3495 2416 3825
13604 4 2 1 1 2338 3834 2996 3963
13605 4 2 1 1 2013 157 156 4415
13606 4 2 1 1 2013 4485 157 4415
13607 4 2 1 1 4415 1765 156 2013
13608 4 2 1 1 2577 2430 2585 2229
13609 4 2 1 1 1357 1355 3220 3530
13610 4 2 1 1 2632 3434 2245 3937
13611 4 2 1 1 1221 2646 3562 3878
13612 4 2 1 1 2098 2473 2998 3297
13613 4 2 1 1 986 985 2701 4188
13614 4 2 1 1 724 560 2972 4334
13615 4 2 1 1 2528 3843 2710 4068
13616 4 2 1 1 2690 3429 2195 3907
13617 4 2 1 1 2691 3428 2194 3906
13618 4 2 1 1 2689 3427 2196 3905
13619 4 2 1 1 2383 3412 2817 2085
13620 4 2 1 1 1461 1742 2865 3637
13621 4 2 1 1 1101 1001 1056 2908
13622 4 2 1 1 436 481 381 2906
13623 4 2 1 1 1621 1676 1721 2907
13624 4 2 1 1 1401 3002 1134 4274
13625 4 2 1 1 2114 3335 2624 2460
13626 4 2 1 1 2873 3175 2563 3767
13627 4 2 1 1 365 2711 366 4189
13628 4 2 1 1 2645 3202 2279 3635
13629 4 2 1 1 2130 3191 2658 3941
13630 4 2 1 1 2129 3190 2657 3940
13631 4 2 1 1 2131 3192 2656 3939
13632 4 2 1 1 2397 3071 2677 4081
13633 4 2 1 1 2920 3916 2409 4080
13634 4 2 1 1 2658 3191 2130 3719
13635 4 2 1 1 2657 3190 2129 3720
13636 4 2 1 1 3467 4352 3871 2097
13637 4 2 1 1 4410 966 2953 822
13638 4 2 1 1 346 4412 453 202
13639 4 2 1 1 4411 1586 2952 1443
13640 4 2 1 1 876 3892 4370 882
13641 4 2 1 1 2588 3601 2270 4056
13642 4 2 1 1 259 2738 253 4367
13643 4 2 1 1 873 879 2740 4365
13644 4 2 1 1 1493 1499 2739 4366
13645 4 2 1 1 2695 4187 3469 4381
13646 4 2 1 1 502 2861 221 3645
13647 4 2 1 1 2776 3233 2200 3310
13648 4 2 1 1 2399 3750 2790 4108
13649 4 2 1 1 2873 3663 2441 4209
13650 4 2 1 1 207 352 2903 4200
13651 4 2 1 1 2552 3401 4021 2523
13652 4 2 1 1 3144 3118 3621 2393
13653 4 2 1 1 1496 3888 4369 1502
13654 4 2 1 1 2154 2735 3231 4126
13655 4 2 1 1 491 4410 203 442
13656 4 2 1 1 1731 4412 1682 3814
13657 4 2 1 1 1111 4411 823 1062
13658 4 2 1 1 2298 2127 2433 4090
13659 4 2 1 1 3850 4019 2320 4043
13660 4 2 1 1 976 977 975 3234
13661 4 2 1 1 2210 3003 2937 4314
13662 4 2 1 1 2307 2569 3653 3003
13663 4 2 1 1 2497 3082 2775 3775
13664 4 2 1 1 2305 2875 3233 3714
13665 4 2 1 1 2098 2721 3800 4307
13666 4 2 1 1 2864 4046 3521 4316
13667 4 2 1 1 2655 2165 2599 3336
13668 4 2 1 1 1293 4468 1402 3660
13669 4 2 1 1 2168 2625 3483 4273
13670 4 2 1 1 2180 3384 3092 4079
13671 4 2 1 1 2239 3799 2900 4393
13672 4 2 1 1 2232 2811 2925 3284
13673 4 2 1 1 2304 2874 3234 3716
13674 4 2 1 1 3145 2372 3643 4268
13675 4 2 1 1 2144 2773 3573 4361
13676 4 2 1 1 1596 1597 1595 3233
13677 4 2 1 1 2325 3821 2981 4005
13678 4 2 1 1 2327 3822 2980 4007
13679 4 2 1 1 2326 3820 2982 4006
13680 4 2 1 1 1257 1229 1327 3505
13681 4 2 1 1 1477 3923 2658 4048
13682 4 2 1 1 237 3924 2657 4047
13683 4 2 1 1 2571 3325 2741 3674
13684 4 2 1 1 1741 1678 1459 3637
13685 4 2 1 1 2114 2624 3335 2246
13686 4 2 1 1 3031 3515 2457 4092
13687 4 2 1 1 2808 3650 329 4196
13688 4 2 1 1 949 2810 3652 4195
13689 4 2 1 1 1569 2809 3651 4194
13690 4 2 1 1 4415 4529 834 156
13691 4 2 1 1 84 85 3186 1066
13692 4 2 1 1 3186 828 84 1066
13693 4 2 1 1 604 559 3502 3873
13694 4 2 1 1 3186 4505 85 527
13695 4 2 1 1 3160 2801 2235 2958
13696 4 2 1 1 482 3919 444 3340
13697 4 2 1 1 2802 3490 3456 3996
13698 4 2 1 1 2162 2802 3456 3996
13699 4 2 1 1 2312 3440 2960 3802
13700 4 2 1 1 2015 3622 3736 2041
13701 4 2 1 1 2122 2659 3440 4368
13702 4 2 1 1 2791 3819 3251 2153
13703 4 2 1 1 2823 3217 2252 3768
13704 4 2 1 1 2087 2807 3199 3943
13705 4 2 1 1 2475 2408 3499 4321
13706 4 2 1 1 2373 3633 3146 4272
13707 4 2 1 1 903 4007 1050 2980
13708 4 2 1 1 430 283 4005 2981
13709 4 2 1 1 2349 3444 2728 4105
13710 4 2 1 1 3340 498 2644 3919
13711 4 2 1 1 2480 2066 3351 4295
13712 4 2 1 1 2145 3574 2825 2455
13713 4 2 1 1 2240 3798 2901 4370
13714 4 2 1 1 181 180 1686 3184
13715 4 2 1 1 2236 3373 2765 3670
13716 4 2 1 1 2241 3797 2902 4369
13717 4 2 1 1 3295 3935 3618 4219
13718 4 2 1 1 689 682 769 3012
13719 4 2 1 1 1489 1484 3090 4280
13720 4 2 1 1 864 3091 869 4279
13721 4 2 1 1 2495 3627 3034 4323
13722 4 2 1 1 656 4457 763 4144
13723 4 2 1 1 1896 4458 2003 4143
13724 4 2 1 1 2672 3069 2336 4289
13725 4 2 1 1 2804 2686 4046 4204
13726 4 2 1 1 403 3019 243 399
13727 4 2 1 1 863 3021 1019 3971
13728 4 2 1 1 1483 3020 1639 3970
13729 4 2 1 1 2367 2746 4013 3846
13730 4 2 1 1 3184 180 1686 1449
13731 4 2 1 1 438 218 501 3645
13732 4 2 1 1 3587 4046 3622 2352
13733 4 2 1 1 244 3092 249 4275
13734 4 2 1 1 3956 3588 2064 3042
13735 4 2 1 1 2234 3336 2800 3893
13736 4 2 1 1 1271 1141 3184 4107
13737 4 2 1 1 2471 3357 2994 4174
13738 4 2 1 1 2499 3057 3773 3972
13739 4 2 1 1 3072 3457 2747 3936
13740 4 2 1 1 2938 3964 2312 4206
13741 4 2 1 1 1206 3530 2805 4069
13742 4 2 1 1 320 2808 319 329
13743 4 2 1 1 1560 2809 1559 1569
13744 4 2 1 1 940 2810 939 949
13745 4 2 1 1 1235 3358 1337 2931
13746 4 2 1 1 1283 3524 1384 3999
13747 4 2 1 1 2400 3688 3766 4377
13748 4 2 1 1 2509 2389 3257 4350
13749 4 2 1 1 3184 4506 181 1147
13750 4 2 1 1 1102 3953 1064 3342
13751 4 2 1 1 2779 2418 3421 4136
13752 4 2 1 1 2433 2308 2477 4166
13753 4 2 1 1 4026 2974 2281 3087
13754 4 2 1 1 2328 3106 3595 4027
13755 4 2 1 1 299 288 297 2864
13756 4 2 1 1 2215 3381 2633 3654
13757 4 2 1 1 4452 798 2944 534
13758 4 2 1 1 4453 1418 2943 1154
13759 4 2 1 1 487 461 4451 2945
13760 4 2 1 1 2640 2269 3561 3908
13761 4 2 1 1 36 37 2017 3177
13762 4 2 1 1 1224 1339 1179 3895
13763 4 2 1 1 2017 37 1767 3177
13764 4 2 1 1 2138 3714 2769 4236
13765 4 2 1 1 1304 3760 2572 3531
13766 4 2 1 1 2361 3394 2960 3550
13767 4 2 1 1 2208 3425 2444 3903
13768 4 2 1 1 1983 4444 2896 2024
13769 4 2 1 1 2609 2294 3914 3956
13770 4 2 1 1 2213 3199 2684 3839
13771 4 2 1 1 2211 2920 3867 3942
13772 4 2 1 1 3177 4542 36 208
13773 4 2 1 1 2180 3004 3936 4174
13774 4 2 1 1 274 3143 304 3636
13775 4 2 1 1 3045 3380 2651 3983
13776 4 2 1 1 3047 3379 2653 3982
13777 4 2 1 1 3046 3378 2652 3981
13778 4 2 1 1 2073 2582 3346 3931
13779 4 2 1 1 411 330 319 3587
13780 4 2 1 1 2420 3235 3093 3296
13781 4 2 1 1 3084 3301 2208 3425
13782 4 2 1 1 2342 3110 3108 4136
13783 4 2 1 1 136 135 4414 1714
13784 4 2 1 1 2414 3125 2818 3778
13785 4 2 1 1 1600 1725 1598 2776
13786 4 2 1 1 3904 4376 3713 2121
13787 4 2 1 1 1276 2917 1132 4091
13788 4 2 1 1 4213 4393 3092 2491
13789 4 2 1 1 2480 2066 4295 3890
13790 4 2 1 1 2466 2803 3220 4069
13791 4 2 1 1 2130 2653 3379 3631
13792 4 2 1 1 2227 3352 2786 3793
13793 4 2 1 1 434 359 3784 4089
13794 4 2 1 1 2499 2370 3697 2118
13795 4 2 1 1 1330 1239 1359 2914
13796 4 2 1 1 3340 498 3919 444
13797 4 2 1 1 1310 1258 1414 2758
13798 4 2 1 1 1849 1838 1948 3706
13799 4 2 1 1 4414 1729 136 1714
13800 4 2 1 1 2408 4278 2613 4321
13801 4 2 1 1 980 1105 978 2777
13802 4 2 1 1 2228 2576 3870 3918
13803 4 2 1 1 2126 3024 3932 4010
13804 4 2 1 1 3434 3698 2245 3937
13805 4 2 1 1 1714 4549 1717 135
13806 4 2 1 1 2519 3041 3038 3420
13807 4 2 1 1 2518 3039 3036 3419
13808 4 2 1 1 2517 3040 3037 3418
13809 4 2 1 1 2137 3133 3360 2556
13810 4 2 1 1 4378 2942 2438 2176
13811 4 2 1 1 4355 2940 2440 2175
13812 4 2 1 1 3449 3555 2266 4122
13813 4 2 1 1 3451 3557 2264 4124
13814 4 2 1 1 3450 3556 2265 4123
13815 4 2 1 1 3070 2700 3811 2455
13816 4 2 1 1 2461 3662 3024 4265
13817 4 2 1 1 2268 3209 3083 3673
13818 4 2 1 1 717 615 3363 3776
13819 4 2 1 1 2957 617 631 618
13820 4 2 1 1 2630 3136 2929 4237
13821 4 2 1 1 3340 498 444 209
13822 4 2 1 1 2751 2377 3646 4031
13823 4 2 1 1 1126 1084 2756 4173
13824 4 2 1 1 1518 4103 3050 4389
13825 4 2 1 1 278 4104 3051 4390
13826 4 2 1 1 1936 2638 3865 3998
13827 4 2 1 1 3125 3257 2448 3392
13828 4 2 1 1 592 693 542 3113
13829 4 2 1 1 3574 4000 2825 2455
13830 4 2 1 1 2747 3204 2390 3887
13831 4 2 1 1 696 2639 3863 4000
13832 4 2 1 1 3065 2710 4117 2987
13833 4 2 1 1 2427 4022 3496 3097
13834 4 2 1 1 389 388 2743 4140
13835 4 2 1 1 1629 1628 2742 4141
13836 4 2 1 1 1008 2744 1009 4139
13837 4 2 1 1 3340 498 209 2644
13838 4 2 1 1 4180 3394 3382 2597
13839 4 2 1 1 3021 3792 861 3899
13840 4 2 1 1 3020 3790 1481 3898
13841 4 2 1 1 3019 3791 241 3900
13842 4 2 1 1 3414 3986 1665 4385
13843 4 2 1 1 1045 3415 3987 4386
13844 4 2 1 1 3416 3985 425 4387
13845 4 2 1 1 2915 3130 2175 4110
13846 4 2 1 1 2959 1237 1251 1238
13847 4 2 1 1 2111 3603 2852 2220
13848 4 2 1 1 2193 3147 2835 3896
13849 4 2 1 1 2953 3260 465 3427
13850 4 2 1 1 2952 3258 1085 3428
13851 4 2 1 1 2951 3259 1705 3429
13852 4 2 1 1 2225 3628 3342 3953
13853 4 2 1 1 630 3661 2648 4015
13854 4 2 1 1 4263 2586 2206 3634
13855 4 2 1 1 4263 2206 2586 3371
13856 4 2 1 1 2626 4392 4320 2404
13857 4 2 1 1 3585 3276 2551 2171
13858 4 2 1 1 2648 3775 3661 4331
13859 4 2 1 1 476 256 248 4393
13860 4 2 1 1 666 665 667 3030
13861 4 2 1 1 3279 2600 1781 4175
13862 4 2 1 1 2076 3457 2577 3489
13863 4 2 1 1 4414 4487 796 136
13864 4 2 1 1 2067 2425 2713 2260
13865 4 2 1 1 2080 3293 2830 3952
13866 4 2 1 1 2163 3329 2845 4051
13867 4 2 1 1 3847 3340 2644 3919
13868 4 2 1 1 2551 3585 2881 2139
13869 4 2 1 1 3125 3978 2448 4299
13870 4 2 1 1 3242 3625 2821 3665
13871 4 2 1 1 1674 1599 3786 4125
13872 4 2 1 1 2376 2883 4192 4266
13873 4 2 1 1 2378 2884 4191 4267
13874 4 2 1 1 819 818 3908 647
13875 4 2 1 1 1054 979 3785 4121
13876 4 2 1 1 2313 3369 2782 3710
13877 4 2 1 1 3145 3641 2372 4268
13878 4 2 1 1 2595 2308 2101 3969
13879 4 2 1 1 1964 1863 1843 2919
13880 4 2 1 1 2423 2235 3209 3303
13881 4 2 1 1 2331 3773 3369 3972
13882 4 2 1 1 2525 3576 2680 3894
13883 4 2 1 1 2847 3929 3681 4217
13884 4 2 1 1 2846 3928 3680 4218
13885 4 2 1 1 1948 1953 1868 3706
13886 4 2 1 1 2569 2380 3469 3951
13887 4 2 1 1 2390 2747 3887 3936
13888 4 2 1 1 3847 3340 3919 2224
13889 4 2 1 1 2373 3146 3642 4272
13890 4 2 1 1 4549 532 535 135
13891 4 2 1 1 1350 1243 1223 2921
13892 4 2 1 1 2151 3658 3009 4057
13893 4 2 1 1 2868 167 168 1772
13894 4 2 1 1 4320 4392 2626 2075
13895 4 2 1 1 2207 3364 2380 3639
13896 4 2 1 1 2414 3778 2818 3848
13897 4 2 1 1 4221 3226 2243 2907
13898 4 2 1 1 2242 226 2828 3225
13899 4 2 1 1 2244 1055 2908 2945
13900 4 2 1 1 3753 3075 2175 2587
13901 4 2 1 1 1489 3090 3611 4280
13902 4 2 1 1 3091 3610 869 4279
13903 4 2 1 1 297 2864 3521 4316
13904 4 2 1 1 1217 1216 1356 3067
13905 4 2 1 1 2835 3012 2193 3896
13906 4 2 1 1 2250 3324 2843 4153
13907 4 2 1 1 2845 3232 2332 3705
13908 4 2 1 1 730 623 603 2922
13909 4 2 1 1 3092 3608 249 4275
13910 4 2 1 1 1838 3706 2678 4224
13911 4 2 1 1 724 565 733 2930
13912 4 2 1 1 2803 2805 3530 4069
13913 4 2 1 1 4148 1955 1830 3461
13914 4 2 1 1 2640 3561 2622 3703
13915 4 2 1 1 2121 3362 3239 3904
13916 4 2 1 1 2877 3364 2735 2207
13917 4 2 1 1 1855 3368 1956 2915
13918 4 2 1 1 917 2897 908 4268
13919 4 2 1 1 2970 2310 3705 4051
13920 4 2 1 1 2245 2645 3959 4281
13921 4 2 1 1 2637 3934 3682 4330
13922 4 2 1 1 2842 3323 2301 4117
13923 4 2 1 1 2843 3324 2302 4118
13924 4 2 1 1 1358 1340 1342 3153
13925 4 2 1 1 2004 2775 1901 4159
13926 4 2 1 1 2127 2971 3890 4321
13927 4 2 1 1 336 3449 2797 4387
13928 4 2 1 1 956 3450 2799 4386
13929 4 2 1 1 1576 3451 2798 4385
13930 4 2 1 1 1537 2899 1528 4272
13931 4 2 1 1 2580 2682 3353 3841
13932 4 2 1 1 3247 3558 3393 2371
13933 4 2 1 1 2872 3100 2184 3913
13934 4 2 1 1 2172 3537 3251 3819
13935 4 2 1 1 2105 2813 3553 4081
13936 4 2 1 1 4238 2303 3007 3875
13937 4 2 1 1 3684 4129 2464 4179
13938 4 2 1 1 1935 1939 1934 2822
13939 4 2 1 1 4161 3062 4011 2135
13940 4 2 1 1 2581 2681 2077 2363
13941 4 2 1 1 2659 3802 3440 4216
13942 4 2 1 1 3736 4046 2686 4204
13943 4 2 1 1 2822 3478 2454 3998
13944 4 2 1 1 2040 4156 1876 4286
13945 4 2 1 1 2154 2597 3382 4298
13946 4 2 1 1 699 694 695 2825
13947 4 2 1 1 2564 3382 4180 4348
13948 4 2 1 1 1420 4154 1256 4284
13949 4 2 1 1 2825 3479 2455 4000
13950 4 2 1 1 168 2036 2868 1772
13951 4 2 1 1 800 4155 636 4283
13952 4 2 1 1 1772 2868 167 1775
13953 4 2 1 1 3393 3558 3247 2121
13954 4 2 1 1 56 55 1153 4413
13955 4 2 1 1 3098 3649 2816 4184
13956 4 2 1 1 2209 3649 3098 4184
13957 4 2 1 1 2201 3500 2899 4059
13958 4 2 1 1 2303 2988 2935 3926
13959 4 2 1 1 2771 3750 2625 4203
13960 4 2 1 1 2400 3534 2890 4377
13961 4 2 1 1 1922 1921 4176 4258
13962 4 2 1 1 2197 3501 2897 4055
13963 4 2 1 1 2140 2634 3852 3087
13964 4 2 1 1 3775 4331 3444 2128
13965 4 2 1 1 456 3840 498 3919
13966 4 2 1 1 3016 2252 2421 3864
13967 4 2 1 1 2239 3141 2934 3377
13968 4 2 1 1 1781 3279 1779 4249
13969 4 2 1 1 2135 2544 2957 3977
13970 4 2 1 1 1374 4504 4418 196
13971 4 2 1 1 4167 3063 4012 2134
13972 4 2 1 1 2285 3164 2669 2484
13973 4 2 1 1 1153 1416 56 4413
13974 4 2 1 1 333 2857 4196 3449
13975 4 2 1 1 953 2855 4195 3450
13976 4 2 1 1 1573 2856 4194 3451
13977 4 2 1 1 2841 2597 3540 3857
13978 4 2 1 1 1332 2685 1228 4293
13979 4 2 1 1 4450 673 806 3426
13980 4 2 1 1 2479 2248 3704 4252
13981 4 2 1 1 2227 2705 3177 4119
13982 4 2 1 1 1061 4407 3390 4494
13983 4 2 1 1 3695 327 500 343
13984 4 2 1 1 2525 3599 2680 3930
13985 4 2 1 1 2065 2746 3846 4013
13986 4 2 1 1 2679 4075 2313 4395
13987 4 2 1 1 2134 2543 2959 3980
13988 4 2 1 1 3288 3314 2324 4031
13989 4 2 1 1 801 2849 3624 513
13990 4 2 1 1 2389 3920 2509 4299
13991 4 2 1 1 2157 2558 3170 4080
13992 4 2 1 1 2249 3323 2842 4093
13993 4 2 1 1 1429 1431 1304 3531
13994 4 2 1 1 2306 2876 3289 3715
13995 4 2 1 1 2863 3023 2360 4169
13996 4 2 1 1 1421 2850 3623 1133
13997 4 2 1 1 2639 2226 3574 4245
13998 4 2 1 1 2403 3246 3559 4199
13999 4 2 1 1 1178 1186 2765 3866
14000 4 2 1 1 1217 3656 1309 4344
14001 4 2 1 1 3241 3434 2245 4282
14002 4 2 1 1 3367 3433 2249 3667
14003 4 2 1 1 3620 4256 2608 2463
14004 4 2 1 1 2127 2477 3262 3890
14005 4 2 1 1 3334 3889 3495 4320
14006 4 2 1 1 1164 1165 1166 3635
14007 4 2 1 1 3413 2143 2458 2199
14008 4 2 1 1 4314 2741 2307 2583
14009 4 2 1 1 1320 2851 1164 4277
14010 4 2 1 1 2231 3071 2677 3788
14011 4 2 1 1 2180 3004 4174 2900
14012 4 2 1 1 2698 2193 3147 4029
14013 4 2 1 1 2409 3061 3709 4080
14014 4 2 1 1 2558 3709 3061 4080
14015 4 2 1 1 2340 3842 3095 4251
14016 4 2 1 1 4238 215 345 466
14017 4 2 1 1 250 247 2883 4266
14018 4 2 1 1 870 867 2884 4267
14019 4 2 1 1 2423 3209 3083 3303
14020 4 2 1 1 834 1001 1101 2908
14021 4 2 1 1 381 481 214 2906
14022 4 2 1 1 1721 1453 1621 2907
14023 4 2 1 1 3621 3839 2393 3118
14024 4 2 1 1 2189 3389 2864 3808
14025 4 2 1 1 2763 3770 2617 3920
14026 4 2 1 1 2133 2542 2961 3984
14027 4 2 1 1 1795 1793 1792 3301
14028 4 2 1 1 2307 2741 3119 4345
14029 4 2 1 1 3564 2433 4090 2298
14030 4 2 1 1 1405 1195 4172 4277
14031 4 2 1 1 2530 3395 2939 4237
14032 4 2 1 1 2365 3868 2735 4126
14033 4 2 1 1 2746 3311 2298 2755
14034 4 2 1 1 637 3328 3181 3481
14035 4 2 1 1 2245 3434 2632 3559
14036 4 2 1 1 879 878 873 2740
14037 4 2 1 1 1498 1493 1499 2739
14038 4 2 1 1 259 258 253 2738
14039 4 2 1 1 2577 3698 2334 3937
14040 4 2 1 1 2083 2749 3242 2503
14041 4 2 1 1 2651 3911 2519 3983
14042 4 2 1 1 2552 2880 3781 3912
14043 4 2 1 1 2529 3730 3122 4016
14044 4 2 1 1 1124 4045 3081 4188
14045 4 2 1 1 2237 2615 3263 4306
14046 4 2 1 1 2099 2722 2342 4244
14047 4 2 1 1 2346 2528 3566 3745
14048 4 2 1 1 3219 3880 2142 2509
14049 4 2 1 1 3295 3618 2567 4219
14050 4 2 1 1 2914 3895 3594 4044
14051 4 2 1 1 4522 798 4546 121
14052 4 2 1 1 436 486 4535 2943
14053 4 2 1 1 1106 4536 1056 2945
14054 4 2 1 1 2081 3411 2750 4313
14055 4 2 1 1 3116 3480 2247 3535
14056 4 2 1 1 950 939 1031 3591
14057 4 2 1 1 338 336 2797 4387
14058 4 2 1 1 1576 2798 1578 4385
14059 4 2 1 1 956 2799 958 4386
14060 4 2 1 1 1269 1438 3472 3475
14061 4 2 1 1 2232 3897 2676 4058
14062 4 2 1 1 848 846 3224 4371
14063 4 2 1 1 1468 1466 3226 4373
14064 4 2 1 1 228 226 3225 4372
14065 4 2 1 1 4238 345 215 2748
14066 4 2 1 1 676 766 672 2650
14067 4 2 1 1 1153 55 1155 4413
14068 4 2 1 1 1570 1559 1651 3592
14069 4 2 1 1 3272 3747 2399 3750
14070 4 2 1 1 2698 2193 4029 3149
14071 4 2 1 1 2820 2269 3484 3876
14072 4 2 1 1 2656 3834 2131 3965
14073 4 2 1 1 2290 3779 3018 3874
14074 4 2 1 1 1416 4413 1153 2861
14075 4 2 1 1 2492 2902 2241 4066
14076 4 2 1 1 1782 1832 1933 3121
14077 4 2 1 1 3915 2251 3723 3330
14078 4 2 1 1 1320 1405 2745 4277
14079 4 2 1 1 1153 4413 1155 2861
14080 4 2 1 1 2934 3141 2233 3377
14081 4 2 1 1 471 434 2917 4089
14082 4 2 1 1 570 587 571 4097
14083 4 2 1 1 1811 1810 1827 4098
14084 4 2 1 1 2996 3944 859 858
14085 4 2 1 1 637 3328 3481 638
14086 4 2 1 1 2276 2374 3617 2774
14087 4 2 1 1 1959 3033 1882 3761
14088 4 2 1 1 344 18 17 4430
14089 4 2 1 1 812 4444 748 531
14090 4 2 1 1 1966 1809 1820 3410
14091 4 2 1 1 3187 3196 2354 3940
14092 4 2 1 1 3188 3195 2353 3941
14093 4 2 1 1 3189 3194 2355 3939
14094 4 2 1 1 1604 2902 3356 3856
14095 4 2 1 1 2207 3309 2975 3997
14096 4 2 1 1 2367 3255 3122 4396
14097 4 2 1 1 554 3502 559 4056
14098 4 2 1 1 1649 3282 1534 3611
14099 4 2 1 1 1029 3281 914 3610
14100 4 2 1 1 1668 1544 1514 3146
14101 4 2 1 1 2890 3143 2182 3534
14102 4 2 1 1 338 451 405 4342
14103 4 2 1 1 1051 1014 1011 3189
14104 4 2 1 1 431 394 391 3187
14105 4 2 1 1 1631 1671 1634 3188
14106 4 2 1 1 1605 2700 1606 4255
14107 4 2 1 1 3102 3465 2358 3678
14108 4 2 1 1 3776 4158 2176 2930
14109 4 2 1 1 924 894 1048 3145
14110 4 2 1 1 2316 3291 2618 2155
14111 4 2 1 1 409 3280 294 3608
14112 4 2 1 1 2393 3118 2715 2399
14113 4 2 1 1 2251 2746 3438 3723
14114 4 2 1 1 2183 3154 2870 3253
14115 4 2 1 1 1687 3286 2964 3836
14116 4 2 1 1 447 3285 2965 3837
14117 4 2 1 1 1067 3287 2966 3838
14118 4 2 1 1 3137 2233 3275 4223
14119 4 2 1 1 63 64 4412 1682
14120 4 2 1 1 965 835 1086 2935
14121 4 2 1 1 2514 3382 3544 4362
14122 4 2 1 1 2184 3158 2872 3254
14123 4 2 1 1 4412 63 1682 3814
14124 4 2 1 1 710 709 713 2909
14125 4 2 1 1 2767 3261 2525 4347
14126 4 2 1 1 3594 4044 3560 2210
14127 4 2 1 1 2209 2633 4094 4184
14128 4 2 1 1 810 707 511 2693
14129 4 2 1 1 337 2643 508 3860
14130 4 2 1 1 1128 957 2642 3861
14131 4 2 1 1 1577 2641 1748 3862
14132 4 2 1 1 2994 3924 239 238
14133 4 2 1 1 2995 3923 1479 1478
14134 4 2 1 1 4409 463 215 3385
14135 4 2 1 1 2237 3349 3372 3758
14136 4 2 1 1 2774 3368 2371 3973
14137 4 2 1 1 2130 3941 2658 3966
14138 4 2 1 1 2129 3940 2657 3967
14139 4 2 1 1 2131 3939 2656 3965
14140 4 2 1 1 2260 3544 3382 4362
14141 4 2 1 1 3168 3313 2378 2884
14142 4 2 1 1 2671 3163 2337 4290
14143 4 2 1 1 2203 3163 2671 4290
14144 4 2 1 1 2673 3162 2338 4291
14145 4 2 1 1 2204 3162 2673 4291
14146 4 2 1 1 544 3113 3032 3638
14147 4 2 1 1 2413 2724 3672 4004
14148 4 2 1 1 2368 4028 2761 2674
14149 4 2 1 1 2824 2268 3475 3858
14150 4 2 1 1 4127 3115 2590 3170
14151 4 2 1 1 3457 2585 2577 4398
14152 4 2 1 1 999 907 1079 4229
14153 4 2 1 1 958 1071 1025 4341
14154 4 2 1 1 1934 2822 1939 3879
14155 4 2 1 1 415 3327 3958 4218
14156 4 2 1 1 4412 4429 202 2951
14157 4 2 1 1 1655 3326 3974 4217
14158 4 2 1 1 2948 3138 2185 3458
14159 4 2 1 1 2950 3139 2187 3459
14160 4 2 1 1 2949 3140 2186 3460
14161 4 2 1 1 2474 2833 3329 2590
14162 4 2 1 1 3066 3471 2343 4086
14163 4 2 1 1 2130 2658 3719 3966
14164 4 2 1 1 2129 2657 3720 3967
14165 4 2 1 1 3374 3948 2419 4313
14166 4 2 1 1 694 2825 699 3881
14167 4 2 1 1 2774 3558 3159 3973
14168 4 2 1 1 3153 3613 2445 3759
14169 4 2 1 1 2710 2842 2342 4117
14170 4 2 1 1 2100 4118 4336 2843
14171 4 2 1 1 2145 2825 2682 2455
14172 4 2 1 1 2213 2845 3232 3809
14173 4 2 1 1 2468 4172 3373 4277
14174 4 2 1 1 2833 2163 3329 2590
14175 4 2 1 1 3244 1415 1294 1288
14176 4 2 1 1 2144 2454 2822 2681
14177 4 2 1 1 1861 1848 3370 3461
14178 4 2 1 1 3998 4249 1860 4351
14179 4 2 1 1 3132 2942 2138 2557
14180 4 2 1 1 2378 3313 3168 3687
14181 4 2 1 1 3686 2203 3166 4052
14182 4 2 1 1 1725 2776 1600 3797
14183 4 2 1 1 2711 3799 3095 4189
14184 4 2 1 1 2113 2616 3492 2247
14185 4 2 1 1 3599 3930 2525 2584
14186 4 2 1 1 1804 3247 1797 3683
14187 4 2 1 1 1645 1578 1691 4340
14188 4 2 1 1 1898 1899 1900 3348
14189 4 2 1 1 2669 2133 2352 2484
14190 4 2 1 1 581 572 573 4163
14191 4 2 1 1 2316 3831 2972 2155
14192 4 2 1 1 1012 3386 2656 4303
14193 4 2 1 1 392 3387 2657 4304
14194 4 2 1 1 1632 3388 2658 4305
14195 4 2 1 1 2358 4166 3267 2383
14196 4 2 1 1 2442 3477 3007 3523
14197 4 2 1 1 1731 4412 3814 2951
14198 4 2 1 1 971 827 972 2905
14199 4 2 1 1 980 1105 2777 3798
14200 4 2 1 1 1446 1592 1591 2904
14201 4 2 1 1 352 351 207 2903
14202 4 2 1 1 271 367 382 4067
14203 4 2 1 1 700 785 779 4285
14204 4 2 1 1 1884 3094 1885 3722
14205 4 2 1 1 1231 1244 1219 2862
14206 4 2 1 1 4412 4429 64 202
14207 4 2 1 1 1184 4187 1360 1190
14208 4 2 1 1 965 1086 936 4183
14209 4 2 1 1 1023 3168 866 3464
14210 4 2 1 1 403 3167 246 3463
14211 4 2 1 1 1643 3166 1486 3462
14212 4 2 1 1 959 1117 1071 3861
14213 4 2 1 1 1691 1579 1737 3862
14214 4 2 1 1 497 451 339 3860
14215 4 2 1 1 2891 3145 2183 3533
14216 4 2 1 1 3621 3839 3118 2684
14217 4 2 1 1 2889 3146 2184 3532
14218 4 2 1 1 3136 3619 2067 4265
14219 4 2 1 1 1296 1201 1297 2871
14220 4 2 1 1 2157 2729 2558 2955
14221 4 2 1 1 2362 2246 2624 3841
14222 4 2 1 1 1982 2757 1921 3743
14223 4 2 1 1 2090 2752 3476 3885
14224 4 2 1 1 1319 1233 1324 3559
14225 4 2 1 1 2204 3313 3168 2884
14226 4 2 1 1 1916 2054 1821 2997
14227 4 2 1 1 163 829 3865 4497
14228 4 2 1 1 1959 1963 3033 4169
14229 4 2 1 1 2190 2692 3103 3585
14230 4 2 1 1 1289 1286 1288 4274
14231 4 2 1 1 3275 3750 4203 2625
14232 4 2 1 1 320 2857 413 4357
14233 4 2 1 1 1033 940 2855 4359
14234 4 2 1 1 1653 1560 2856 4358
14235 4 2 1 1 2217 2739 3014 3646
14236 4 2 1 1 2218 2738 3013 3648
14237 4 2 1 1 2216 2740 3015 3647
14238 4 2 1 1 649 818 647 3561
14239 4 2 1 1 1719 4538 3863 130
14240 4 2 1 1 2858 2237 3349 4352
14241 4 2 1 1 2289 3655 2753 3938
14242 4 2 1 1 368 3001 456 3919
14243 4 2 1 1 2297 3362 3904 4278
14244 4 2 1 1 2520 3996 3290 4106
14245 4 2 1 1 2379 2737 3363 4334
14246 4 2 1 1 2052 4445 1771 2896
14247 4 2 1 1 1438 4441 1373 1143
14248 4 2 1 1 1868 1953 1834 2834
14249 4 2 1 1 1084 1041 1113 4382
14250 4 2 1 1 2245 3246 2632 3937
14251 4 2 1 1 2896 784 120 799
14252 4 2 1 1 1404 2896 200 4445
14253 4 2 1 1 104 2896 531 4444
14254 4 2 1 1 4411 144 143 1693
14255 4 2 1 1 1340 3153 1358 4383
14256 4 2 1 1 1406 2765 1186 4022
14257 4 2 1 1 1251 1338 1237 4343
14258 4 2 1 1 1360 4187 1184 2695
14259 4 2 1 1 3131 2555 2175 2940
14260 4 2 1 1 1693 143 4411 3815
14261 4 2 1 1 4411 1443 144 1693
14262 4 2 1 1 4411 1586 1443 1693
14263 4 2 1 1 2191 3265 2974 4021
14264 4 2 1 1 2162 3456 2802 3613
14265 4 2 1 1 648 2640 3561 3908
14266 4 2 1 1 2830 3293 2277 3952
14267 4 2 1 1 2234 2640 3703 3022
14268 4 2 1 1 2316 3831 4002 2984
14269 4 2 1 1 3131 2555 2940 2136
14270 4 2 1 1 637 2693 3181 707
14271 4 2 1 1 3244 1415 1288 2427
14272 4 2 1 1 1737 3862 2943 4222
14273 4 2 1 1 1117 3861 2944 4221
14274 4 2 1 1 497 3860 2945 4220
14275 4 2 1 1 2665 3232 3809 4392
14276 4 2 1 1 594 595 580 3366
14277 4 2 1 1 2698 2193 3149 3896
14278 4 2 1 1 2817 3253 2372 3554
14279 4 2 1 1 2815 3254 2373 3551
14280 4 2 1 1 2487 3121 3627 4323
14281 4 2 1 1 4411 1586 1693 3815
14282 4 2 1 1 2065 2844 2746 3934
14283 4 2 1 1 967 920 3224 3445
14284 4 2 1 1 300 3225 347 3446
14285 4 2 1 1 1540 3226 1587 3447
14286 4 2 1 1 2340 3842 3028 4067
14287 4 2 1 1 2819 3689 2535 3777
14288 4 2 1 1 2453 3433 3367 2586
14289 4 2 1 1 1604 1723 1597 3856
14290 4 2 1 1 3077 3888 2492 2105
14291 4 2 1 1 3081 3892 2493 4077
14292 4 2 1 1 2343 3471 3066 2853
14293 4 2 1 1 2909 3273 2188 3502
14294 4 2 1 1 3526 2662 1864 1851
14295 4 2 1 1 2387 3372 3349 3758
14296 4 2 1 1 1870 3722 2621 4297
14297 4 2 1 1 2186 2886 3981 4033
14298 4 2 1 1 2187 2887 3982 4034
14299 4 2 1 1 2185 2888 3983 4035
14300 4 2 1 1 2538 3822 3250 4040
14301 4 2 1 1 2536 3821 3249 4039
14302 4 2 1 1 2336 3069 3019 4289
14303 4 2 1 1 637 2693 707 810
14304 4 2 1 1 2146 3755 3038 4302
14305 4 2 1 1 2147 3756 3036 4300
14306 4 2 1 1 2148 3757 3037 4301
14307 4 2 1 1 917 919 908 2897
14308 4 2 1 1 2678 3706 2479 3869
14309 4 2 1 1 2174 3101 3513 3577
14310 4 2 1 1 2386 3513 3101 3577
14311 4 2 1 1 274 428 304 3143
14312 4 2 1 1 2361 2960 3394 3857
14313 4 2 1 1 1073 15 16 4410
14314 4 2 1 1 4410 1073 15 3813
14315 4 2 1 1 2689 2508 2218 3598
14316 4 2 1 1 2510 4240 2926 4270
14317 4 2 1 1 1908 1914 2035 4246
14318 4 2 1 1 2296 3614 2208 4009
14319 4 2 1 1 2089 3235 3221 3308
14320 4 2 1 1 3526 1864 2662 3300
14321 4 2 1 1 4158 605 591 4378
14322 4 2 1 1 1539 1528 1537 2899
14323 4 2 1 1 1091 1054 2916 4121
14324 4 2 1 1 1674 2918 1711 4125
14325 4 2 1 1 2324 3288 2987 3314
14326 4 2 1 1 2472 3356 2995 4248
14327 4 2 1 1 1205 1221 1214 3562
14328 4 2 1 1 2819 2375 3689 3777
14329 4 2 1 1 3275 4203 3750 2446
14330 4 2 1 1 2923 3104 2223 3722
14331 4 2 1 1 3525 2661 624 611
14332 4 2 1 1 2238 3295 2646 3618
14333 4 2 1 1 4224 1836 1838 1824
14334 4 2 1 1 1363 4445 2896 1404
14335 4 2 1 1 2234 3302 3215 3893
14336 4 2 1 1 3811 3863 2455 4125
14337 4 2 1 1 818 4442 753 523
14338 4 2 1 1 3812 3865 2454 4121
14339 4 2 1 1 1846 1964 1831 4355
14340 4 2 1 1 450 387 3452 4112
14341 4 2 1 1 1690 1627 3453 4111
14342 4 2 1 1 1007 3454 1070 4113
14343 4 2 1 1 2447 3677 3084 3731
14344 4 2 1 1 611 3525 2661 3957
14345 4 2 1 1 1225 1208 1348 4250
14346 4 2 1 1 508 509 213 2643
14347 4 2 1 1 1128 1129 833 2642
14348 4 2 1 1 1454 1748 1749 2641
14349 4 2 1 1 2953 3250 2196 3454
14350 4 2 1 1 2951 3249 2195 3452
14351 4 2 1 1 2952 3248 2194 3453
14352 4 2 1 1 1073 16 822 4410
14353 4 2 1 1 2237 2928 3318 3826
14354 4 2 1 1 1294 4022 3244 4172
14355 4 2 1 1 592 3113 544 3638
14356 4 2 1 1 1851 3526 2662 3960
14357 4 2 1 1 307 321 2882 3993
14358 4 2 1 1 1547 1561 2881 3994
14359 4 2 1 1 941 2880 927 3995
14360 4 2 1 1 2131 3096 3330 3380
14361 4 2 1 1 2384 3404 3913 4152
14362 4 2 1 1 3215 3302 2422 3893
14363 4 2 1 1 3117 3473 2246 3539
14364 4 2 1 1 364 2900 393 3357
14365 4 2 1 1 2901 1103 1013 984
14366 4 2 1 1 1633 1604 2902 3356
14367 4 2 1 1 4258 1926 3470 2051
14368 4 2 1 1 4410 966 822 1073
14369 4 2 1 1 1303 1386 3832 4120
14370 4 2 1 1 2306 3289 3606 3715
14371 4 2 1 1 4410 966 1073 3813
14372 4 2 1 1 60 4409 59 1456
14373 4 2 1 1 1939 3879 2822 4394
14374 4 2 1 1 3525 624 2661 3299
14375 4 2 1 1 2189 2864 3521 3808
14376 4 2 1 1 2239 2934 2491 4213
14377 4 2 1 1 1456 4486 1680 2748
14378 4 2 1 1 2002 2000 1753 2916
14379 4 2 1 1 1132 1382 1380 2917
14380 4 2 1 1 760 512 762 2918
14381 4 2 1 1 1118 1076 3812 3953
14382 4 2 1 1 988 2983 4116 4188
14383 4 2 1 1 580 2428 729 569
14384 4 2 1 1 3613 3759 3153 4383
14385 4 2 1 1 2825 699 3881 4397
14386 4 2 1 1 1595 1715 1709 3724
14387 4 2 1 1 975 1095 1089 3725
14388 4 2 1 1 355 475 469 3726
14389 4 2 1 1 551 709 554 3502
14390 4 2 1 1 4364 3809 2370 4392
14391 4 2 1 1 3137 4223 3275 4350
14392 4 2 1 1 3630 3737 3565 2851
14393 4 2 1 1 2997 3294 2375 4176
14394 4 2 1 1 2189 3521 2864 4046
14395 4 2 1 1 2168 2786 3352 3793
14396 4 2 1 1 2102 2456 4032 4269
14397 4 2 1 1 3187 3940 2354 4047
14398 4 2 1 1 3188 3941 2353 4048
14399 4 2 1 1 3189 3939 2355 4049
14400 4 2 1 1 2762 3956 2294 4179
14401 4 2 1 1 2422 3215 3073 3302
14402 4 2 1 1 1161 1159 3739 4338
14403 4 2 1 1 2362 3473 2989 2246
14404 4 2 1 1 1327 1341 1260 4219
14405 4 2 1 1 2176 3634 2119 4263
14406 4 2 1 1 360 485 358 2778
14407 4 2 1 1 873 2740 878 4083
14408 4 2 1 1 253 2738 258 4084
14409 4 2 1 1 1493 2739 1498 4085
14410 4 2 1 1 2358 3465 3102 3849
14411 4 2 1 1 2257 2965 3053 4301
14412 4 2 1 1 2256 2964 3055 4300
14413 4 2 1 1 2258 2966 3054 4302
14414 4 2 1 1 2671 2203 3571 2987
14415 4 2 1 1 2177 3639 3396 4262
14416 4 2 1 1 747 761 527 3612
14417 4 2 1 1 1295 4311 1296 2633
14418 4 2 1 1 4409 4481 463 3385
14419 4 2 1 1 1194 1187 1339 2973
14420 4 2 1 1 2316 2618 3831 2155
14421 4 2 1 1 3125 3334 2414 3889
14422 4 2 1 1 1295 1296 4311 3496
14423 4 2 1 1 2887 3982 4034 4322
14424 4 2 1 1 2324 3707 3288 4031
14425 4 2 1 1 717 724 733 4334
14426 4 2 1 1 1171 1174 1170 3675
14427 4 2 1 1 2213 3232 2970 3839
14428 4 2 1 1 2239 2934 3141 4251
14429 4 2 1 1 1945 1792 1942 2734
14430 4 2 1 1 1317 3236 2917 1382
14431 4 2 1 1 308 307 321 2882
14432 4 2 1 1 928 927 941 2880
14433 4 2 1 1 1547 1561 1548 2881
14434 4 2 1 1 2313 3511 2766 3972
14435 4 2 1 1 2871 1296 4311 2633
14436 4 2 1 1 3004 3377 2239 4213
14437 4 2 1 1 4525 1770 2027 3468
14438 4 2 1 1 1361 3241 1325 1322
14439 4 2 1 1 426 2786 379 4119
14440 4 2 1 1 2219 2680 3576 3894
14441 4 2 1 1 2111 2190 2779 4050
14442 4 2 1 1 4238 2303 3875 2748
14443 4 2 1 1 2757 3165 2375 4176
14444 4 2 1 1 2193 2835 3147 3577
14445 4 2 1 1 2871 4311 1296 3496
14446 4 2 1 1 430 431 395 3387
14447 4 2 1 1 1635 1670 1671 3388
14448 4 2 1 1 1015 1050 1051 3386
14449 4 2 1 1 2423 2235 3303 2958
14450 4 2 1 1 2538 3089 4040 2196
14451 4 2 1 1 2536 3088 4039 2195
14452 4 2 1 1 1653 1560 1574 2856
14453 4 2 1 1 1033 940 954 2855
14454 4 2 1 1 413 320 334 2857
14455 4 2 1 1 4409 4481 60 463
14456 4 2 1 1 2192 2821 3625 4099
14457 4 2 1 1 2614 2223 3524 3877
14458 4 2 1 1 2324 3571 3065 4050
14459 4 2 1 1 2975 3382 2514 4362
14460 4 2 1 1 1892 3370 1872 3695
14461 4 2 1 1 3635 4205 1166 4277
14462 4 2 1 1 2361 3857 3515 3859
14463 4 2 1 1 2127 2398 2869 4164
14464 4 2 1 1 1084 3417 1041 4382
14465 4 2 1 1 2678 3397 2479 3706
14466 4 2 1 1 3068 2142 3219 3880
14467 4 2 1 1 2395 3158 2291 3676
14468 4 2 1 1 2064 2670 3371 4337
14469 4 2 1 1 2586 2119 3634 4263
14470 4 2 1 1 2746 3682 2297 2755
14471 4 2 1 1 2142 3068 3219 2381
14472 4 2 1 1 2425 3216 2815 2598
14473 4 2 1 1 378 479 377 3884
14474 4 2 1 1 2529 2345 2998 4336
14475 4 2 1 1 2528 2346 2999 4335
14476 4 2 1 1 2585 3396 3639 4262
14477 4 2 1 1 3515 3859 2255 4008
14478 4 2 1 1 1942 1787 1941 2911
14479 4 2 1 1 2185 2888 3380 3983
14480 4 2 1 1 2186 2886 3378 3981
14481 4 2 1 1 2187 2887 3379 3982
14482 4 2 1 1 1014 1011 3189 4049
14483 4 2 1 1 391 3187 394 4047
14484 4 2 1 1 1631 3188 1634 4048
14485 4 2 1 1 3134 3779 3018 2385
14486 4 2 1 1 2116 4106 2867 4227
14487 4 2 1 1 517 4477 3217 3668
14488 4 2 1 1 2267 2836 3093 4375
14489 4 2 1 1 2569 3364 2307 4381
14490 4 2 1 1 1252 1395 2850 3727
14491 4 2 1 1 2065 2651 2295 3723
14492 4 2 1 1 2426 3412 2817 4130
14493 4 2 1 1 1367 1381 1147 3637
14494 4 2 1 1 2292 3520 2870 2515
14495 4 2 1 1 2314 3333 3057 4295
14496 4 2 1 1 775 2849 632 3728
14497 4 2 1 1 2955 2558 2174 2729
14498 4 2 1 1 2564 4032 3544 4348
14499 4 2 1 1 1340 4201 3153 4383
14500 4 2 1 1 2407 4002 2708 4160
14501 4 2 1 1 2955 2174 2558 3577
14502 4 2 1 1 2708 3694 2188 3891
14503 4 2 1 1 3111 3810 2912 4248
14504 4 2 1 1 2394 3154 2292 3679
14505 4 2 1 1 3915 2251 3330 2300
14506 4 2 1 1 2233 4223 3261 2584
14507 4 2 1 1 3516 3544 2260 4362
14508 4 2 1 1 2156 2818 3778 3848
14509 4 2 1 1 2805 3264 1354 4069
14510 4 2 1 1 2610 3915 3723 2295
14511 4 2 1 1 2067 3024 3662 4265
14512 4 2 1 1 2754 3565 1161 4338
14513 4 2 1 1 4409 1733 2748 1456
14514 4 2 1 1 1456 4486 2748 4409
14515 4 2 1 1 2701 3573 2983 4361
14516 4 2 1 1 1967 2040 1876 4286
14517 4 2 1 1 2454 3812 2701 3573
14518 4 2 1 1 2005 2043 3229 4360
14519 4 2 1 1 2275 2207 2877 2735
14520 4 2 1 1 4408 12 11 835
14521 4 2 1 1 2474 3097 2807 3690
14522 4 2 1 1 2929 3136 2530 4237
14523 4 2 1 1 1423 3228 1385 4356
14524 4 2 1 1 2768 2306 3517 3606
14525 4 2 1 1 842 2944 4435 4221
14526 4 2 1 1 222 4436 2943 4222
14527 4 2 1 1 223 2945 4434 4220
14528 4 2 1 1 1414 2758 1258 3992
14529 4 2 1 1 2519 3422 3755 3983
14530 4 2 1 1 2517 3424 3757 3981
14531 4 2 1 1 2518 3423 3756 3982
14532 4 2 1 1 1352 1420 1256 4284
14533 4 2 1 1 3190 3720 4304 2336
14534 4 2 1 1 3191 3719 4305 2337
14535 4 2 1 1 3119 3489 2406 3959
14536 4 2 1 1 1270 1435 1260 4219
14537 4 2 1 1 2083 3242 2749 4128
14538 4 2 1 1 803 3227 765 4353
14539 4 2 1 1 3615 4274 1286 4339
14540 4 2 1 1 2838 2269 3017 3876
14541 4 2 1 1 2428 3339 3658 3835
14542 4 2 1 1 2323 2986 3313 4129
14543 4 2 1 1 345 3007 3875 4238
14544 4 2 1 1 366 365 362 2711
14545 4 2 1 1 506 4541 440 3926
14546 4 2 1 1 732 800 636 4283
14547 4 2 1 1 1840 3116 1852 3960
14548 4 2 1 1 1347 3868 3548 4293
14549 4 2 1 1 2103 3682 3125 3978
14550 4 2 1 1 2837 2268 3016 3858
14551 4 2 1 1 600 3117 612 3957
14552 4 2 1 1 2562 4257 3694 2073
14553 4 2 1 1 2367 3846 2788 2462
14554 4 2 1 1 2364 2182 2893 3182
14555 4 2 1 1 4172 1323 2765 3373
14556 4 2 1 1 1859 1966 1978 3731
14557 4 2 1 1 2359 3769 3347 3770
14558 4 2 1 1 2205 3181 2693 4027
14559 4 2 1 1 2569 2937 3003 4314
14560 4 2 1 1 4183 916 935 936
14561 4 2 1 1 1537 3500 2899 4272
14562 4 2 1 1 917 3501 2897 4268
14563 4 2 1 1 2652 3589 2517 3981
14564 4 2 1 1 2841 3540 3442 3857
14565 4 2 1 1 2653 3588 2518 3982
14566 4 2 1 1 1076 988 2983 3953
14567 4 2 1 1 1050 880 903 2980
14568 4 2 1 1 283 430 260 2981
14569 4 2 1 1 1744 1511 4042 4255
14570 4 2 1 1 3236 2199 3413 2917
14571 4 2 1 1 1314 1161 1240 2754
14572 4 2 1 1 2917 3236 2199 3354
14573 4 2 1 1 2382 3247 3558 2121
14574 4 2 1 1 2614 3524 2923 3999
14575 4 2 1 1 4172 2765 1323 4022
14576 4 2 1 1 2369 3692 3684 4064
14577 4 2 1 1 273 3120 286 4024
14578 4 2 1 1 2184 2889 3532 2401
14579 4 2 1 1 2127 3519 3262 4090
14580 4 2 1 1 2301 2852 3603 3806
14581 4 2 1 1 2302 2853 3604 3807
14582 4 2 1 1 2984 3699 3583 3278
14583 4 2 1 1 2154 3607 2597 4298
14584 4 2 1 1 812 3468 2896 3531
14585 4 2 1 1 835 4408 12 1083
14586 4 2 1 1 3178 3774 2253 3908
14587 4 2 1 1 1293 1364 1426 2712
14588 4 2 1 1 1943 2033 3169 3754
14589 4 2 1 1 360 485 2778 3799
14590 4 2 1 1 3583 3699 2984 2119
14591 4 2 1 1 2358 3237 2986 2723
14592 4 2 1 1 1374 1303 1412 3832
14593 4 2 1 1 2831 3801 3198 4294
14594 4 2 1 1 2183 2891 3533 2402
14595 4 2 1 1 2107 3312 3122 4264
14596 4 2 1 1 2361 2960 3857 3859
14597 4 2 1 1 2284 3444 3344 3602
14598 4 2 1 1 2823 3878 2646 3935
14599 4 2 1 1 325 465 491 3260
14600 4 2 1 1 945 1085 1111 3258
14601 4 2 1 1 1565 1705 1731 3259
14602 4 2 1 1 1872 2015 2839 3736
14603 4 2 1 1 297 3521 2864 4024
14604 4 2 1 1 288 2864 3626 4024
14605 4 2 1 1 2069 3115 3208 3170
14606 4 2 1 1 612 740 741 3539
14607 4 2 1 1 2162 3613 2802 2867
14608 4 2 1 1 2553 3625 2882 2141
14609 4 2 1 1 4091 4490 2917 1132
14610 4 2 1 1 1211 1209 1208 3129
14611 4 2 1 1 4450 1270 3426 1400
14612 4 2 1 1 3135 3831 2618 2155
14613 4 2 1 1 4545 1064 4406 3342
14614 4 2 1 1 2972 3522 557 2930
14615 4 2 1 1 2293 2761 3043 2063
14616 4 2 1 1 4008 2802 3290 3134
14617 4 2 1 1 1264 1266 1265 3238
14618 4 2 1 1 2457 3156 3068 4092
14619 4 2 1 1 1433 1259 2823 3668
14620 4 2 1 1 678 676 677 3124
14621 4 2 1 1 4408 1086 1083 835
14622 4 2 1 1 2783 3905 3194 4259
14623 4 2 1 1 2785 3907 3196 4260
14624 4 2 1 1 2784 3906 3195 4261
14625 4 2 1 1 2655 3437 2091 3563
14626 4 2 1 1 2591 2345 3542 3620
14627 4 2 1 1 3288 3975 2368 4068
14628 4 2 1 1 2021 3000 1909 1911
14629 4 2 1 1 2423 2235 2958 3160
14630 4 2 1 1 2213 3809 3232 4392
14631 4 2 1 1 2418 2190 2969 4050
14632 4 2 1 1 688 3482 671 687
14633 4 2 1 1 3682 4320 3644 2755
14634 4 2 1 1 2933 3800 2344 3910
14635 4 2 1 1 3290 3490 2802 3996
14636 4 2 1 1 2339 3895 2914 4044
14637 4 2 1 1 2119 4002 3831 2984
14638 4 2 1 1 2733 3685 1854 4224
14639 4 2 1 1 2767 3261 2389 4350
14640 4 2 1 1 2014 2043 1965 3738
14641 4 2 1 1 2127 3311 2869 2398
14642 4 2 1 1 1987 2001 1767 3645
14643 4 2 1 1 2519 3035 3420 3911
14644 4 2 1 1 2254 3666 2647 3778
14645 4 2 1 1 4544 444 4405 3340
14646 4 2 1 1 788 517 4477 3217
14647 4 2 1 1 2165 2800 3336 3893
14648 4 2 1 1 2730 3404 2357 4198
14649 4 2 1 1 2185 2627 3755 4233
14650 4 2 1 1 3314 3646 2377 4031
14651 4 2 1 1 2187 2628 3756 4234
14652 4 2 1 1 2186 2629 3757 4235
14653 4 2 1 1 1208 1211 3129 4250
14654 4 2 1 1 1555 1655 1535 3326
14655 4 2 1 1 315 415 295 3327
14656 4 2 1 1 3874 3550 3024 2456
14657 4 2 1 1 149 150 4401 837
14658 4 2 1 1 3485 4160 2708 4257
14659 4 2 1 1 2178 3096 2898 3493
14660 4 2 1 1 3975 3745 2730 2102
14661 4 2 1 1 4127 3115 3170 2511
14662 4 2 1 1 670 668 795 3850
14663 4 2 1 1 1351 1394 1423 3741
14664 4 2 1 1 2735 3358 2380 3951
14665 4 2 1 1 2223 3537 2621 3722
14666 4 2 1 1 2476 3220 2803 3530
14667 4 2 1 1 2404 2684 3118 3839
14668 4 2 1 1 1479 1478 1480 2995
14669 4 2 1 1 238 240 239 2994
14670 4 2 1 1 860 859 858 2996
14671 4 2 1 1 2684 3219 2142 2509
14672 4 2 1 1 3192 3834 4303 2338
14673 4 2 1 1 2434 3813 2702 3927
14674 4 2 1 1 2436 3815 2704 3929
14675 4 2 1 1 3928 4242 3814 2435
14676 4 2 1 1 2858 3293 3529 3952
14677 4 2 1 1 4471 1411 3538 1366
14678 4 2 1 1 2306 3004 3854 4174
14679 4 2 1 1 217 22 21 4400
14680 4 2 1 1 2595 3433 2670 3667
14681 4 2 1 1 2178 2898 3096 4170
14682 4 2 1 1 2056 2014 1873 3734
14683 4 2 1 1 1394 1253 1436 3732
14684 4 2 1 1 774 633 816 3733
14685 4 2 1 1 2319 3163 3020 3962
14686 4 2 1 1 2317 3162 3021 3963
14687 4 2 1 1 4408 1086 835 2935
14688 4 2 1 1 4541 216 440 11
14689 4 2 1 1 1455 139 140 4407
14690 4 2 1 1 2290 3779 3874 4257
14691 4 2 1 1 2297 3682 2746 3934
14692 4 2 1 1 3565 3721 3635 2851
14693 4 2 1 1 731 774 803 3742
14694 4 2 1 1 2061 2298 2617 2998
14695 4 2 1 1 2139 2692 3585 3664
14696 4 2 1 1 1966 3410 1820 3828
14697 4 2 1 1 2800 999 4182 4229
14698 4 2 1 1 2696 2930 3522 3831
14699 4 2 1 1 2659 2339 3442 2867
14700 4 2 1 1 3413 2199 2458 2917
14701 4 2 1 1 2422 3437 3215 3893
14702 4 2 1 1 1427 1391 1269 3475
14703 4 2 1 1 4540 836 2756 1060
14704 4 2 1 1 4407 140 1455 1703
14705 4 2 1 1 210 4496 3287 467
14706 4 2 1 1 2435 3259 2881 4242
14707 4 2 1 1 2436 3258 2880 4243
14708 4 2 1 1 2434 3260 2882 4241
14709 4 2 1 1 2166 3964 3829 4041
14710 4 2 1 1 2248 2745 3999 3615
14711 4 2 1 1 2648 2284 4331 3049
14712 4 2 1 1 3975 3745 2528 2730
14713 4 2 1 1 2291 3518 2872 3552
14714 4 2 1 1 408 407 266 3993
14715 4 2 1 1 1028 4267 1027 886
14716 4 2 1 1 1647 3079 3399 1506
14717 4 2 1 1 2291 4028 3518 2674
14718 4 2 1 1 1422 1381 1335 3789
14719 4 2 1 1 508 337 509 2643
14720 4 2 1 1 1128 957 1129 2642
14721 4 2 1 1 1749 1748 1577 2641
14722 4 2 1 1 2747 3457 3072 4018
14723 4 2 1 1 2288 3583 3433 3969
14724 4 2 1 1 2575 3963 3162 4214
14725 4 2 1 1 2358 2781 3465 3849
14726 4 2 1 1 3486 3909 2618 3931
14727 4 2 1 1 297 299 2864 4316
14728 4 2 1 1 2079 4023 2596 4287
14729 4 2 1 1 2231 3292 3345 3945
14730 4 2 1 1 2712 1880 1947 2055
14731 4 2 1 1 2420 3570 3001 4067
14732 4 2 1 1 1141 1261 1272 2667
14733 4 2 1 1 2285 2808 2352 3587
14734 4 2 1 1 1438 1143 1439 2824
14735 4 2 1 1 2119 2696 3699 2984
14736 4 2 1 1 3178 3774 645 4015
14737 4 2 1 1 1349 1215 1359 3672
14738 4 2 1 1 1296 1298 1386 3197
14739 4 2 1 1 3964 3659 2963 3829
14740 4 2 1 1 2772 3171 2248 3615
14741 4 2 1 1 2115 3959 2645 4281
14742 4 2 1 1 3630 3565 3737 2348
14743 4 2 1 1 815 3274 640 3439
14744 4 2 1 1 1501 1519 1518 3050
14745 4 2 1 1 261 279 278 3051
14746 4 2 1 1 899 898 881 3052
14747 4 2 1 1 3024 3210 2461 4265
14748 4 2 1 1 642 735 622 3022
14749 4 2 1 1 1481 3898 3790 4305
14750 4 2 1 1 861 3899 3792 4303
14751 4 2 1 1 241 3900 3791 4304
14752 4 2 1 1 2368 3620 3707 4068
14753 4 2 1 1 652 520 641 2668
14754 4 2 1 1 1893 2034 1878 2816
14755 4 2 1 1 3394 2260 3550 4348
14756 4 2 1 1 408 266 3078 3993
14757 4 2 1 1 1028 4267 886 3080
14758 4 2 1 1 1647 3079 1506 1648
14759 4 2 1 1 1828 1827 3579 4110
14760 4 2 1 1 3091 3610 2317 4324
14761 4 2 1 1 378 3840 3884 377
14762 4 2 1 1 3238 3530 2315 3878
14763 4 2 1 1 2143 3512 3338 3844
14764 4 2 1 1 1828 2555 3579 1971
14765 4 2 1 1 3090 3611 2319 4325
14766 4 2 1 1 4407 1706 3390 1703
14767 4 2 1 1 4158 587 728 3578
14768 4 2 1 1 4158 728 587 588
14769 4 2 1 1 2349 3487 2679 4395
14770 4 2 1 1 2790 3737 2153 4108
14771 4 2 1 1 2136 3131 3870 4035
14772 4 2 1 1 4088 3172 4058 2240
14773 4 2 1 1 2088 2955 2375 4080
14774 4 2 1 1 4059 3623 3592 2351
14775 4 2 1 1 2274 4011 2957 4226
14776 4 2 1 1 4281 2695 3119 2245
14777 4 2 1 1 738 614 3372 3826
14778 4 2 1 1 1361 3241 1322 4282
14779 4 2 1 1 1828 1827 1971 3579
14780 4 2 1 1 601 628 594 3049
14781 4 2 1 1 3394 3550 2361 4348
14782 4 2 1 1 1812 4186 1807 1813
14783 4 2 1 1 3403 2572 742 4379
14784 4 2 1 1 3623 3727 1421 4284
14785 4 2 1 1 3168 3464 1023 3971
14786 4 2 1 1 3167 3463 403 2489
14787 4 2 1 1 3166 3462 1643 3970
14788 4 2 1 1 2416 3519 3262 2075
14789 4 2 1 1 1919 1921 2757 4176
14790 4 2 1 1 2653 3914 2294 3956
14791 4 2 1 1 4407 1706 1703 1455
14792 4 2 1 1 2481 3694 3291 2073
14793 4 2 1 1 2507 3596 2691 4149
14794 4 2 1 1 2506 3597 2690 4150
14795 4 2 1 1 2508 3598 2689 4151
14796 4 2 1 1 2575 2398 3493 4214
14797 4 2 1 1 2205 2693 3181 3481
14798 4 2 1 1 4521 1150 3470 4547
14799 4 2 1 1 3070 3968 1608 4255
14800 4 2 1 1 3592 3623 4059 1637
14801 4 2 1 1 2347 3602 2831 3801
14802 4 2 1 1 3266 610 659 693
14803 4 2 1 1 2646 2823 3629 3878
14804 4 2 1 1 2493 3610 3091 4324
14805 4 2 1 1 2492 3611 3090 4325
14806 4 2 1 1 2428 3086 2731 3922
14807 4 2 1 1 2797 3555 3449 4122
14808 4 2 1 1 2798 3557 3451 4124
14809 4 2 1 1 2799 3556 3450 4123
14810 4 2 1 1 801 3624 3728 4283
14811 4 2 1 1 556 555 3522 4001
14812 4 2 1 1 2417 3947 3242 4128
14813 4 2 1 1 723 3671 586 4185
14814 4 2 1 1 1976 2733 1854 1814
14815 4 2 1 1 2168 2786 3120 3808
14816 4 2 1 1 219 69 70 4539
14817 4 2 1 1 2357 3064 3466 3913
14818 4 2 1 1 653 4555 817 4478
14819 4 2 1 1 2286 2810 2350 3591
14820 4 2 1 1 545 3032 543 3881
14821 4 2 1 1 3122 3312 2322 4264
14822 4 2 1 1 985 982 986 2701
14823 4 2 1 1 274 288 428 4024
14824 4 2 1 1 2860 2088 3916 4202
14825 4 2 1 1 2287 2809 2351 3592
14826 4 2 1 1 2899 3405 2201 4059
14827 4 2 1 1 1687 1451 3286 3836
14828 4 2 1 1 447 211 3285 3837
14829 4 2 1 1 1067 830 3287 3838
14830 4 2 1 1 1997 1936 1860 4351
14831 4 2 1 1 2315 3530 2805 3562
14832 4 2 1 1 2238 3440 2938 4216
14833 4 2 1 1 4540 836 1060 139
14834 4 2 1 1 2465 3668 2823 3935
14835 4 2 1 1 3412 2259 2383 3351
14836 4 2 1 1 2062 3108 3110 4136
14837 4 2 1 1 1606 1605 1602 2700
14838 4 2 1 1 674 795 668 3850
14839 4 2 1 1 995 3302 3186 4182
14840 4 2 1 1 3749 4251 3842 2664
14841 4 2 1 1 2892 3316 2166 4285
14842 4 2 1 1 3373 2115 2468 4205
14843 4 2 1 1 2245 4199 2645 4282
14844 4 2 1 1 4051 2332 3685 3705
14845 4 2 1 1 4224 2163 2819 2733
14846 4 2 1 1 4055 3624 3591 2350
14847 4 2 1 1 2814 2444 3425 3903
14848 4 2 1 1 2275 4012 2959 4228
14849 4 2 1 1 1206 2805 1354 4069
14850 4 2 1 1 2091 2655 3563 4105
14851 4 2 1 1 4406 164 165 1995
14852 4 2 1 1 2392 3514 2806 3663
14853 4 2 1 1 3591 3624 4055 1017
14854 4 2 1 1 2284 3344 3444 4331
14855 4 2 1 1 2670 2515 3371 3917
14856 4 2 1 1 2267 2666 3308 3575
14857 4 2 1 1 3160 2801 2958 2164
14858 4 2 1 1 2213 3199 2970 3329
14859 4 2 1 1 2284 3339 2831 3602
14860 4 2 1 1 2151 2831 3339 3602
14861 4 2 1 1 3518 2384 3913 2872
14862 4 2 1 1 1872 2839 1894 3695
14863 4 2 1 1 2224 3739 3161 4288
14864 4 2 1 1 818 523 819 2820
14865 4 2 1 1 1787 2911 1942 2734
14866 4 2 1 1 667 2892 674 3850
14867 4 2 1 1 3514 3979 2170 2442
14868 4 2 1 1 807 771 649 3484
14869 4 2 1 1 2339 3442 2867 4044
14870 4 2 1 1 2648 2284 3049 3671
14871 4 2 1 1 1203 1216 1217 2926
14872 4 2 1 1 2066 3890 2565 4295
14873 4 2 1 1 593 3578 587 4097
14874 4 2 1 1 1827 1833 3579 4098
14875 4 2 1 1 1002 2663 883 4045
14876 4 2 1 1 2095 3663 3514 3767
14877 4 2 1 1 1194 2973 1339 4383
14878 4 2 1 1 2237 3372 2623 3758
14879 4 2 1 1 3671 579 3366 585
14880 4 2 1 1 1805 1797 1804 3247
14881 4 2 1 1 332 341 331 3054
14882 4 2 1 1 1581 1571 1572 3053
14883 4 2 1 1 951 952 961 3055
14884 4 2 1 1 2645 3635 2468 4205
14885 4 2 1 1 2897 3402 2197 4055
14886 4 2 1 1 2074 2753 3156 2415
14887 4 2 1 1 4545 1102 840 1064
14888 4 2 1 1 1169 1170 1168 4205
14889 4 2 1 1 2428 3339 2894 3658
14890 4 2 1 1 2254 2647 3666 4096
14891 4 2 1 1 3280 2489 400 4275
14892 4 2 1 1 2529 2998 2709 4336
14893 4 2 1 1 2528 2999 2710 4335
14894 4 2 1 1 1478 1505 1633 3356
14895 4 2 1 1 885 1013 858 3355
14896 4 2 1 1 265 393 238 3357
14897 4 2 1 1 2066 3890 3504 4312
14898 4 2 1 1 2238 2646 3498 3618
14899 4 2 1 1 2503 2689 2196 2783
14900 4 2 1 1 1796 3159 1801 3677
14901 4 2 1 1 2626 3334 2414 3778
14902 4 2 1 1 3671 3366 579 2831
14903 4 2 1 1 2336 3720 2994 4079
14904 4 2 1 1 4399 3649 3098 2045
14905 4 2 1 1 3347 3770 2389 4299
14906 4 2 1 1 908 2897 3641 4268
14907 4 2 1 1 842 1117 2944 4221
14908 4 2 1 1 1463 1737 2943 4222
14909 4 2 1 1 223 497 2945 4220
14910 4 2 1 1 1622 2660 1503 4042
14911 4 2 1 1 2295 3306 2788 2462
14912 4 2 1 1 2775 2253 3082 4159
14913 4 2 1 1 2786 287 3120 426
14914 4 2 1 1 2665 2296 3614 2208
14915 4 2 1 1 1914 3754 2026 4246
14916 4 2 1 1 1401 1364 1289 4274
14917 4 2 1 1 3915 2251 2300 2610
14918 4 2 1 1 1528 2899 3642 4272
14919 4 2 1 1 2504 2690 2195 2785
14920 4 2 1 1 632 2849 654 3700
14921 4 2 1 1 691 4441 524 791
14922 4 2 1 1 415 3327 315 3958
14923 4 2 1 1 1252 2850 1274 3701
14924 4 2 1 1 2497 3595 3661 3775
14925 4 2 1 1 3487 3504 2736 4312
14926 4 2 1 1 3136 3659 2530 3885
14927 4 2 1 1 1555 1655 3326 3974
14928 4 2 1 1 3281 3971 1020 4279
14929 4 2 1 1 3282 3970 1640 4280
14930 4 2 1 1 2285 2352 2808 2484
14931 4 2 1 1 1738 1696 3811 4211
14932 4 2 1 1 1995 4406 164 1761
14933 4 2 1 1 1409 1307 1139 4399
14934 4 2 1 1 3137 3261 2233 4223
14935 4 2 1 1 2303 2756 3243 4173
14936 4 2 1 1 4545 1064 840 165
14937 4 2 1 1 3186 3703 651 3961
14938 4 2 1 1 1175 1177 1176 3653
14939 4 2 1 1 2118 2498 3771 2546
14940 4 2 1 1 4406 1761 1995 3342
14941 4 2 1 1 2288 2670 3433 4337
14942 4 2 1 1 2212 2793 3482 4019
14943 4 2 1 1 745 3475 2865 3858
14944 4 2 1 1 1781 1934 1783 3879
14945 4 2 1 1 1275 4528 1145 1398
14946 4 2 1 1 655 4502 3818 525
14947 4 2 1 1 1895 4529 1765 2018
14948 4 2 1 1 614 720 738 3372
14949 4 2 1 1 2645 2468 2115 4205
14950 4 2 1 1 3122 3126 4396 3255
14951 4 2 1 1 727 712 590 3549
14952 4 2 1 1 2985 2991 2273 3991
14953 4 2 1 1 2456 2061 2309 3566
14954 4 2 1 1 4010 2521 2126 3024
14955 4 2 1 1 1220 1232 1233 3559
14956 4 2 1 1 1045 1047 3415 4386
14957 4 2 1 1 1667 3414 1665 4385
14958 4 2 1 1 427 3416 425 4387
14959 4 2 1 1 1277 1365 1156 3575
14960 4 2 1 1 2213 2970 3199 3839
14961 4 2 1 1 3501 3833 2897 4268
14962 4 2 1 1 1168 1166 4205 4277
14963 4 2 1 1 1615 3303 3184 4181
14964 4 2 1 1 1939 1938 1853 4394
14965 4 2 1 1 2110 3471 3066 4086
14966 4 2 1 1 2249 2609 3667 3692
14967 4 2 1 1 2323 3441 2933 3746
14968 4 2 1 1 814 581 676 3124
14969 4 2 1 1 1061 4407 4494 140
14970 4 2 1 1 3412 2383 2259 2085
14971 4 2 1 1 363 4200 47 4495
14972 4 2 1 1 2988 3243 2443 3417
14973 4 2 1 1 2192 3214 2821 4099
14974 4 2 1 1 299 3587 2864 4316
14975 4 2 1 1 2808 3794 2285 2484
14976 4 2 1 1 2753 3655 2289 2583
14977 4 2 1 1 1895 4529 2018 2908
14978 4 2 1 1 1275 4528 1398 2906
14979 4 2 1 1 655 4502 525 778
14980 4 2 1 1 1795 1792 1945 3683
14981 4 2 1 1 1931 4442 2820 1763
14982 4 2 1 1 4489 205 3507 441
14983 4 2 1 1 692 573 583 4163
14984 4 2 1 1 3137 3483 2104 4037
14985 4 2 1 1 4014 2529 2755 4210
14986 4 2 1 1 2104 2893 4037 3483
14987 4 2 1 1 2811 3218 2925 4388
14988 4 2 1 1 2122 3540 2597 3857
14989 4 2 1 1 2061 3157 3771 3780
14990 4 2 1 1 4405 52 53 1375
14991 4 2 1 1 1933 3121 1832 3901
14992 4 2 1 1 393 364 476 2900
14993 4 2 1 1 1604 1716 1633 2902
14994 4 2 1 1 1096 1013 984 2901
14995 4 2 1 1 2775 3082 2253 3775
14996 4 2 1 1 4544 482 220 444
14997 4 2 1 1 1375 4405 52 1140
14998 4 2 1 1 273 286 274 4024
14999 4 2 1 1 2894 3949 3658 4057
15000 4 2 1 1 628 601 629 3049
15001 4 2 1 1 2241 2776 3310 3856
15002 4 2 1 1 1232 4282 3559 3434
15003 4 2 1 1 2224 3847 3739 4288
15004 4 2 1 1 3830 4153 3204 2573
15005 4 2 1 1 250 414 247 4266
15006 4 2 1 1 870 1034 867 4267
15007 4 2 1 1 4544 444 220 53
15008 4 2 1 1 2505 2691 2194 2784
15009 4 2 1 1 4117 4335 2710 2842
15010 4 2 1 1 4016 4336 4118 2070
15011 4 2 1 1 3141 3338 2233 3377
15012 4 2 1 1 2365 3548 2735 3868
15013 4 2 1 1 2142 2546 3825 3157
15014 4 2 1 1 4224 2163 2733 4051
15015 4 2 1 1 613 699 698 4397
15016 4 2 1 1 2562 3467 3891 4142
15017 4 2 1 1 1986 3876 3484 2868
15018 4 2 1 1 2403 3338 2143 2794
15019 4 2 1 1 2454 3478 2822 2681
15020 4 2 1 1 2757 3223 3165 4258
15021 4 2 1 1 572 3494 573 4163
15022 4 2 1 1 1140 1375 4405 3340
15023 4 2 1 1 2695 2569 4381 3469
15024 4 2 1 1 1365 1311 1366 3538
15025 4 2 1 1 2073 3931 3346 3203
15026 4 2 1 1 2255 2659 3442 2867
15027 4 2 1 1 4495 4091 363 4200
15028 4 2 1 1 2434 2141 2702 4241
15029 4 2 1 1 2436 3781 2704 4243
15030 4 2 1 1 3928 4242 2435 2139
15031 4 2 1 1 368 3001 3570 4067
15032 4 2 1 1 2989 3335 2362 2246
15033 4 2 1 1 2077 3536 2616 3897
15034 4 2 1 1 2338 3192 2673 4291
15035 4 2 1 1 2336 3190 2672 4289
15036 4 2 1 1 2337 3191 2671 4290
15037 4 2 1 1 813 650 639 2497
15038 4 2 1 1 717 718 576 3363
15039 4 2 1 1 2222 3386 3189 4007
15040 4 2 1 1 2220 3388 3188 4006
15041 4 2 1 1 2221 3387 3187 4005
15042 4 2 1 1 1950 1954 1859 3731
15043 4 2 1 1 3341 133 132 1684
15044 4 2 1 1 3341 1460 133 1684
15045 4 2 1 1 3341 4538 132 521
15046 4 2 1 1 2044 2021 1928 3481
15047 4 2 1 1 2453 3433 3583 3969
15048 4 2 1 1 1232 4282 3434 1360
15049 4 2 1 1 2091 3853 2655 4105
15050 4 2 1 1 143 142 4404 1697
15051 4 2 1 1 1619 1666 2801 4181
15052 4 2 1 1 2455 3479 2825 2682
15053 4 2 1 1 2782 3369 2313 3972
15054 4 2 1 1 356 358 357 3289
15055 4 2 1 1 1925 3165 1929 3649
15056 4 2 1 1 999 1046 2800 4182
15057 4 2 1 1 2480 2477 2789 4166
15058 4 2 1 1 2542 2915 3130 4374
15059 4 2 1 1 4404 143 1697 3815
15060 4 2 1 1 711 2928 719 3873
15061 4 2 1 1 680 678 3245 4095
15062 4 2 1 1 2248 3171 2791 2153
15063 4 2 1 1 1263 1265 3238 1264
15064 4 2 1 1 2522 2111 2190 2171
15065 4 2 1 1 2581 3478 2822 4394
15066 4 2 1 1 642 737 735 3022
15067 4 2 1 1 1338 1196 1337 3358
15068 4 2 1 1 2983 3628 988 4116
15069 4 2 1 1 1027 3995 3401 4267
15070 4 2 1 1 407 3993 3400 4266
15071 4 2 1 1 2624 3593 2114 2460
15072 4 2 1 1 2461 3593 2624 2460
15073 4 2 1 1 2841 3857 3515 4180
15074 4 2 1 1 2067 2713 3550 2260
15075 4 2 1 1 4409 1733 1456 1681
15076 4 2 1 1 4087 3310 3945 2241
15077 4 2 1 1 2704 2271 3390 4382
15078 4 2 1 1 2219 3219 2684 3621
15079 4 2 1 1 2227 3177 2705 4063
15080 4 2 1 1 3204 4153 3830 2250
15081 4 2 1 1 3550 2260 2713 4348
15082 4 2 1 1 2223 3104 2923 3524
15083 4 2 1 1 3281 4053 3971 4279
15084 4 2 1 1 3282 4052 3970 4280
15085 4 2 1 1 3066 3471 2110 2853
15086 4 2 1 1 1232 4282 1360 1361
15087 4 2 1 1 2580 3479 2825 4397
15088 4 2 1 1 757 537 3341 4245
15089 4 2 1 1 2109 3307 3015 3647
15090 4 2 1 1 2108 3305 3014 3646
15091 4 2 1 1 2107 3306 3013 3648
15092 4 2 1 1 3707 3843 3288 4068
15093 4 2 1 1 2062 2699 3586 3823
15094 4 2 1 1 1935 2822 1934 4249
15095 4 2 1 1 2806 2170 2442 3514
15096 4 2 1 1 2548 2846 3680 4218
15097 4 2 1 1 2549 2847 3681 4217
15098 4 2 1 1 2096 3157 2456 3780
15099 4 2 1 1 4154 1580 3651 1743
15100 4 2 1 1 2778 2143 2794 2199
15101 4 2 1 1 730 591 606 4378
15102 4 2 1 1 2681 3172 2077 4058
15103 4 2 1 1 2448 3125 2954 3978
15104 4 2 1 1 2170 2524 3051 4101
15105 4 2 1 1 2426 2925 3504 4060
15106 4 2 1 1 2456 2309 2061 3157
15107 4 2 1 1 3261 3377 2390 2233
15108 4 2 1 1 2061 2309 2617 3157
15109 4 2 1 1 1861 1842 1848 3461
15110 4 2 1 1 294 3280 400 4275
15111 4 2 1 1 564 705 740 3539
15112 4 2 1 1 433 2836 432 477
15113 4 2 1 1 3305 3804 4031 2463
15114 4 2 1 1 2417 3214 2967 4086
15115 4 2 1 1 2352 3587 2808 3650
15116 4 2 1 1 4041 3891 3845 2290
15117 4 2 1 1 2638 2983 2225 3953
15118 4 2 1 1 1214 1221 1248 3498
15119 4 2 1 1 4479 688 2793 804
15120 4 2 1 1 2408 3239 3362 3904
15121 4 2 1 1 2637 3934 2214 4013
15122 4 2 1 1 2526 4315 3409 2181
15123 4 2 1 1 2074 3655 2753 2583
15124 4 2 1 1 2166 3029 2832 3845
15125 4 2 1 1 2335 4158 2930 3132
15126 4 2 1 1 2426 3351 3412 4130
15127 4 2 1 1 3261 3377 3072 2390
15128 4 2 1 1 375 3296 3177 4119
15129 4 2 1 1 1287 1288 1286 3615
15130 4 2 1 1 2582 3909 3486 3931
15131 4 2 1 1 1406 1178 1186 2765
15132 4 2 1 1 3748 2383 2101 4166
15133 4 2 1 1 1481 3790 1482 4305
15134 4 2 1 1 862 861 3792 4303
15135 4 2 1 1 241 3791 242 4304
15136 4 2 1 1 2210 2914 3594 4044
15137 4 2 1 1 2461 3210 3024 3485
15138 4 2 1 1 3020 3462 1483 3790
15139 4 2 1 1 863 3021 3464 3792
15140 4 2 1 1 3019 3463 243 3791
15141 4 2 1 1 2790 3877 3737 3954
15142 4 2 1 1 2289 3938 3343 3443
15143 4 2 1 1 2513 3343 3938 3443
15144 4 2 1 1 2195 2743 3452 4140
15145 4 2 1 1 2194 2742 3453 4141
15146 4 2 1 1 2196 2744 3454 4139
15147 4 2 1 1 914 3281 1020 4279
15148 4 2 1 1 1956 1960 1816 3368
15149 4 2 1 1 2923 3999 1283 4339
15150 4 2 1 1 1534 3282 1640 4280
15151 4 2 1 1 2205 3147 2729 4003
15152 4 2 1 1 2168 3352 2786 3808
15153 4 2 1 1 3622 3736 2041 4286
15154 4 2 1 1 2125 3261 2767 4347
15155 4 2 1 1 263 3749 262 3842
15156 4 2 1 1 2219 3576 3219 3894
15157 4 2 1 1 2706 3297 2933 3800
15158 4 2 1 1 3245 3124 769 2386
15159 4 2 1 1 1941 2911 1787 4310
15160 4 2 1 1 2359 3126 3255 3729
15161 4 2 1 1 276 275 413 3060
15162 4 2 1 1 1653 1516 1515 3058
15163 4 2 1 1 896 895 1033 3059
15164 4 2 1 1 296 316 315 3327
15165 4 2 1 1 900 878 888 3596
15166 4 2 1 1 1508 1520 1498 3597
15167 4 2 1 1 280 258 268 3598
15168 4 2 1 1 746 2865 745 3475
15169 4 2 1 1 2356 3619 3136 3659
15170 4 2 1 1 368 367 366 4067
15171 4 2 1 1 2431 3132 4034 4322
15172 4 2 1 1 2822 3478 2581 2681
15173 4 2 1 1 848 3224 3508 4371
15174 4 2 1 1 228 3225 3510 4372
15175 4 2 1 1 1468 3226 3509 4373
15176 4 2 1 1 1697 2704 4404 3815
15177 4 2 1 1 4220 217 22 437
15178 4 2 1 1 2146 4134 2627 4302
15179 4 2 1 1 2148 4133 2629 4301
15180 4 2 1 1 2147 4132 2628 4300
15181 4 2 1 1 2083 2503 2636 2196
15182 4 2 1 1 2082 2504 2635 2195
15183 4 2 1 1 2081 2505 2634 2194
15184 4 2 1 1 2751 3646 3305 4031
15185 4 2 1 1 365 3799 2711 4189
15186 4 2 1 1 701 702 547 2989
15187 4 2 1 1 2096 3859 3515 4008
15188 4 2 1 1 3436 3916 2088 4202
15189 4 2 1 1 1598 1599 1600 2776
15190 4 2 1 1 2630 2598 3173 2150
15191 4 2 1 1 614 574 2928 3826
15192 4 2 1 1 2075 2665 2296 4364
15193 4 2 1 1 769 3124 3245 677
15194 4 2 1 1 551 553 709 3273
15195 4 2 1 1 1080 1035 1036 3527
15196 4 2 1 1 2813 3216 2929 2660
15197 4 2 1 1 980 978 979 2777
15198 4 2 1 1 2825 3479 2580 2682
15199 4 2 1 1 682 684 681 3403
15200 4 2 1 1 1077 14 15 4403
15201 4 2 1 1 3242 3665 2280 4025
15202 4 2 1 1 2821 3979 3625 4099
15203 4 2 1 1 2277 3170 2830 2558
15204 4 2 1 1 2939 3292 2329 4231
15205 4 2 1 1 2271 2993 3417 4382
15206 4 2 1 1 2605 3984 1967 4360
15207 4 2 1 1 2696 3117 3699 3539
15208 4 2 1 1 2080 3293 3529 3972
15209 4 2 1 1 1077 4403 15 3813
15210 4 2 1 1 2811 3218 2663 4077
15211 4 2 1 1 4403 1077 2702 3813
15212 4 2 1 1 2048 1923 3149 4029
15213 4 2 1 1 4262 3151 3133 2177
15214 4 2 1 1 1352 2606 3980 4356
15215 4 2 1 1 2286 2350 2810 4161
15216 4 2 1 1 1110 946 3815 4243
15217 4 2 1 1 1730 1566 3814 4242
15218 4 2 1 1 490 326 3813 4241
15219 4 2 1 1 1956 3368 1816 3973
15220 4 2 1 1 4402 62 63 1688
15221 4 2 1 1 2482 3024 2713 4010
15222 4 2 1 1 2894 3658 3339 4057
15223 4 2 1 1 2796 2201 3405 4059
15224 4 2 1 1 2418 2779 4050 4136
15225 4 2 1 1 4399 3649 2045 1930
15226 4 2 1 1 2196 3454 3250 4139
15227 4 2 1 1 2195 3452 3249 4140
15228 4 2 1 1 2194 3453 3248 4141
15229 4 2 1 1 657 3858 3016 3864
15230 4 2 1 1 2287 2351 2809 4167
15231 4 2 1 1 2477 3890 2480 4295
15232 4 2 1 1 732 2607 3977 4353
15233 4 2 1 1 395 242 245 3791
15234 4 2 1 1 1482 1485 1635 3790
15235 4 2 1 1 1015 862 865 3792
15236 4 2 1 1 2099 3692 4038 4064
15237 4 2 1 1 63 4402 1688 3814
15238 4 2 1 1 4402 1445 62 1688
15239 4 2 1 1 4402 1730 1688 3814
15240 4 2 1 1 3486 3909 2582 3949
15241 4 2 1 1 3267 4164 4166 2723
15242 4 2 1 1 3668 4450 673 4466
15243 4 2 1 1 2089 2675 3747 3235
15244 4 2 1 1 2448 3257 3125 4299
15245 4 2 1 1 3709 4080 2558 4131
15246 4 2 1 1 2270 3494 4056 4318
15247 4 2 1 1 279 3051 261 4101
15248 4 2 1 1 1519 3050 1501 4100
15249 4 2 1 1 899 3052 881 2523
15250 4 2 1 1 2771 2089 3954 4288
15251 4 2 1 1 403 3019 399 2489
15252 4 2 1 1 863 1019 1023 3971
15253 4 2 1 1 1643 1483 1639 3970
15254 4 2 1 1 477 432 220 2836
15255 4 2 1 1 2387 3349 2840 3758
15256 4 2 1 1 3867 4095 2758 2211
15257 4 2 1 1 2795 2197 3402 4055
15258 4 2 1 1 960 4155 78 1123
15259 4 2 1 1 1986 3876 2868 1985
15260 4 2 1 1 1927 3481 1911 4308
15261 4 2 1 1 731 2922 3742 4353
15262 4 2 1 1 2921 3741 1243 4356
15263 4 2 1 1 1965 2919 3738 4360
15264 4 2 1 1 1812 1822 1806 2924
15265 4 2 1 1 2659 3613 2339 2867
15266 4 2 1 1 4402 1730 3814 2703
15267 4 2 1 1 4477 4466 1433 3668
15268 4 2 1 1 3010 3824 2370 3825
15269 4 2 1 1 831 3286 1087 148
15270 4 2 1 1 210 4496 467 20
15271 4 2 1 1 68 211 3285 445
15272 4 2 1 1 3120 2786 3521 3808
15273 4 2 1 1 3211 2551 2171 4100
15274 4 2 1 1 71 4222 70 1677
15275 4 2 1 1 2210 3607 3325 4314
15276 4 2 1 1 3024 3210 2547 3874
15277 4 2 1 1 2110 3214 2967 4192
15278 4 2 1 1 1250 2823 1259 3935
15279 4 2 1 1 2350 3591 2810 3652
15280 4 2 1 1 2400 3766 3534 4377
15281 4 2 1 1 2351 3592 2809 3651
15282 4 2 1 1 3198 3801 2467 4294
15283 4 2 1 1 2110 2967 3214 4086
15284 4 2 1 1 2936 4215 3754 4246
15285 4 2 1 1 4387 3060 3985 404
15286 4 2 1 1 4385 3058 3986 1644
15287 4 2 1 1 4386 3059 3987 1024
15288 4 2 1 1 3992 687 519 2758
15289 4 2 1 1 1124 891 4045 4188
15290 4 2 1 1 1460 1717 1672 2837
15291 4 2 1 1 2946 4004 2478 4126
15292 4 2 1 1 2137 3133 3955 4033
15293 4 2 1 1 3161 3739 1159 4338
15294 4 2 1 1 2259 3333 2789 3351
15295 4 2 1 1 339 2797 4342 338
15296 4 2 1 1 959 2799 4341 958
15297 4 2 1 1 1579 2798 4340 1578
15298 4 2 1 1 1252 1272 3230 3701
15299 4 2 1 1 598 738 708 3148
15300 4 2 1 1 819 2820 3774 3908
15301 4 2 1 1 3070 4231 2700 2455
15302 4 2 1 1 2477 2127 4090 2433
15303 4 2 1 1 1052 840 1097 2838
15304 4 2 1 1 401 294 409 3280
15305 4 2 1 1 2633 2871 3197 4094
15306 4 2 1 1 2803 3530 3220 4069
15307 4 2 1 1 3008 3891 3467 4142
15308 4 2 1 1 2174 3318 3101 4165
15309 4 2 1 1 609 707 637 3181
15310 4 2 1 1 2256 3286 2964 4373
15311 4 2 1 1 2257 3285 2965 4372
15312 4 2 1 1 2258 3287 2966 4371
15313 4 2 1 1 728 624 3299 3578
15314 4 2 1 1 1234 1340 1358 4383
15315 4 2 1 1 1757 1901 1902 3082
15316 4 2 1 1 1029 1021 914 3281
15317 4 2 1 1 1641 1534 1649 3282
15318 4 2 1 1 4222 1457 70 1677
15319 4 2 1 1 1484 1488 1489 3090
15320 4 2 1 1 869 864 868 3091
15321 4 2 1 1 249 244 248 3092
15322 4 2 1 1 1319 1314 1315 3413
15323 4 2 1 1 2810 3796 2286 4161
15324 4 2 1 1 1971 1864 3300 3579
15325 4 2 1 1 2356 3619 2963 4206
15326 4 2 1 1 644 3178 645 4015
15327 4 2 1 1 1930 2045 1925 3649
15328 4 2 1 1 720 711 739 3372
15329 4 2 1 1 1374 3098 1303 3832
15330 4 2 1 1 2168 3808 2612 3352
15331 4 2 1 1 3992 519 687 789
15332 4 2 1 1 4133 4235 3568 4260
15333 4 2 1 1 4132 4234 3567 4261
15334 4 2 1 1 4134 4233 3569 4259
15335 4 2 1 1 2748 2303 3875 3886
15336 4 2 1 1 4222 4539 219 70
15337 4 2 1 1 625 605 725 3361
15338 4 2 1 1 2809 3795 2287 4167
15339 4 2 1 1 2006 1916 1918 4029
15340 4 2 1 1 4067 271 366 4189
15341 4 2 1 1 1618 3863 1601 4125
15342 4 2 1 1 213 509 439 4327
15343 4 2 1 1 833 1129 1059 4328
15344 4 2 1 1 1679 1454 1749 4329
15345 4 2 1 1 2969 3314 2377 4031
15346 4 2 1 1 1865 1845 1972 3359
15347 4 2 1 1 781 744 669 3180
15348 4 2 1 1 998 3812 3865 997
15349 4 2 1 1 2441 2866 3326 4209
15350 4 2 1 1 320 2808 329 4196
15351 4 2 1 1 940 2810 949 4195
15352 4 2 1 1 1560 2809 1569 4194
15353 4 2 1 1 652 3222 632 3700
15354 4 2 1 1 1352 1243 1385 4356
15355 4 2 1 1 3374 4244 3948 4313
15356 4 2 1 1 2813 2105 3216 2660
15357 4 2 1 1 2086 2716 2877 4362
15358 4 2 1 1 2297 3519 2755 3644
15359 4 2 1 1 2756 1585 3886 2866
15360 4 2 1 1 837 4401 1057 150
15361 4 2 1 1 219 70 225 4222
15362 4 2 1 1 1355 3530 1206 4069
15363 4 2 1 1 2716 4004 2946 4126
15364 4 2 1 1 1844 1949 1950 3084
15365 4 2 1 1 2325 3051 4104 2548
15366 4 2 1 1 2423 2235 3160 3209
15367 4 2 1 1 3031 3068 2457 2381
15368 4 2 1 1 2005 1965 2043 4360
15369 4 2 1 1 607 609 637 3181
15370 4 2 1 1 340 30 503 4156
15371 4 2 1 1 2447 4054 2626 4177
15372 4 2 1 1 4401 151 150 1465
15373 4 2 1 1 1465 4401 151 4221
15374 4 2 1 1 150 1458 4401 1465
15375 4 2 1 1 2256 2964 3509 4373
15376 4 2 1 1 2257 2965 3510 4372
15377 4 2 1 1 2258 2966 3508 4371
15378 4 2 1 1 692 3124 581 4163
15379 4 2 1 1 1189 3672 2946 4363
15380 4 2 1 1 1351 1423 1385 4356
15381 4 2 1 1 759 4538 130 3863
15382 4 2 1 1 1040 1041 3417 4382
15383 4 2 1 1 345 3007 4238 316
15384 4 2 1 1 2141 3625 2821 3979
15385 4 2 1 1 2672 3190 3604 4289
15386 4 2 1 1 2673 3192 3605 4291
15387 4 2 1 1 2671 3191 3603 4290
15388 4 2 1 1 4401 4373 1458 3286
15389 4 2 1 1 2234 2640 3022 3853
15390 4 2 1 1 2245 3434 2695 3698
15391 4 2 1 1 731 803 765 4353
15392 4 2 1 1 3082 1901 1900 1757
15393 4 2 1 1 1962 1826 1819 2863
15394 4 2 1 1 3928 4242 2139 2703
15395 4 2 1 1 2436 2704 3781 3929
15396 4 2 1 1 2434 2702 2141 3927
15397 4 2 1 1 2354 3196 2717 3940
15398 4 2 1 1 2353 3195 2718 3941
15399 4 2 1 1 2355 3194 2719 3939
15400 4 2 1 1 3991 3507 2273 3527
15401 4 2 1 1 2817 3218 2426 4130
15402 4 2 1 1 2254 3609 3392 4096
15403 4 2 1 1 2870 3520 3102 3849
15404 4 2 1 1 3104 3524 2223 4168
15405 4 2 1 1 2934 2239 3377 4213
15406 4 2 1 1 2333 4110 2915 2175
15407 4 2 1 1 2388 3392 2893 4037
15408 4 2 1 1 382 4380 3028 4067
15409 4 2 1 1 2317 4053 3281 4279
15410 4 2 1 1 2319 4052 3282 4280
15411 4 2 1 1 2101 2477 2308 4166
15412 4 2 1 1 1501 3050 1517 4193
15413 4 2 1 1 3792 1012 3386 1015
15414 4 2 1 1 3790 1632 3388 1635
15415 4 2 1 1 3791 392 3387 395
15416 4 2 1 1 2190 2692 3585 2171
15417 4 2 1 1 3514 3663 2392 3767
15418 4 2 1 1 1102 1064 3953 993
15419 4 2 1 1 3734 3738 4122 2643
15420 4 2 1 1 572 4318 566 3494
15421 4 2 1 1 2501 1254 4017 4200
15422 4 2 1 1 2808 3587 2285 3794
15423 4 2 1 1 3034 3121 2181 4323
15424 4 2 1 1 2579 3344 3602 3710
15425 4 2 1 1 3732 3741 4124 2641
15426 4 2 1 1 2374 2686 3855 3391
15427 4 2 1 1 1763 1898 1900 2820
15428 4 2 1 1 3068 4092 3156 2415
15429 4 2 1 1 2131 2651 3330 3915
15430 4 2 1 1 1638 1539 1651 3592
15431 4 2 1 1 3733 3742 4123 2642
15432 4 2 1 1 1983 4444 2024 2027
15433 4 2 1 1 1031 1018 919 3591
15434 4 2 1 1 482 444 3919 373
15435 4 2 1 1 1319 1324 1197 3202
15436 4 2 1 1 3257 3392 2254 3609
15437 4 2 1 1 2212 2895 3105 4043
15438 4 2 1 1 2807 2116 2219 3670
15439 4 2 1 1 3394 3857 2597 4180
15440 4 2 1 1 2806 2170 3514 3107
15441 4 2 1 1 2973 3895 1339 4383
15442 4 2 1 1 3396 3997 3639 4381
15443 4 2 1 1 1911 3000 1910 4308
15444 4 2 1 1 2100 2999 2710 4068
15445 4 2 1 1 2111 2969 2190 4050
15446 4 2 1 1 3710 4331 2782 2766
15447 4 2 1 1 2064 2670 3433 3667
15448 4 2 1 1 2361 3857 3394 4180
15449 4 2 1 1 2396 3164 2299 3712
15450 4 2 1 1 2231 3788 2677 3945
15451 4 2 1 1 1199 1189 1198 4363
15452 4 2 1 1 1141 1272 1410 3701
15453 4 2 1 1 2867 4106 2520 4227
15454 4 2 1 1 4067 366 271 367
15455 4 2 1 1 2318 3608 3280 4247
15456 4 2 1 1 3280 3608 2554 4247
15457 4 2 1 1 1977 1979 1953 3685
15458 4 2 1 1 592 3266 764 693
15459 4 2 1 1 2357 3288 3975 4028
15460 4 2 1 1 790 520 652 3700
15461 4 2 1 1 69 68 1707 3285
15462 4 2 1 1 4057 3949 4271 2894
15463 4 2 1 1 1206 1199 1354 2805
15464 4 2 1 1 680 683 678 4095
15465 4 2 1 1 2782 4331 3710 2284
15466 4 2 1 1 450 387 452 3452
15467 4 2 1 1 1692 1690 1627 3453
15468 4 2 1 1 1007 1072 1070 3454
15469 4 2 1 1 630 639 3661 4015
15470 4 2 1 1 2893 3392 2448 4037
15471 4 2 1 1 2065 2651 3723 2228
15472 4 2 1 1 1913 3872 1904 1984
15473 4 2 1 1 1321 3202 1324 4282
15474 4 2 1 1 2204 3971 3168 4053
15475 4 2 1 1 2203 3970 3166 4052
15476 4 2 1 1 2144 3284 2773 4361
15477 4 2 1 1 2773 3284 2330 4361
15478 4 2 1 1 696 2639 4000 4245
15479 4 2 1 1 3285 1450 68 1707
15480 4 2 1 1 2810 3591 2286 3796
15481 4 2 1 1 2955 3577 2558 4131
15482 4 2 1 1 2138 4034 3132 4322
15483 4 2 1 1 4224 1836 1824 2819
15484 4 2 1 1 2809 3592 2287 3795
15485 4 2 1 1 539 541 3277 4245
15486 4 2 1 1 376 433 502 4375
15487 4 2 1 1 2394 3751 3588 4263
15488 4 2 1 1 2395 3752 3589 4262
15489 4 2 1 1 2087 3199 2970 3943
15490 4 2 1 1 2182 4207 3126 4377
15491 4 2 1 1 2141 3625 2636 3665
15492 4 2 1 1 1282 2923 1283 4339
15493 4 2 1 1 748 528 4525 3468
15494 4 2 1 1 3403 742 2572 3531
15495 4 2 1 1 4117 4335 2071 2710
15496 4 2 1 1 2100 4336 4118 2709
15497 4 2 1 1 3124 2650 3942 4095
15498 4 2 1 1 2127 2869 2433 4164
15499 4 2 1 1 2064 3433 2670 4337
15500 4 2 1 1 1622 1699 2958 3968
15501 4 2 1 1 2178 3091 2996 3963
15502 4 2 1 1 2179 3090 2995 3962
15503 4 2 1 1 2356 3659 3136 3885
15504 4 2 1 1 1182 1183 3231 3868
15505 4 2 1 1 4420 831 3286 3836
15506 4 2 1 1 211 4422 3285 3837
15507 4 2 1 1 210 3287 4548 3838
15508 4 2 1 1 2061 2617 2345 2998
15509 4 2 1 1 2482 3553 3071 4081
15510 4 2 1 1 2954 2637 3255 3978
15511 4 2 1 1 3126 3255 2299 4396
15512 4 2 1 1 1330 1359 1331 2914
15513 4 2 1 1 2273 3744 3527 4183
15514 4 2 1 1 3285 4422 211 68
15515 4 2 1 1 2391 3674 3006 2115
15516 4 2 1 1 3266 610 693 2421
15517 4 2 1 1 2374 3617 2774 4148
15518 4 2 1 1 2970 3085 2310 3869
15519 4 2 1 1 2087 3085 2970 3869
15520 4 2 1 1 315 3327 316 4238
15521 4 2 1 1 1941 3480 2911 4310
15522 4 2 1 1 2111 3571 2969 4050
15523 4 2 1 1 375 495 380 4119
15524 4 2 1 1 2557 2335 4158 3578
15525 4 2 1 1 3020 3163 2337 3962
15526 4 2 1 1 3021 3162 2338 3963
15527 4 2 1 1 742 3403 686 3531
15528 4 2 1 1 1433 1259 1263 2823
15529 4 2 1 1 672 2602 675 2650
15530 4 2 1 1 2130 3379 2912 3631
15531 4 2 1 1 3285 4539 69 219
15532 4 2 1 1 2933 3297 2706 4020
15533 4 2 1 1 3867 4095 2211 3942
15534 4 2 1 1 2074 3156 2753 3655
15535 4 2 1 1 1157 3340 1377 3739
15536 4 2 1 1 1003 852 850 3458
15537 4 2 1 1 383 232 230 3460
15538 4 2 1 1 1623 1472 1470 3459
15539 4 2 1 1 1791 1794 1790 3425
15540 4 2 1 1 2199 2778 3289 3606
15541 4 2 1 1 3060 404 2857 413
15542 4 2 1 1 3059 1024 2855 1033
15543 4 2 1 1 3058 1644 2856 1653
15544 4 2 1 1 2186 3967 2949 4235
15545 4 2 1 1 2187 3966 2950 4234
15546 4 2 1 1 2185 3965 2948 4233
15547 4 2 1 1 660 524 658 2824
15548 4 2 1 1 2464 2294 4115 3321
15549 4 2 1 1 2117 3614 3809 4127
15550 4 2 1 1 1579 3862 1691 4340
15551 4 2 1 1 959 3861 1071 4341
15552 4 2 1 1 451 339 3860 4342
15553 4 2 1 1 793 674 2892 3601
15554 4 2 1 1 3125 3682 2414 4330
15555 4 2 1 1 2412 3416 2797 4387
15556 4 2 1 1 2410 3414 2798 4385
15557 4 2 1 1 2411 3415 2799 4386
15558 4 2 1 1 1825 1826 3023 4292
15559 4 2 1 1 2250 2608 3443 3620
15560 4 2 1 1 739 710 619 3086
15561 4 2 1 1 3048 3322 2341 2590
15562 4 2 1 1 2363 2911 3492 2247
15563 4 2 1 1 360 358 359 2778
15564 4 2 1 1 2464 2294 3307 4115
15565 4 2 1 1 2114 3593 2624 2246
15566 4 2 1 1 388 3452 2743 4140
15567 4 2 1 1 1628 3453 2742 4141
15568 4 2 1 1 1008 3454 2744 4139
15569 4 2 1 1 1549 3166 1643 3970
15570 4 2 1 1 403 309 3167 2489
15571 4 2 1 1 1023 929 3168 3971
15572 4 2 1 1 2065 2214 3934 4013
15573 4 2 1 1 622 3022 735 4294
15574 4 2 1 1 3478 1853 3960 1946
15575 4 2 1 1 2322 3730 2709 4016
15576 4 2 1 1 3479 613 3957 706
15577 4 2 1 1 1301 1299 1302 3760
15578 4 2 1 1 2195 3452 2743 3907
15579 4 2 1 1 2194 3453 2742 3906
15580 4 2 1 1 2196 3454 2744 3905
15581 4 2 1 1 3103 3585 2692 3664
15582 4 2 1 1 299 411 398 3587
15583 4 2 1 1 2403 3246 2794 2199
15584 4 2 1 1 3106 2782 2328 2766
15585 4 2 1 1 1658 1518 1535 4389
15586 4 2 1 1 418 278 295 4390
15587 4 2 1 1 2210 2937 3607 4314
15588 4 2 1 1 2595 2249 3433 3667
15589 4 2 1 1 2925 3218 2811 4060
15590 4 2 1 1 1909 3000 3872 4253
15591 4 2 1 1 495 446 208 3177
15592 4 2 1 1 1173 3653 1172 1175
15593 4 2 1 1 1817 1941 1785 4310
15594 4 2 1 1 2139 3664 4039 2548
15595 4 2 1 1 212 4402 62 457
15596 4 2 1 1 4403 205 14 448
15597 4 2 1 1 4404 142 1068 832
15598 4 2 1 1 575 3638 3316 4285
15599 4 2 1 1 3203 4257 3485 2521
15600 4 2 1 1 2520 4106 3708 4227
15601 4 2 1 1 148 149 1685 3286
15602 4 2 1 1 1160 1230 1158 3161
15603 4 2 1 1 2999 3566 2528 4068
15604 4 2 1 1 3286 149 1685 1458
15605 4 2 1 1 1980 3116 1833 4098
15606 4 2 1 1 740 3117 593 4097
15607 4 2 1 1 2788 2299 4013 4396
15608 4 2 1 1 2357 3466 3100 3913
15609 4 2 1 1 2253 3901 3348 4159
15610 4 2 1 1 2800 907 3205 1046
15611 4 2 1 1 1779 4249 3279 4351
15612 4 2 1 1 814 675 582 4318
15613 4 2 1 1 3073 3215 2422 3693
15614 4 2 1 1 1917 1821 1932 2997
15615 4 2 1 1 1970 1825 1826 3023
15616 4 2 1 1 3478 1853 1946 1938
15617 4 2 1 1 619 2909 710 713
15618 4 2 1 1 3891 3488 2188 2708
15619 4 2 1 1 1572 1645 1581 3414
15620 4 2 1 1 952 1025 961 3415
15621 4 2 1 1 405 341 332 3416
15622 4 2 1 1 3286 1685 148 1451
15623 4 2 1 1 3479 613 706 698
15624 4 2 1 1 2647 3778 3666 4054
15625 4 2 1 1 2560 3888 2660 2105
15626 4 2 1 1 2776 2241 3797 3856
15627 4 2 1 1 3438 3723 2746 3846
15628 4 2 1 1 2559 3892 2663 4077
15629 4 2 1 1 1666 1527 1619 2801
15630 4 2 1 1 2447 3600 2626 4054
15631 4 2 1 1 2409 3076 3916 4270
15632 4 2 1 1 1854 3685 2733 3988
15633 4 2 1 1 2710 2999 2528 4068
15634 4 2 1 1 567 573 572 3494
15635 4 2 1 1 2204 3021 3971 4053
15636 4 2 1 1 2203 3020 3970 4052
15637 4 2 1 1 1949 1794 1791 3425
15638 4 2 1 1 2191 2974 3411 3912
15639 4 2 1 1 1687 2964 1626 3836
15640 4 2 1 1 447 2965 386 3837
15641 4 2 1 1 1067 2966 1006 3838
15642 4 2 1 1 619 2909 713 2731
15643 4 2 1 1 766 678 683 4095
15644 4 2 1 1 2288 3917 2670 4337
15645 4 2 1 1 2192 2821 3242 3625
15646 4 2 1 1 2935 2988 2273 4183
15647 4 2 1 1 2554 2104 2664 2893
15648 4 2 1 1 4475 4468 2053 3660
15649 4 2 1 1 894 3643 3205 4268
15650 4 2 1 1 3565 3721 2851 3737
15651 4 2 1 1 577 545 543 3881
15652 4 2 1 1 2954 3255 3729 3978
15653 4 2 1 1 1514 3633 3206 4272
15654 4 2 1 1 2120 3997 3396 4381
15655 4 2 1 1 1760 1881 1892 2705
15656 4 2 1 1 271 262 3095 3842
15657 4 2 1 1 2193 3577 3147 2955
15658 4 2 1 1 4387 3060 404 2857
15659 4 2 1 1 4385 3058 1644 2856
15660 4 2 1 1 4386 3059 1024 2855
15661 4 2 1 1 1191 1185 1190 4187
15662 4 2 1 1 2509 3495 3334 3889
15663 4 2 1 1 4400 22 21 838
15664 4 2 1 1 3749 4251 2664 2491
15665 4 2 1 1 4183 916 936 2988
15666 4 2 1 1 3792 1012 1015 862
15667 4 2 1 1 3791 392 395 242
15668 4 2 1 1 3790 1632 1635 1482
15669 4 2 1 1 2144 2681 3474 4088
15670 4 2 1 1 1102 990 993 3953
15671 4 2 1 1 4254 2577 2334 3937
15672 4 2 1 1 2095 3663 2873 4209
15673 4 2 1 1 2313 3369 3057 3972
15674 4 2 1 1 555 2534 705 3522
15675 4 2 1 1 2807 3097 2474 3708
15676 4 2 1 1 555 2534 552 705
15677 4 2 1 1 2102 4032 2564 4269
15678 4 2 1 1 4400 4496 467 3287
15679 4 2 1 1 906 907 1046 3205
15680 4 2 1 1 310 386 447 2965
15681 4 2 1 1 1687 1550 1626 2964
15682 4 2 1 1 930 1006 1067 2966
15683 4 2 1 1 22 838 4220 845
15684 4 2 1 1 2501 2137 2903 4017
15685 4 2 1 1 546 548 575 3316
15686 4 2 1 1 2026 1806 1822 2924
15687 4 2 1 1 1840 1852 1853 3960
15688 4 2 1 1 1002 4229 907 2956
15689 4 2 1 1 2323 3313 2968 3948
15690 4 2 1 1 600 612 613 3957
15691 4 2 1 1 272 476 364 4393
15692 4 2 1 1 2079 3105 2938 4216
15693 4 2 1 1 1526 1527 1666 3206
15694 4 2 1 1 3625 3979 2553 4099
15695 4 2 1 1 2300 2706 3800 4307
15696 4 2 1 1 2185 3755 3422 3983
15697 4 2 1 1 2187 3756 3423 3982
15698 4 2 1 1 2186 3757 3424 3981
15699 4 2 1 1 604 710 711 3873
15700 4 2 1 1 2509 3920 2617 4299
15701 4 2 1 1 3023 2863 1826 4169
15702 4 2 1 1 2926 3456 3067 2510
15703 4 2 1 1 1884 1974 3094 4297
15704 4 2 1 1 1293 1364 2712 4339
15705 4 2 1 1 1636 1530 3248 4141
15706 4 2 1 1 396 290 3249 4140
15707 4 2 1 1 1016 910 3250 4139
15708 4 2 1 1 3083 3209 2423 3673
15709 4 2 1 1 1760 1892 2030 3695
15710 4 2 1 1 1984 2693 3439 3872
15711 4 2 1 1 497 461 2945 3860
15712 4 2 1 1 1081 2944 1117 3861
15713 4 2 1 1 1737 1701 2943 3862
15714 4 2 1 1 2108 3646 3314 4031
15715 4 2 1 1 906 3205 3501 4268
15716 4 2 1 1 2155 3486 2879 3949
15717 4 2 1 1 2653 3631 2130 3914
15718 4 2 1 1 1428 4504 4399 3098
15719 4 2 1 1 1096 984 892 4370
15720 4 2 1 1 1716 1604 1512 4369
15721 4 2 1 1 3134 3779 2385 2546
15722 4 2 1 1 2120 3364 2307 4345
15723 4 2 1 1 1961 3649 1929 3777
15724 4 2 1 1 404 425 3985 4387
15725 4 2 1 1 1644 1665 3986 4385
15726 4 2 1 1 1045 3987 1024 4386
15727 4 2 1 1 1154 1392 1418 2943
15728 4 2 1 1 534 772 798 2944
15729 4 2 1 1 2012 2038 1774 2945
15730 4 2 1 1 2633 3654 3381 4311
15731 4 2 1 1 1280 3524 3104 4168
15732 4 2 1 1 700 592 544 3638
15733 4 2 1 1 2139 3585 2635 3664
15734 4 2 1 1 3067 3456 2926 2445
15735 4 2 1 1 4400 4496 21 467
15736 4 2 1 1 838 2826 4400 4220
15737 4 2 1 1 2831 3602 2151 3801
15738 4 2 1 1 4521 1150 4547 198
15739 4 2 1 1 2300 3605 2854 3910
15740 4 2 1 1 2339 2659 3442 4368
15741 4 2 1 1 3565 3721 3737 2279
15742 4 2 1 1 2583 2307 3364 4345
15743 4 2 1 1 908 3641 1048 4268
15744 4 2 1 1 4207 2962 3126 4377
15745 4 2 1 1 2079 3105 2895 4043
15746 4 2 1 1 3884 209 4498 51
15747 4 2 1 1 2112 3265 2968 4191
15748 4 2 1 1 2502 2904 3299 3718
15749 4 2 1 1 2500 2905 3300 3717
15750 4 2 1 1 2528 2999 2346 3566
15751 4 2 1 1 2427 3244 4022 3097
15752 4 2 1 1 2704 3390 2271 3974
15753 4 2 1 1 1668 1528 3642 4272
15754 4 2 1 1 2963 3619 2356 3659
15755 4 2 1 1 2329 4231 2700 4255
15756 4 2 1 1 3588 3751 2431 4263
15757 4 2 1 1 3019 3900 241 4275
15758 4 2 1 1 3589 3752 2430 4262
15759 4 2 1 1 2040 3229 2605 4360
15760 4 2 1 1 1896 2002 1753 2916
15761 4 2 1 1 1276 1382 1132 2917
15762 4 2 1 1 656 762 512 2918
15763 4 2 1 1 2279 3844 3202 4199
15764 4 2 1 1 4400 4371 1065 3287
15765 4 2 1 1 1829 1831 3130 4110
15766 4 2 1 1 1420 3228 2606 4356
15767 4 2 1 1 2275 3358 2735 3548
15768 4 2 1 1 2443 3243 2988 2273
15769 4 2 1 1 2180 3092 2994 4079
15770 4 2 1 1 2274 3363 2737 3549
15771 4 2 1 1 861 3021 3899 4279
15772 4 2 1 1 3614 4009 2296 2499
15773 4 2 1 1 3020 3898 1481 4280
15774 4 2 1 1 800 3227 2607 4353
15775 4 2 1 1 1387 47 46 4200
15776 4 2 1 1 2657 3924 237 4304
15777 4 2 1 1 2658 3923 1477 4305
15778 4 2 1 1 2091 3215 3268 3693
15779 4 2 1 1 46 1135 1387 4200
15780 4 2 1 1 1387 1383 47 4200
15781 4 2 1 1 2380 2275 2543 3358
15782 4 2 1 1 2331 2840 3179 3762
15783 4 2 1 1 2562 3179 2840 3762
15784 4 2 1 1 3206 3500 1526 4272
15785 4 2 1 1 3122 3126 3255 2359
15786 4 2 1 1 2863 3183 2449 4292
15787 4 2 1 1 3844 1319 1197 3202
15788 4 2 1 1 3100 3518 2291 4028
15789 4 2 1 1 2141 2821 3625 3665
15790 4 2 1 1 2761 4028 2291 2674
15791 4 2 1 1 3550 3859 2361 2456
15792 4 2 1 1 2560 3633 2660 3888
15793 4 2 1 1 1841 3023 1970 4297
15794 4 2 1 1 3382 3544 2260 4348
15795 4 2 1 1 2297 2844 3311 4278
15796 4 2 1 1 2460 4041 3210 4208
15797 4 2 1 1 317 323 316 3007
15798 4 2 1 1 965 4541 835 2935
15799 4 2 1 1 2390 2631 3204 3925
15800 4 2 1 1 3601 3316 550 2588
15801 4 2 1 1 2075 2755 3644 4320
15802 4 2 1 1 2206 3298 3135 3634
15803 4 2 1 1 1203 1312 1193 3541
15804 4 2 1 1 685 3012 689 3896
15805 4 2 1 1 2559 3643 2663 3892
15806 4 2 1 1 714 723 586 4185
15807 4 2 1 1 3371 2515 2206 3917
15808 4 2 1 1 2090 3209 2252 3673
15809 4 2 1 1 1421 2850 1133 1395
15810 4 2 1 1 2300 2721 3319 4307
15811 4 2 1 1 399 3019 241 4275
15812 4 2 1 1 3601 550 3316 703
15813 4 2 1 1 1306 3760 1304 3531
15814 4 2 1 1 2270 4056 3601 4318
15815 4 2 1 1 1217 1356 1309 3656
15816 4 2 1 1 2656 3944 857 4303
15817 4 2 1 1 2388 3392 3257 3609
15818 4 2 1 1 1255 1395 1336 3727
15819 4 2 1 1 861 1019 3021 4279
15820 4 2 1 1 1639 3020 1481 4280
15821 4 2 1 1 2235 3184 2667 4107
15822 4 2 1 1 2840 3349 2387 3467
15823 4 2 1 1 668 667 674 3850
15824 4 2 1 1 1686 1449 1735 3184
15825 4 2 1 1 801 2849 513 775
15826 4 2 1 1 2232 3127 3504 4060
15827 4 2 1 1 3080 4191 2378 2191
15828 4 2 1 1 3078 4192 2376 2192
15829 4 2 1 1 1162 1163 1164 3565
15830 4 2 1 1 2106 2811 3218 4060
15831 4 2 1 1 2389 4037 3257 4350
15832 4 2 1 1 2095 3523 3243 2273
15833 4 2 1 1 2181 4315 3409 4323
15834 4 2 1 1 2379 2972 2930 3831
15835 4 2 1 1 2290 2832 3845 4041
15836 4 2 1 1 1275 1253 1246 3026
15837 4 2 1 1 633 626 655 3025
15838 4 2 1 1 1895 1873 1866 3027
15839 4 2 1 1 2165 3336 2800 3833
15840 4 2 1 1 1332 3548 2685 4293
15841 4 2 1 1 1886 1884 1974 3094
15842 4 2 1 1 1306 3760 3531 3455
15843 4 2 1 1 2061 3157 2416 3771
15844 4 2 1 1 657 3016 610 3864
15845 4 2 1 1 2618 3909 3486 2155
15846 4 2 1 1 3844 1197 1319 1314
15847 4 2 1 1 3124 3942 3245 4095
15848 4 2 1 1 3557 4385 2856 2410
15849 4 2 1 1 3556 4386 2855 2411
15850 4 2 1 1 3555 4387 2857 2412
15851 4 2 1 1 1272 1274 1410 3701
15852 4 2 1 1 564 557 3522 2930
15853 4 2 1 1 1929 4176 3777 3165
15854 4 2 1 1 3891 3488 2708 4208
15855 4 2 1 1 2314 3179 3448 2073
15856 4 2 1 1 2004 3901 2775 4159
15857 4 2 1 1 853 854 855 2948
15858 4 2 1 1 234 235 233 2949
15859 4 2 1 1 1474 1475 1473 2950
15860 4 2 1 1 1555 3326 1536 2866
15861 4 2 1 1 3198 3782 2366 4171
15862 4 2 1 1 2388 2168 2625 3483
15863 4 2 1 1 2341 3174 3170 4080
15864 4 2 1 1 3030 3180 2320 3850
15865 4 2 1 1 1036 3507 3527 4183
15866 4 2 1 1 1800 1801 1796 3159
15867 4 2 1 1 2296 2499 3010 4364
15868 4 2 1 1 2555 2333 4110 3579
15869 4 2 1 1 2853 4030 3320 2720
15870 4 2 1 1 1010 902 1089 3138
15871 4 2 1 1 469 390 282 3140
15872 4 2 1 1 1709 1630 1522 3139
15873 4 2 1 1 549 550 548 2979
15874 4 2 1 1 717 3776 3363 4334
15875 4 2 1 1 2464 2750 3948 4313
15876 4 2 1 1 3561 807 761 649
15877 4 2 1 1 3229 3738 2266 4360
15878 4 2 1 1 3228 3741 2264 4356
15879 4 2 1 1 3227 3742 2265 4353
15880 4 2 1 1 2279 3565 3512 3737
15881 4 2 1 1 2928 3318 2469 4352
15882 4 2 1 1 2016 3359 3816 3027
15883 4 2 1 1 776 3361 3818 3025
15884 4 2 1 1 3360 3817 1245 3026
15885 4 2 1 1 3561 807 649 3484
15886 4 2 1 1 2343 2302 2720 2853
15887 4 2 1 1 2804 2189 3389 4046
15888 4 2 1 1 1389 2990 1302 3946
15889 4 2 1 1 2764 3538 2267 3616
15890 4 2 1 1 1206 1343 1205 3562
15891 4 2 1 1 1363 4445 1404 1407
15892 4 2 1 1 3570 2420 372 369
15893 4 2 1 1 3570 372 2420 3296
15894 4 2 1 1 2382 3193 2792 4177
15895 4 2 1 1 3758 3349 2331 3529
15896 4 2 1 1 2646 2315 3562 3878
15897 4 2 1 1 2502 3581 2904 3718
15898 4 2 1 1 2500 3580 2905 3717
15899 4 2 1 1 976 978 977 3234
15900 4 2 1 1 2422 3628 2983 4116
15901 4 2 1 1 790 652 654 3700
15902 4 2 1 1 465 3260 406 3427
15903 4 2 1 1 1026 1085 3258 3428
15904 4 2 1 1 1705 3259 1646 3429
15905 4 2 1 1 337 3449 335 4327
15906 4 2 1 1 957 3450 955 4328
15907 4 2 1 1 1577 3451 1575 4329
15908 4 2 1 1 2233 3377 3338 2584
15909 4 2 1 1 2601 3395 3277 3574
15910 4 2 1 1 499 375 374 3296
15911 4 2 1 1 2796 2086 3497 4135
15912 4 2 1 1 2506 2217 2976 2159
15913 4 2 1 1 2507 2216 2977 2160
15914 4 2 1 1 2508 3013 2218 2978
15915 4 2 1 1 2225 2638 3342 4351
15916 4 2 1 1 637 3328 638 607
15917 4 2 1 1 1259 3668 1270 3935
15918 4 2 1 1 2671 3571 2203 4290
15919 4 2 1 1 2672 3572 2202 4289
15920 4 2 1 1 2142 2617 3880 3157
15921 4 2 1 1 3354 3784 2917 4091
15922 4 2 1 1 2549 4217 3326 4389
15923 4 2 1 1 2548 4218 3327 4390
15924 4 2 1 1 1066 828 1115 3186
15925 4 2 1 1 2696 3831 3522 2984
15926 4 2 1 1 2330 2701 2983 4361
15927 4 2 1 1 2570 3514 2985 3979
15928 4 2 1 1 2858 2331 3529 3293
15929 4 2 1 1 1597 1596 1598 3233
15930 4 2 1 1 2214 3207 3902 3393
15931 4 2 1 1 637 3328 607 3181
15932 4 2 1 1 2310 3706 2678 3869
15933 4 2 1 1 2269 2868 3484 3876
15934 4 2 1 1 1245 3817 3360 4384
15935 4 2 1 1 2218 3306 2749 3648
15936 4 2 1 1 2216 3307 2750 3647
15937 4 2 1 1 2217 3305 2751 3646
15938 4 2 1 1 3758 2331 3349 2840
15939 4 2 1 1 3350 3198 590 568
15940 4 2 1 1 1462 2944 1675 4221
15941 4 2 1 1 435 222 2943 4222
15942 4 2 1 1 1055 843 2945 4220
15943 4 2 1 1 995 994 1119 3302
15944 4 2 1 1 1739 1615 1614 3303
15945 4 2 1 1 132 755 3341 521
15946 4 2 1 1 4405 209 444 52
15947 4 2 1 1 4406 829 1064 164
15948 4 2 1 1 2601 3574 3277 4245
15949 4 2 1 1 4404 1452 1697 142
15950 4 2 1 1 4403 825 1077 14
15951 4 2 1 1 212 4402 457 2703
15952 4 2 1 1 1846 3359 1865 3027
15953 4 2 1 1 606 3361 625 3025
15954 4 2 1 1 1226 3360 1245 3026
15955 4 2 1 1 935 3527 915 3744
15956 4 2 1 1 1891 2705 1760 3177
15957 4 2 1 1 2081 2750 3411 2505
15958 4 2 1 1 595 729 580 3366
15959 4 2 1 1 937 3417 1084 4173
15960 4 2 1 1 2373 2815 3551 4319
15961 4 2 1 1 2778 2239 3799 3854
15962 4 2 1 1 592 3266 693 3113
15963 4 2 1 1 2525 3261 2767 4223
15964 4 2 1 1 2372 2817 3554 4317
15965 4 2 1 1 1299 3197 1297 3946
15966 4 2 1 1 1793 1791 1792 3301
15967 4 2 1 1 2315 3584 3476 4346
15968 4 2 1 1 4014 4013 3934 2637
15969 4 2 1 1 1134 193 192 4482
15970 4 2 1 1 271 3842 3095 4189
15971 4 2 1 1 2763 3769 2529 3770
15972 4 2 1 1 2300 2854 3605 3805
15973 4 2 1 1 2314 3057 3333 4212
15974 4 2 1 1 4014 3934 4013 2746
15975 4 2 1 1 1654 1647 1663 3399
15976 4 2 1 1 1262 4069 1355 1242
15977 4 2 1 1 1343 1206 1334 3530
15978 4 2 1 1 1173 3653 1175 1176
15979 4 2 1 1 971 2905 3580 4145
15980 4 2 1 1 1591 2904 3581 4146
15981 4 2 1 1 351 2903 3582 4147
15982 4 2 1 1 1023 871 866 3168
15983 4 2 1 1 251 246 403 3167
15984 4 2 1 1 1643 1491 1486 3166
15985 4 2 1 1 2040 3229 4360 2005
15986 4 2 1 1 800 3227 4353 765
15987 4 2 1 1 1420 3228 4356 1385
15988 4 2 1 1 2416 3771 3262 4090
15989 4 2 1 1 2753 3343 2289 3938
15990 4 2 1 1 2297 3519 3644 4278
15991 4 2 1 1 3089 3665 2327 4040
15992 4 2 1 1 3088 3664 2325 4039
15993 4 2 1 1 2348 3512 2754 3565
15994 4 2 1 1 628 721 708 4225
15995 4 2 1 1 1075 1113 1041 4382
15996 4 2 1 1 339 2797 338 337
15997 4 2 1 1 1579 2798 1578 1577
15998 4 2 1 1 959 2799 958 957
15999 4 2 1 1 1819 2863 1826 4292
16000 4 2 1 1 3350 590 3198 2366
16001 4 2 1 1 1334 1266 1264 3238
16002 4 2 1 1 2795 2085 3430 4138
16003 4 2 1 1 2015 3622 2041 1752
16004 4 2 1 1 2988 3926 2303 4173
16005 4 2 1 1 589 591 3128 4158
16006 4 2 1 1 2582 3909 3448 4271
16007 4 2 1 1 2842 4093 3323 4117
16008 4 2 1 1 1322 3123 1169 4205
16009 4 2 1 1 2984 3278 2246 3699
16010 4 2 1 1 2040 3229 2005 1755
16011 4 2 1 1 4389 1519 1518 1521
16012 4 2 1 1 899 901 898 3213
16013 4 2 1 1 281 278 279 3212
16014 4 2 1 1 2297 2844 2746 3311
16015 4 2 1 1 1852 1833 1980 3116
16016 4 2 1 1 593 740 612 3117
16017 4 2 1 1 1420 3228 1385 1142
16018 4 2 1 1 2176 2930 4158 3132
16019 4 2 1 1 3050 4103 2549 4389
16020 4 2 1 1 3051 4104 2548 4390
16021 4 2 1 1 2968 4191 2378 2884
16022 4 2 1 1 2872 3518 3100 3913
16023 4 2 1 1 2067 3550 3619 4157
16024 4 2 1 1 3237 3748 2433 2723
16025 4 2 1 1 2343 2302 2853 3066
16026 4 2 1 1 2748 345 3875 4238
16027 4 2 1 1 3296 3793 2227 4119
16028 4 2 1 1 1262 4069 1242 4107
16029 4 2 1 1 2319 3611 3282 4325
16030 4 2 1 1 2317 3610 3281 4324
16031 4 2 1 1 645 3774 3178 3908
16032 4 2 1 1 2510 3456 2895 3490
16033 4 2 1 1 2184 3466 3100 2401
16034 4 2 1 1 2268 2865 3475 3858
16035 4 2 1 1 2746 3934 3682 4014
16036 4 2 1 1 2858 3293 3952 2277
16037 4 2 1 1 3017 3268 2424 3348
16038 4 2 1 1 800 3227 765 515
16039 4 2 1 1 2164 3283 2801 3702
16040 4 2 1 1 3774 643 516 820
16041 4 2 1 1 1162 3565 3630 4338
16042 4 2 1 1 3369 3529 2331 3972
16043 4 2 1 1 2782 3529 3369 3972
16044 4 2 1 1 4011 2795 4226 4138
16045 4 2 1 1 970 971 2905 827
16046 4 2 1 1 1590 1591 2904 1446
16047 4 2 1 1 350 351 2903 207
16048 4 2 1 1 2183 3465 3102 2402
16049 4 2 1 1 1608 3968 1607 4255
16050 4 2 1 1 583 597 692 3101
16051 4 2 1 1 2786 2227 3793 4119
16052 4 2 1 1 3282 3611 2560 4325
16053 4 2 1 1 3281 3610 2559 4324
16054 4 2 1 1 691 657 658 3858
16055 4 2 1 1 2145 2682 3345 4087
16056 4 2 1 1 3587 3626 2285 3794
16057 4 2 1 1 2864 3389 2189 4046
16058 4 2 1 1 2236 2807 3670 3097
16059 4 2 1 1 3599 2068 3144 3275
16060 4 2 1 1 297 3521 327 4316
16061 4 2 1 1 813 639 643 3082
16062 4 2 1 1 1687 1451 1685 3286
16063 4 2 1 1 445 447 211 3285
16064 4 2 1 1 1067 830 1065 3287
16065 4 2 1 1 2638 2225 3573 4351
16066 4 2 1 1 3365 3950 1905 4253
16067 4 2 1 1 2244 3734 2945 2908
16068 4 2 1 1 2242 3732 2943 2906
16069 4 2 1 1 2243 3733 2944 2907
16070 4 2 1 1 1599 1600 2776 4125
16071 4 2 1 1 2697 3116 3713 3535
16072 4 2 1 1 229 447 227 4372
16073 4 2 1 1 1469 1687 1467 4373
16074 4 2 1 1 847 849 1067 4371
16075 4 2 1 1 4012 2796 4228 4135
16076 4 2 1 1 4228 3497 4135 2796
16077 4 2 1 1 2670 3917 3371 4337
16078 4 2 1 1 554 604 559 3502
16079 4 2 1 1 980 2777 979 4121
16080 4 2 1 1 1286 4274 1364 4339
16081 4 2 1 1 1359 1331 2914 4201
16082 4 2 1 1 3136 3619 2356 4157
16083 4 2 1 1 3441 3605 2673 3910
16084 4 2 1 1 378 3840 377 361
16085 4 2 1 1 3441 2933 3746 3910
16086 4 2 1 1 1936 1761 1999 3865
16087 4 2 1 1 2227 3761 3033 3235
16088 4 2 1 1 1255 1421 3727 4284
16089 4 2 1 1 265 483 3357 3726
16090 4 2 1 1 1103 3355 885 3725
16091 4 2 1 1 1723 3356 1505 3724
16092 4 2 1 1 4228 4135 3497 2275
16093 4 2 1 1 4226 3430 4138 2795
16094 4 2 1 1 1328 3618 1341 3711
16095 4 2 1 1 2772 3244 3171 3615
16096 4 2 1 1 2219 3219 3621 3894
16097 4 2 1 1 2949 3568 2354 4047
16098 4 2 1 1 2950 3567 2353 4048
16099 4 2 1 1 2948 3569 2355 4049
16100 4 2 1 1 2300 3800 2721 4307
16101 4 2 1 1 3257 4037 2388 4350
16102 4 2 1 1 696 4538 521 759
16103 4 2 1 1 493 4408 441 216
16104 4 2 1 1 368 3570 3001 3919
16105 4 2 1 1 2428 3366 3339 3835
16106 4 2 1 1 717 3363 576 4334
16107 4 2 1 1 1622 3968 2958 4042
16108 4 2 1 1 1878 2034 1930 2816
16109 4 2 1 1 3745 2456 2102 3566
16110 4 2 1 1 2760 3513 2161 3709
16111 4 2 1 1 2419 3746 2968 3948
16112 4 2 1 1 3524 3630 2614 3877
16113 4 2 1 1 1969 1797 1805 3247
16114 4 2 1 1 1363 1362 3455 3470
16115 4 2 1 1 4226 4138 3430 2274
16116 4 2 1 1 801 3728 635 4283
16117 4 2 1 1 4349 2683 712 3549
16118 4 2 1 1 2719 4072 2295 3306
16119 4 2 1 1 2717 4070 2293 4114
16120 4 2 1 1 2718 4071 2294 4115
16121 4 2 1 1 716 4349 631 3728
16122 4 2 1 1 4389 1519 1521 3211
16123 4 2 1 1 278 3212 281 4390
16124 4 2 1 1 4046 3622 2352 3736
16125 4 2 1 1 2840 2562 3467 3694
16126 4 2 1 1 1283 1282 1281 2923
16127 4 2 1 1 2349 2679 3487 2526
16128 4 2 1 1 89 90 771 4472
16129 4 2 1 1 3038 3420 3041 2158
16130 4 2 1 1 3036 3419 3039 2160
16131 4 2 1 1 3037 3418 3040 2159
16132 4 2 1 1 2661 3578 2335 4236
16133 4 2 1 1 2662 3579 2333 2136
16134 4 2 1 1 2998 2529 3730 4210
16135 4 2 1 1 3842 4273 4251 2340
16136 4 2 1 1 2285 3626 2890 3794
16137 4 2 1 1 967 968 920 3445
16138 4 2 1 1 348 300 347 3446
16139 4 2 1 1 1540 1587 1588 3447
16140 4 2 1 1 3480 4310 1944 4394
16141 4 2 1 1 593 599 587 3578
16142 4 2 1 1 1839 1827 1833 3579
16143 4 2 1 1 3750 3954 2790 4108
16144 4 2 1 1 670 669 668 3850
16145 4 2 1 1 561 2731 4001 4276
16146 4 2 1 1 4343 2685 1332 3548
16147 4 2 1 1 3978 4014 3255 2103
16148 4 2 1 1 1336 4343 1251 3727
16149 4 2 1 1 1983 4444 2027 3468
16150 4 2 1 1 2078 2677 3788 3945
16151 4 2 1 1 4048 3966 3941 2353
16152 4 2 1 1 4048 3941 3966 2658
16153 4 2 1 1 2959 3727 2351 4284
16154 4 2 1 1 607 4165 736 596
16155 4 2 1 1 2957 3728 2350 4283
16156 4 2 1 1 2133 2808 2352 2484
16157 4 2 1 1 2404 3824 3543 4392
16158 4 2 1 1 2361 2713 3550 2456
16159 4 2 1 1 1016 3454 1008 4139
16160 4 2 1 1 388 396 3452 4140
16161 4 2 1 1 1636 3453 1628 4141
16162 4 2 1 1 2165 3437 2925 4388
16163 4 2 1 1 2961 3736 2352 4286
16164 4 2 1 1 3909 3949 2894 4271
16165 4 2 1 1 206 4156 3229 4196
16166 4 2 1 1 826 4155 3227 4195
16167 4 2 1 1 1447 4154 3228 4194
16168 4 2 1 1 2069 3290 2829 4296
16169 4 2 1 1 2205 3000 3481 4308
16170 4 2 1 1 2909 3291 3273 2316
16171 4 2 1 1 4047 3967 3940 2354
16172 4 2 1 1 2729 3263 2080 3952
16173 4 2 1 1 2106 3218 2811 4077
16174 4 2 1 1 2124 3629 2752 4346
16175 4 2 1 1 501 4375 502 3645
16176 4 2 1 1 2831 3671 2347 4185
16177 4 2 1 1 2501 3354 2862 4017
16178 4 2 1 1 4047 3940 3967 2657
16179 4 2 1 1 1862 1882 1963 3033
16180 4 2 1 1 1319 1315 1318 3413
16181 4 2 1 1 1375 4544 53 4405
16182 4 2 1 1 1995 4545 165 4406
16183 4 2 1 1 3341 529 755 133
16184 4 2 1 1 2182 2890 3534 4377
16185 4 2 1 1 417 3078 266 4084
16186 4 2 1 1 1657 3079 1506 4085
16187 4 2 1 1 1037 3080 886 4083
16188 4 2 1 1 2920 3916 3436 4240
16189 4 2 1 1 2527 3436 2990 4332
16190 4 2 1 1 2097 3762 2283 4142
16191 4 2 1 1 2149 3322 3076 4391
16192 4 2 1 1 3338 3599 2584 3930
16193 4 2 1 1 2190 3399 3079 4232
16194 4 2 1 1 1061 4407 140 836
16195 4 2 1 1 441 4408 12 216
16196 4 2 1 1 60 215 4409 463
16197 4 2 1 1 1262 1242 1261 4107
16198 4 2 1 1 1250 1263 1259 2823
16199 4 2 1 1 3044 3506 2249 4093
16200 4 2 1 1 2493 3892 3081 4370
16201 4 2 1 1 2492 3888 3077 4369
16202 4 2 1 1 3658 3949 3009 4057
16203 4 2 1 1 4049 3965 3939 2355
16204 4 2 1 1 3255 4013 2299 4396
16205 4 2 1 1 1898 1931 1897 3876
16206 4 2 1 1 2297 3644 2755 3682
16207 4 2 1 1 3682 4320 2755 3889
16208 4 2 1 1 4192 4062 2524 4266
16209 4 2 1 1 4191 4061 2523 4267
16210 4 2 1 1 360 2778 359 4089
16211 4 2 1 1 3273 3291 2909 2188
16212 4 2 1 1 4185 737 2640 3022
16213 4 2 1 1 4049 3939 3965 2656
16214 4 2 1 1 3666 3778 2626 4054
16215 4 2 1 1 2791 3251 2248 2153
16216 4 2 1 1 460 415 3958 4218
16217 4 2 1 1 4059 3727 3623 2351
16218 4 2 1 1 2260 3516 3173 2425
16219 4 2 1 1 2818 3125 2414 4330
16220 4 2 1 1 4400 1065 838 21
16221 4 2 1 1 837 3286 149 1087
16222 4 2 1 1 3285 219 69 445
16223 4 2 1 1 4055 3728 3624 2350
16224 4 2 1 1 2389 3137 4037 4350
16225 4 2 1 1 4507 207 2903 4200
16226 4 2 1 1 1035 915 935 3527
16227 4 2 1 1 2511 3115 3208 2370
16228 4 2 1 1 1700 1655 3974 4217
16229 4 2 1 1 1829 1828 1831 4110
16230 4 2 1 1 2508 3013 2978 2158
16231 4 2 1 1 2160 2977 3015 2216
16232 4 2 1 1 2159 2976 3014 2217
16233 4 2 1 1 382 4380 4067 459
16234 4 2 1 1 2237 3263 2858 3529
16235 4 2 1 1 3591 3641 2286 3796
16236 4 2 1 1 3592 3642 2287 3795
16237 4 2 1 1 4167 3063 2134 2395
16238 4 2 1 1 1317 3413 1318 1315
16239 4 2 1 1 3324 4118 2843 4153
16240 4 2 1 1 690 2835 736 3328
16241 4 2 1 1 1802 1801 1800 3159
16242 4 2 1 1 2126 3506 3044 3932
16243 4 2 1 1 2382 3247 3159 3558
16244 4 2 1 1 3628 2422 992 989
16245 4 2 1 1 1240 1161 1159 3739
16246 4 2 1 1 3847 3340 2224 3739
16247 4 2 1 1 1895 3816 2908 3027
16248 4 2 1 1 382 4380 459 287
16249 4 2 1 1 3518 2384 2872 2514
16250 4 2 1 1 1275 3817 2906 3026
16251 4 2 1 1 655 3818 2907 3025
16252 4 2 1 1 2811 2240 4058 2676
16253 4 2 1 1 2688 3158 2395 4167
16254 4 2 1 1 3325 4092 2571 2415
16255 4 2 1 1 2074 4092 3325 2415
16256 4 2 1 1 332 331 312 3054
16257 4 2 1 1 1571 1552 1572 3053
16258 4 2 1 1 932 952 951 3055
16259 4 2 1 1 3874 3550 2456 3859
16260 4 2 1 1 3120 3808 2364 4190
16261 4 2 1 1 2076 3004 3517 3936
16262 4 2 1 1 841 1122 1094 2868
16263 4 2 1 1 2164 3283 2598 2150
16264 4 2 1 1 4161 3062 2135 2394
16265 4 2 1 1 1742 1714 1461 2865
16266 4 2 1 1 2426 3412 3099 3632
16267 4 2 1 1 2239 3095 3799 4393
16268 4 2 1 1 2166 2832 3964 4041
16269 4 2 1 1 4184 3989 4120 2633
16270 4 2 1 1 672 687 671 3482
16271 4 2 1 1 2366 3658 3009 3782
16272 4 2 1 1 4118 2343 2302 2100
16273 4 2 1 1 3065 2342 2301 4117
16274 4 2 1 1 2356 4346 4109 2812
16275 4 2 1 1 1475 1476 1477 3923
16276 4 2 1 1 237 235 236 3924
16277 4 2 1 1 898 897 881 3052
16278 4 2 1 1 1517 1501 1518 3050
16279 4 2 1 1 278 277 261 3051
16280 4 2 1 1 1751 4449 96 2046
16281 4 2 1 1 4109 4346 2356 3584
16282 4 2 1 1 4087 3077 3797 2241
16283 4 2 1 1 4087 3797 3077 2700
16284 4 2 1 1 203 4410 16 442
16285 4 2 1 1 823 4411 144 1062
16286 4 2 1 1 453 64 202 4412
16287 4 2 1 1 1433 1263 1136 3217
16288 4 2 1 1 1919 1922 1921 4176
16289 4 2 1 1 502 474 221 2861
16290 4 2 1 1 645 3178 646 3908
16291 4 2 1 1 1788 3169 1815 3627
16292 4 2 1 1 2053 1879 1883 3722
16293 4 2 1 1 2687 3154 2394 4161
16294 4 2 1 1 2420 4067 3028 4380
16295 4 2 1 1 2045 1930 2034 4399
16296 4 2 1 1 1862 3033 1963 2496
16297 4 2 1 1 4343 2275 2685 3548
16298 4 2 1 1 2323 2968 3313 3441
16299 4 2 1 1 1167 1166 3635 4205
16300 4 2 1 1 2156 3207 2818 3848
16301 4 2 1 1 2259 2383 3351 2789
16302 4 2 1 1 2972 4001 2731 4276
16303 4 2 1 1 2779 2852 2111 4050
16304 4 2 1 1 2754 2143 3512 3847
16305 4 2 1 1 4471 185 186 1366
16306 4 2 1 1 2107 3648 3312 4264
16307 4 2 1 1 2358 3102 3520 3849
16308 4 2 1 1 3639 3997 3364 4381
16309 4 2 1 1 3137 2388 4037 4350
16310 4 2 1 1 3488 3593 2114 2984
16311 4 2 1 1 2673 3441 2204 4291
16312 4 2 1 1 2122 3540 4004 4298
16313 4 2 1 1 2403 3413 3236 2199
16314 4 2 1 1 2477 4090 2127 3262
16315 4 2 1 1 2206 3634 3135 3657
16316 4 2 1 1 2379 3135 3634 3657
16317 4 2 1 1 2240 3081 3798 4370
16318 4 2 1 1 2241 3077 3797 4369
16319 4 2 1 1 658 524 691 2824
16320 4 2 1 1 337 336 335 3449
16321 4 2 1 1 956 955 957 3450
16322 4 2 1 1 1577 1576 1575 3451
16323 4 2 1 1 215 4486 468 59
16324 4 2 1 1 4540 836 139 4407
16325 4 2 1 1 4541 216 11 4408
16326 4 2 1 1 2866 3432 3243 4209
16327 4 2 1 1 602 3198 590 4171
16328 4 2 1 1 4349 2274 2683 3549
16329 4 2 1 1 2610 2295 3846 2462
16330 4 2 1 1 852 1003 902 3458
16331 4 2 1 1 1522 1472 1623 3459
16332 4 2 1 1 232 383 282 3460
16333 4 2 1 1 2742 3453 2539 3906
16334 4 2 1 1 2743 3452 2540 3907
16335 4 2 1 1 2744 3454 2541 3905
16336 4 2 1 1 1885 1883 3104 2060
16337 4 2 1 1 1317 3884 1380 2917
16338 4 2 1 1 2364 3626 2864 4024
16339 4 2 1 1 3628 992 2422 3302
16340 4 2 1 1 578 590 602 3198
16341 4 2 1 1 3825 2118 3010 3771
16342 4 2 1 1 2529 3769 2763 4336
16343 4 2 1 1 2348 3512 3565 3737
16344 4 2 1 1 1784 1832 1782 3121
16345 4 2 1 1 2840 3179 2562 2073
16346 4 2 1 1 2252 3476 2752 3629
16347 4 2 1 1 2249 3667 2595 3692
16348 4 2 1 1 210 4421 3838 4548
16349 4 2 1 1 449 4422 211 3837
16350 4 2 1 1 4088 3081 3798 2240
16351 4 2 1 1 989 988 3628 4116
16352 4 2 1 1 4088 3798 3081 2701
16353 4 2 1 1 4187 1213 1360 1190
16354 4 2 1 1 4187 1360 1213 3434
16355 4 2 1 1 3078 3400 2192 3993
16356 4 2 1 1 2751 3585 2190 3103
16357 4 2 1 1 3080 3401 2191 3995
16358 4 2 1 1 1907 2033 2936 3950
16359 4 2 1 1 2648 2284 3671 3444
16360 4 2 1 1 406 3427 3260 2689
16361 4 2 1 1 1646 3429 3259 2690
16362 4 2 1 1 1026 3428 3258 2691
16363 4 2 1 1 2498 2308 3780 3203
16364 4 2 1 1 1364 4274 2712 4339
16365 4 2 1 1 993 1118 1064 3953
16366 4 2 1 1 2648 2284 3444 4331
16367 4 2 1 1 411 319 318 3794
16368 4 2 1 1 1651 1559 1558 3795
16369 4 2 1 1 1031 939 938 3796
16370 4 2 1 1 4318 572 814 2927
16371 4 2 1 1 112 113 4514 514
16372 4 2 1 1 2198 2916 3526 3785
16373 4 2 1 1 2200 2918 3525 3786
16374 4 2 1 1 544 592 542 3113
16375 4 2 1 1 4318 814 572 582
16376 4 2 1 1 556 553 555 4001
16377 4 2 1 1 4010 2521 3024 2456
16378 4 2 1 1 2068 3621 3118 2509
16379 4 2 1 1 2862 4254 3937 2632
16380 4 2 1 1 2862 3937 4254 2334
16381 4 2 1 1 3143 3636 2364 2554
16382 4 2 1 1 1337 1196 1344 3951
16383 4 2 1 1 1563 1556 1557 2866
16384 4 2 1 1 1962 1826 2863 4169
16385 4 2 1 1 2481 3909 3448 2073
16386 4 2 1 1 2756 3417 3243 4173
16387 4 2 1 1 3521 3808 2864 4024
16388 4 2 1 1 2153 3819 2790 4108
16389 4 2 1 1 812 4444 531 2896
16390 4 2 1 1 1601 1617 3811 3863
16391 4 2 1 1 894 893 3205 3643
16392 4 2 1 1 1514 1513 3206 3633
16393 4 2 1 1 309 251 403 3167
16394 4 2 1 1 1023 929 871 3168
16395 4 2 1 1 1643 1549 1491 3166
16396 4 2 1 1 1002 4229 2956 4116
16397 4 2 1 1 1184 3469 1177 3653
16398 4 2 1 1 2205 4003 3000 4308
16399 4 2 1 1 319 3794 2808 4357
16400 4 2 1 1 1559 3795 2809 4358
16401 4 2 1 1 939 3796 2810 4359
16402 4 2 1 1 2080 2830 2729 3952
16403 4 2 1 1 1002 4229 4116 1079
16404 4 2 1 1 998 3812 997 981
16405 4 2 1 1 2756 2271 3390 2866
16406 4 2 1 1 2829 2381 4076 4296
16407 4 2 1 1 2259 3949 3009 2085
16408 4 2 1 1 2414 3682 3125 3889
16409 4 2 1 1 4167 2796 4012 2688
16410 4 2 1 1 444 373 498 3919
16411 4 2 1 1 1898 1763 1931 2820
16412 4 2 1 1 1328 1341 1229 3711
16413 4 2 1 1 2067 3662 3136 4265
16414 4 2 1 1 2276 3368 2774 3617
16415 4 2 1 1 3438 3730 2367 4210
16416 4 2 1 1 1594 4144 1674 3786
16417 4 2 1 1 974 4143 1054 3785
16418 4 2 1 1 4371 1067 1065 3287
16419 4 2 1 1 3208 3697 2511 2370
16420 4 2 1 1 3444 3740 2728 4105
16421 4 2 1 1 2063 2674 3309 3443
16422 4 2 1 1 2323 3313 3948 4129
16423 4 2 1 1 2361 4180 3394 4348
16424 4 2 1 1 2388 3257 3392 4037
16425 4 2 1 1 2786 3793 3028 4380
16426 4 2 1 1 1567 1537 1568 3500
16427 4 2 1 1 1258 1356 1227 3067
16428 4 2 1 1 3540 2339 4044 3442
16429 4 2 1 1 1834 3828 1820 4292
16430 4 2 1 1 3048 3654 2535 4184
16431 4 2 1 1 2777 2240 3798 3851
16432 4 2 1 1 2596 4023 3240 4287
16433 4 2 1 1 1937 2002 1938 3478
16434 4 2 1 1 2127 3262 3519 4321
16435 4 2 1 1 697 762 698 3479
16436 4 2 1 1 409 3608 257 3749
16437 4 2 1 1 1875 2041 3736 4286
16438 4 2 1 1 4371 1065 1067 847
16439 4 2 1 1 1803 1809 1966 3410
16440 4 2 1 1 2758 3656 3067 3867
16441 4 2 1 1 4161 2795 4011 2687
16442 4 2 1 1 3341 1448 1684 132
16443 4 2 1 1 4406 829 164 4497
16444 4 2 1 1 4405 209 52 4498
16445 4 2 1 1 2491 3749 3095 4393
16446 4 2 1 1 504 271 3095 4189
16447 4 2 1 1 2895 4073 3240 4287
16448 4 2 1 1 4373 1687 1685 3286
16449 4 2 1 1 2134 2809 2351 4167
16450 4 2 1 1 2877 2207 2275 4135
16451 4 2 1 1 2135 2810 2350 4161
16452 4 2 1 1 2597 3857 2841 4180
16453 4 2 1 1 2800 2234 3893 4182
16454 4 2 1 1 2114 3488 2910 4208
16455 4 2 1 1 2140 3852 2281 3087
16456 4 2 1 1 4373 1685 1687 1467
16457 4 2 1 1 4476 813 516 3082
16458 4 2 1 1 1478 1476 1505 3923
16459 4 2 1 1 236 265 238 3924
16460 4 2 1 1 2590 4074 3809 4127
16461 4 2 1 1 4372 447 445 3285
16462 4 2 1 1 2070 2763 3769 4336
16463 4 2 1 1 2250 3443 2591 3620
16464 4 2 1 1 1610 1613 1722 4211
16465 4 2 1 1 2480 2383 3267 4166
16466 4 2 1 1 2713 2425 2482 3763
16467 4 2 1 1 2260 3394 3382 4348
16468 4 2 1 1 1289 1291 1401 4274
16469 4 2 1 1 685 682 689 3012
16470 4 2 1 1 861 1019 863 3021
16471 4 2 1 1 241 399 243 3019
16472 4 2 1 1 1483 1481 1639 3020
16473 4 2 1 1 1469 1470 1471 3509
16474 4 2 1 1 231 229 230 3510
16475 4 2 1 1 850 851 849 3508
16476 4 2 1 1 3540 2724 3442 2122
16477 4 2 1 1 4050 3603 2111 3571
16478 4 2 1 1 2168 3483 2664 4273
16479 4 2 1 1 917 948 947 3501
16480 4 2 1 1 3157 3771 2546 3825
16481 4 2 1 1 2120 2695 2307 4381
16482 4 2 1 1 2928 3372 614 3826
16483 4 2 1 1 2595 3692 2369 4064
16484 4 2 1 1 4372 445 447 227
16485 4 2 1 1 3238 3629 2823 3878
16486 4 2 1 1 2172 3251 2791 3819
16487 4 2 1 1 3487 4075 2679 4395
16488 4 2 1 1 1280 1281 3104 3524
16489 4 2 1 1 2040 3229 1755 4156
16490 4 2 1 1 800 3227 515 4155
16491 4 2 1 1 1420 3228 1142 4154
16492 4 2 1 1 4045 882 1124 3081
16493 4 2 1 1 2061 2998 2345 2999
16494 4 2 1 1 3886 3875 3926 2303
16495 4 2 1 1 271 262 504 3095
16496 4 2 1 1 2511 3208 3115 3170
16497 4 2 1 1 2448 3392 3257 4037
16498 4 2 1 1 3572 2202 2376 3312
16499 4 2 1 1 1949 1954 1950 3084
16500 4 2 1 1 4045 1124 882 891
16501 4 2 1 1 4286 2041 1992 1876
16502 4 2 1 1 1463 1701 1727 2943
16503 4 2 1 1 1081 1107 842 2944
16504 4 2 1 1 223 461 487 2945
16505 4 2 1 1 4286 1992 2041 3622
16506 4 2 1 1 2488 3166 3970 4052
16507 4 2 1 1 2490 3168 3971 4053
16508 4 2 1 1 3572 2376 2202 2883
16509 4 2 1 1 857 855 856 3944
16510 4 2 1 1 2879 3657 2274 4138
16511 4 2 1 1 596 3318 584 2615
16512 4 2 1 1 2972 3522 2316 4001
16513 4 2 1 1 1203 2926 1217 4344
16514 4 2 1 1 3028 3842 2340 4273
16515 4 2 1 1 3390 3974 1706 2866
16516 4 2 1 1 1556 1555 1536 2866
16517 4 2 1 1 1331 3895 2914 4201
16518 4 2 1 1 1485 1483 3462 3790
16519 4 2 1 1 243 3463 245 3791
16520 4 2 1 1 863 3464 865 3792
16521 4 2 1 1 373 482 370 3919
16522 4 2 1 1 2822 4249 3998 3573
16523 4 2 1 1 3771 3010 3825 2416
16524 4 2 1 1 2990 3656 1309 4162
16525 4 2 1 1 2228 3911 2429 2587
16526 4 2 1 1 2080 3529 3293 3952
16527 4 2 1 1 988 4116 987 4188
16528 4 2 1 1 2314 2477 2789 4295
16529 4 2 1 1 2351 4012 2134 4167
16530 4 2 1 1 504 3095 3799 4189
16531 4 2 1 1 3571 2203 2377 3314
16532 4 2 1 1 3571 2377 2203 2885
16533 4 2 1 1 3411 3948 2750 4313
16534 4 2 1 1 2116 3097 3708 4227
16535 4 2 1 1 1091 4470 824 1114
16536 4 2 1 1 4462 471 378 494
16537 4 2 1 1 1441 1734 1711 2918
16538 4 2 1 1 2635 3585 3103 3664
16539 4 2 1 1 402 3408 280 2689
16540 4 2 1 1 1022 3406 900 2691
16541 4 2 1 1 1642 3407 1520 2690
16542 4 2 1 1 3409 4315 2679 4323
16543 4 2 1 1 2405 3803 3365 3950
16544 4 2 1 1 436 222 486 2943
16545 4 2 1 1 1462 1726 1676 2944
16546 4 2 1 1 1106 1056 843 2945
16547 4 2 1 1 2321 4215 2936 4246
16548 4 2 1 1 4042 1502 1744 3077
16549 4 2 1 1 4042 1744 1502 1511
16550 4 2 1 1 2271 3417 3390 4382
16551 4 2 1 1 2500 4426 2010 2905
16552 4 2 1 1 1976 2733 1814 4186
16553 4 2 1 1 651 3703 642 3961
16554 4 2 1 1 2573 3324 3830 4153
16555 4 2 1 1 1172 1171 1169 3123
16556 4 2 1 1 2061 2346 2999 3566
16557 4 2 1 1 2325 4039 3664 2548
16558 4 2 1 1 897 3052 898 4102
16559 4 2 1 1 1517 3050 1518 4103
16560 4 2 1 1 278 277 3051 4104
16561 4 2 1 1 4284 1421 1372 1256
16562 4 2 1 1 3964 3659 3829 2460
16563 4 2 1 1 3155 3515 2361 4180
16564 4 2 1 1 2061 2416 2617 4090
16565 4 2 1 1 464 493 216 2935
16566 4 2 1 1 822 1072 966 2953
16567 4 2 1 1 346 202 452 2951
16568 4 2 1 1 1443 1692 1586 2952
16569 4 2 1 1 2512 3535 2911 2734
16570 4 2 1 1 2333 4065 2662 2136
16571 4 2 1 1 2350 4011 2135 4161
16572 4 2 1 1 2500 4426 2905 972
16573 4 2 1 1 1225 1245 3360 4384
16574 4 2 1 1 589 588 591 4158
16575 4 2 1 1 2101 3748 3520 2383
16576 4 2 1 1 1379 1316 1140 3884
16577 4 2 1 1 4284 1372 1421 3623
16578 4 2 1 1 21 217 4400 467
16579 4 2 1 1 3285 1457 1707 69
16580 4 2 1 1 2617 3920 3770 4299
16581 4 2 1 1 2591 3620 2368 4068
16582 4 2 1 1 2815 2384 2425 3516
16583 4 2 1 1 4366 1659 1493 1499
16584 4 2 1 1 1488 3898 3090 1484
16585 4 2 1 1 868 3899 3091 864
16586 4 2 1 1 248 3900 3092 244
16587 4 2 1 1 2052 4445 2896 3470
16588 4 2 1 1 2112 3605 3441 3910
16589 4 2 1 1 265 475 483 3726
16590 4 2 1 1 1103 885 1095 3725
16591 4 2 1 1 1723 1505 1715 3724
16592 4 2 1 1 2015 1752 1894 2839
16593 4 2 1 1 2076 3377 3004 3936
16594 4 2 1 1 2502 4427 1592 4144
16595 4 2 1 1 770 4427 522 2904
16596 4 2 1 1 2483 3638 3113 4082
16597 4 2 1 1 2830 2277 2558 3952
16598 4 2 1 1 2322 2967 3312 3572
16599 4 2 1 1 2324 2969 3314 3571
16600 4 2 1 1 2766 3511 2167 3691
16601 4 2 1 1 3161 3308 2666 3575
16602 4 2 1 1 2491 3749 3608 4247
16603 4 2 1 1 1401 1308 3002 3989
16604 4 2 1 1 3829 3964 2460 4041
16605 4 2 1 1 1675 3226 1466 4221
16606 4 2 1 1 347 2242 226 435
16607 4 2 1 1 1055 3224 846 4220
16608 4 2 1 1 1825 1834 1820 4292
16609 4 2 1 1 2709 3730 2529 4016
16610 4 2 1 1 345 3007 316 323
16611 4 2 1 1 2458 3840 2644 3884
16612 4 2 1 1 4366 1493 1659 3764
16613 4 2 1 1 1820 1809 1819 4292
16614 4 2 1 1 2355 3569 2948 4233
16615 4 2 1 1 2354 3568 2949 4235
16616 4 2 1 1 2353 3567 2950 4234
16617 4 2 1 1 1111 4411 1062 3815
16618 4 2 1 1 4412 1442 1682 64
16619 4 2 1 1 491 4410 442 3813
16620 4 2 1 1 2102 3975 3518 4198
16621 4 2 1 1 2680 3599 2525 3894
16622 4 2 1 1 2390 3204 2631 3887
16623 4 2 1 1 2286 3641 2891 3796
16624 4 2 1 1 1854 1951 3685 3988
16625 4 2 1 1 576 4276 560 4334
16626 4 2 1 1 2754 3512 2143 3844
16627 4 2 1 1 2406 3489 3119 4398
16628 4 2 1 1 1483 1482 1481 3790
16629 4 2 1 1 862 861 863 3792
16630 4 2 1 1 243 242 241 3791
16631 4 2 1 1 4281 2695 2245 3241
16632 4 2 1 1 572 2927 3494 4163
16633 4 2 1 1 2212 3505 2793 4019
16634 4 2 1 1 2585 3639 3396 3997
16635 4 2 1 1 4365 1039 873 879
16636 4 2 1 1 2287 3642 2889 3795
16637 4 2 1 1 2314 3057 2118 4295
16638 4 2 1 1 3033 3761 2654 3235
16639 4 2 1 1 2527 2990 3760 4332
16640 4 2 1 1 2659 2339 3613 4368
16641 4 2 1 1 1212 1162 1164 3630
16642 4 2 1 1 2176 3751 3150 4263
16643 4 2 1 1 3696 3193 2382 3301
16644 4 2 1 1 3075 3911 3753 2396
16645 4 2 1 1 1895 3816 3027 2016
16646 4 2 1 1 655 3818 3025 776
16647 4 2 1 1 1275 3817 3026 1396
16648 4 2 1 1 2098 2998 3730 4210
16649 4 2 1 1 2859 3183 2374 4148
16650 4 2 1 1 943 2988 936 937
16651 4 2 1 1 2367 2788 4013 4396
16652 4 2 1 1 2360 3023 3537 4297
16653 4 2 1 1 2156 2792 3558 3848
16654 4 2 1 1 2296 2208 2947 4009
16655 4 2 1 1 1061 4407 836 3390
16656 4 2 1 1 4409 1681 1456 60
16657 4 2 1 1 493 4408 216 2935
16658 4 2 1 1 2095 3243 3432 4209
16659 4 2 1 1 2078 3278 2759 2578
16660 4 2 1 1 538 610 657 3016
16661 4 2 1 1 3512 3954 2348 4288
16662 4 2 1 1 2310 3706 3685 4224
16663 4 2 1 1 1887 1886 1888 3616
16664 4 2 1 1 1675 2944 1676 2907
16665 4 2 1 1 436 435 2943 2906
16666 4 2 1 1 1055 2945 1056 2908
16667 4 2 1 1 2322 3312 3398 3572
16668 4 2 1 1 642 3703 3022 3961
16669 4 2 1 1 2544 3657 3062 4011
16670 4 2 1 1 572 566 4318 582
16671 4 2 1 1 1506 1657 1648 3079
16672 4 2 1 1 886 1037 1028 3080
16673 4 2 1 1 266 417 408 3078
16674 4 2 1 1 3010 3262 2613 2075
16675 4 2 1 1 4264 4128 2462 3306
16676 4 2 1 1 933 1041 1040 4382
16677 4 2 1 1 2624 3335 2932 2460
16678 4 2 1 1 2097 2858 3349 4352
16679 4 2 1 1 3261 4223 2525 2584
16680 4 2 1 1 2481 3448 2840 2073
16681 4 2 1 1 2741 3325 2571 2415
16682 4 2 1 1 1917 1919 3294 4176
16683 4 2 1 1 862 859 861 4303
16684 4 2 1 1 1479 1481 1482 4305
16685 4 2 1 1 241 242 239 4304
16686 4 2 1 1 692 677 581 3124
16687 4 2 1 1 2250 3830 3324 4153
16688 4 2 1 1 746 106 105 4473
16689 4 2 1 1 3120 3808 3521 4024
16690 4 2 1 1 1002 2956 4045 4116
16691 4 2 1 1 3567 4132 2628 4234
16692 4 2 1 1 3568 4133 2629 4235
16693 4 2 1 1 3569 4134 2627 4233
16694 4 2 1 1 2322 3730 3122 4264
16695 4 2 1 1 1817 1944 4310 4394
16696 4 2 1 1 3682 4320 3889 2414
16697 4 2 1 1 1016 1072 1008 3454
16698 4 2 1 1 388 396 452 3452
16699 4 2 1 1 1692 1628 1636 3453
16700 4 2 1 1 3070 3669 1608 3968
16701 4 2 1 1 3696 2382 3193 2545
16702 4 2 1 1 2052 1926 3470 3743
16703 4 2 1 1 664 665 666 3030
16704 4 2 1 1 2729 4003 3147 2955
16705 4 2 1 1 477 4413 4499 55
16706 4 2 1 1 1097 2868 4500 167
16707 4 2 1 1 4549 532 135 4414
16708 4 2 1 1 1134 1401 1424 3002
16709 4 2 1 1 2374 3391 3005 3640
16710 4 2 1 1 1781 1779 1860 4249
16711 4 2 1 1 3793 4119 3296 4380
16712 4 2 1 1 1831 3130 4110 4355
16713 4 2 1 1 2543 2207 3063 4012
16714 4 2 1 1 2961 3984 1858 4286
16715 4 2 1 1 3302 3893 2234 4182
16716 4 2 1 1 2310 2678 3706 4224
16717 4 2 1 1 1238 2959 3980 4284
16718 4 2 1 1 1970 1826 1974 4169
16719 4 2 1 1 2373 3642 2899 4272
16720 4 2 1 1 2372 3641 2897 4268
16721 4 2 1 1 618 2957 3977 4283
16722 4 2 1 1 2360 3747 3317 3787
16723 4 2 1 1 2103 3770 3978 4299
16724 4 2 1 1 3232 3600 2332 3705
16725 4 2 1 1 2612 3391 3005 3855
16726 4 2 1 1 1338 3548 3358 4343
16727 4 2 1 1 2802 3490 2283 4023
16728 4 2 1 1 3540 3607 2478 4298
16729 4 2 1 1 4322 3982 3588 2230
16730 4 2 1 1 2214 2818 3207 3848
16731 4 2 1 1 2066 3333 3351 4295
16732 4 2 1 1 2309 3155 3156 3157
16733 4 2 1 1 718 3549 3363 4349
16734 4 2 1 1 2285 3587 2864 3626
16735 4 2 1 1 4365 873 1039 3765
16736 4 2 1 1 1977 1953 1948 3706
16737 4 2 1 1 419 4367 253 3766
16738 4 2 1 1 812 2896 743 3531
16739 4 2 1 1 4322 3588 3982 2431
16740 4 2 1 1 3183 3855 2647 2374
16741 4 2 1 1 2647 3855 3183 2152
16742 4 2 1 1 880 2980 874 4061
16743 4 2 1 1 255 254 2981 260
16744 4 2 1 1 3148 3372 2237 3826
16745 4 2 1 1 4041 3891 2290 4208
16746 4 2 1 1 1363 4445 1407 3470
16747 4 2 1 1 3048 2535 3689 4184
16748 4 2 1 1 731 2922 4353 623
16749 4 2 1 1 2815 3216 2425 4152
16750 4 2 1 1 253 4367 419 259
16751 4 2 1 1 4283 801 752 636
16752 4 2 1 1 2508 2689 3976 4151
16753 4 2 1 1 4283 752 801 3624
16754 4 2 1 1 3080 4191 2191 3401
16755 4 2 1 1 3078 4192 2192 3400
16756 4 2 1 1 1351 1243 1350 3741
16757 4 2 1 1 302 3187 431 4005
16758 4 2 1 1 1542 3188 1671 4006
16759 4 2 1 1 922 3189 1051 4007
16760 4 2 1 1 1818 1819 1809 3183
16761 4 2 1 1 3847 3340 3739 2644
16762 4 2 1 1 2254 3666 2715 4096
16763 4 2 1 1 2071 2780 4137 4239
16764 4 2 1 1 1965 2919 4360 1863
16765 4 2 1 1 4208 4257 2708 3891
16766 4 2 1 1 775 513 654 2849
16767 4 2 1 1 2501 1254 4200 4091
16768 4 2 1 1 1309 3656 1310 4162
16769 4 2 1 1 2703 3680 2992 2139
16770 4 2 1 1 2704 3681 2993 3781
16771 4 2 1 1 2142 2457 3157 3068
16772 4 2 1 1 435 222 436 2943
16773 4 2 1 1 1462 1676 1675 2944
16774 4 2 1 1 843 1056 1055 2945
16775 4 2 1 1 4078 2249 3631 2694
16776 4 2 1 1 1274 1395 1133 2850
16777 4 2 1 1 3631 4093 2249 4078
16778 4 2 1 1 3770 3925 3920 2763
16779 4 2 1 1 1858 3984 1967 4286
16780 4 2 1 1 2209 3165 3649 3689
16781 4 2 1 1 2067 3619 3136 4157
16782 4 2 1 1 1290 1295 1292 3381
16783 4 2 1 1 3723 3846 2610 2295
16784 4 2 1 1 3160 3584 2630 2090
16785 4 2 1 1 2286 3591 2897 3641
16786 4 2 1 1 2346 3044 2842 4335
16787 4 2 1 1 2287 3592 2899 3642
16788 4 2 1 1 330 411 397 3587
16789 4 2 1 1 1238 3980 1352 4284
16790 4 2 1 1 3666 4333 4096 2647
16791 4 2 1 1 1778 1850 1897 3017
16792 4 2 1 1 1302 2990 1309 4162
16793 4 2 1 1 618 3977 732 4283
16794 4 2 1 1 2096 2649 3859 4008
16795 4 2 1 1 1884 1886 1885 3094
16796 4 2 1 1 950 1031 1017 3591
16797 4 2 1 1 1570 1651 1637 3592
16798 4 2 1 1 1303 1428 1386 4120
16799 4 2 1 1 4096 4333 3666 2715
16800 4 2 1 1 2225 3342 2638 3953
16801 4 2 1 1 2213 3115 3543 4076
16802 4 2 1 1 2156 3558 2792 4177
16803 4 2 1 1 471 359 434 4089
16804 4 2 1 1 2319 3020 3163 4052
16805 4 2 1 1 2317 3021 3162 4053
16806 4 2 1 1 1357 1334 1355 3530
16807 4 2 1 1 838 846 847 4371
16808 4 2 1 1 227 219 226 4372
16809 4 2 1 1 1466 1467 1458 4373
16810 4 2 1 1 2045 4504 1759 1996
16811 4 2 1 1 2303 3432 3007 3523
16812 4 2 1 1 4173 1078 1060 1126
16813 4 2 1 1 1078 3886 3926 4173
16814 4 2 1 1 2112 3441 2968 3746
16815 4 2 1 1 2968 3441 2323 3746
16816 4 2 1 1 2931 2380 3469 4381
16817 4 2 1 1 1911 3000 4308 3481
16818 4 2 1 1 2062 3421 3108 4136
16819 4 2 1 1 2117 3809 4074 4127
16820 4 2 1 1 1797 3247 1969 3973
16821 4 2 1 1 3305 3804 2463 4114
16822 4 2 1 1 1846 1865 1866 3027
16823 4 2 1 1 626 606 625 3025
16824 4 2 1 1 1226 1245 1246 3026
16825 4 2 1 1 3212 2553 4099 4101
16826 4 2 1 1 1941 1944 3480 4310
16827 4 2 1 1 61 62 212 4481
16828 4 2 1 1 2098 3800 2706 4307
16829 4 2 1 1 4118 2343 2100 2709
16830 4 2 1 1 1169 1322 1172 3123
16831 4 2 1 1 2358 3849 3520 2383
16832 4 2 1 1 2957 2350 3728 4226
16833 4 2 1 1 1914 2936 2033 3754
16834 4 2 1 1 3548 3868 2365 4293
16835 4 2 1 1 2182 2554 3056 4207
16836 4 2 1 1 2367 2788 3846 4013
16837 4 2 1 1 462 224 488 2878
16838 4 2 1 1 1082 844 1108 2878
16839 4 2 1 1 1702 1464 1728 2878
16840 4 2 1 1 505 4465 3622 470
16841 4 2 1 1 79 4464 4516 752
16842 4 2 1 1 1125 4464 3624 1090
16843 4 2 1 1 3167 3688 2489 3766
16844 4 2 1 1 2488 3166 3686 3764
16845 4 2 1 1 2490 3168 3687 3765
16846 4 2 1 1 742 3403 4379 681
16847 4 2 1 1 1788 1815 1786 3627
16848 4 2 1 1 812 686 3468 3531
16849 4 2 1 1 986 1124 985 4188
16850 4 2 1 1 1983 3468 1982 3743
16851 4 2 1 1 2229 2886 3517 3955
16852 4 2 1 1 4219 4019 3505 2567
16853 4 2 1 1 1191 3827 2931 4187
16854 4 2 1 1 1214 1342 1215 3498
16855 4 2 1 1 2459 4075 3487 4312
16856 4 2 1 1 2196 3260 2953 3427
16857 4 2 1 1 2194 3258 2952 3428
16858 4 2 1 1 2195 3259 2951 3429
16859 4 2 1 1 3371 3917 2206 4337
16860 4 2 1 1 2415 3156 3068 3880
16861 4 2 1 1 2224 2771 3847 4288
16862 4 2 1 1 1527 1622 1699 2958
16863 4 2 1 1 2214 3848 3011 4330
16864 4 2 1 1 2607 3977 2957 4283
16865 4 2 1 1 4200 1254 1383 4091
16866 4 2 1 1 2525 2767 3894 4223
16867 4 2 1 1 753 90 91 4524
16868 4 2 1 1 3608 3749 2554 4247
16869 4 2 1 1 380 495 484 4119
16870 4 2 1 1 2245 3489 3246 3937
16871 4 2 1 1 2344 3746 2933 3910
16872 4 2 1 1 2959 2351 3727 4228
16873 4 2 1 1 2433 4020 3297 4064
16874 4 2 1 1 2209 2860 4094 4202
16875 4 2 1 1 2127 3890 3262 4321
16876 4 2 1 1 368 3570 369 4067
16877 4 2 1 1 1488 3898 1484 1480
16878 4 2 1 1 868 3899 864 860
16879 4 2 1 1 248 3900 244 240
16880 4 2 1 1 3991 3507 3527 2702
16881 4 2 1 1 2297 3644 3362 4278
16882 4 2 1 1 2606 3980 2959 4284
16883 4 2 1 1 988 3628 2983 3953
16884 4 2 1 1 1841 1825 1970 3023
16885 4 2 1 1 483 364 393 3357
16886 4 2 1 1 2901 1103 984 3851
16887 4 2 1 1 1633 1723 1604 3356
16888 4 2 1 1 3345 3945 3292 4087
16889 4 2 1 1 1002 4229 1079 907
16890 4 2 1 1 2348 3565 2754 4338
16891 4 2 1 1 2767 3880 3219 2509
16892 4 2 1 1 3565 3721 2279 3635
16893 4 2 1 1 835 4541 11 4408
16894 4 2 1 1 215 4486 59 4409
16895 4 2 1 1 1455 4540 139 4407
16896 4 2 1 1 3396 2120 2695 3698
16897 4 2 1 1 2360 3537 3094 4297
16898 4 2 1 1 1078 2878 1082 3926
16899 4 2 1 1 938 911 904 3796
16900 4 2 1 1 1558 1531 1524 3795
16901 4 2 1 1 318 291 284 3794
16902 4 2 1 1 2061 2617 2298 4090
16903 4 2 1 1 2200 3714 3233 3786
16904 4 2 1 1 2429 2940 3422 4035
16905 4 2 1 1 2430 2941 3424 4033
16906 4 2 1 1 2431 2942 3423 4034
16907 4 2 1 1 2789 3333 2314 4295
16908 4 2 1 1 3325 3607 2583 4314
16909 4 2 1 1 2198 3716 3234 3785
16910 4 2 1 1 4014 2755 2529 2103
16911 4 2 1 1 2605 3984 2961 4286
16912 4 2 1 1 4527 106 107 791
16913 4 2 1 1 1778 1779 1780 3279
16914 4 2 1 1 2767 4223 3261 4350
16915 4 2 1 1 1170 1178 1323 3373
16916 4 2 1 1 2203 3163 3020 4052
16917 4 2 1 1 2204 3162 3021 4053
16918 4 2 1 1 2095 2873 3663 3767
16919 4 2 1 1 1922 4176 3165 4258
16920 4 2 1 1 3968 4042 1607 4255
16921 4 2 1 1 1514 3206 1526 4272
16922 4 2 1 1 2413 3562 2805 4363
16923 4 2 1 1 500 343 507 3695
16924 4 2 1 1 894 3205 906 4268
16925 4 2 1 1 2015 1894 1872 2839
16926 4 2 1 1 1284 1286 1364 4339
16927 4 2 1 1 538 539 540 3277
16928 4 2 1 1 3058 1644 1653 1516
16929 4 2 1 1 3059 1024 1033 896
16930 4 2 1 1 3060 404 413 276
16931 4 2 1 1 1411 187 186 4526
16932 4 2 1 1 3566 3745 2456 4197
16933 4 2 1 1 2166 2910 3845 4041
16934 4 2 1 1 624 725 728 3299
16935 4 2 1 1 178 179 1410 3701
16936 4 2 1 1 654 632 775 2849
16937 4 2 1 1 1252 1395 1274 2850
16938 4 2 1 1 1712 1603 1592 4144
16939 4 2 1 1 1092 983 972 4143
16940 4 2 1 1 4200 1383 1254 1387
16941 4 2 1 1 324 457 3814 3928
16942 4 2 1 1 1564 1697 3815 3929
16943 4 2 1 1 1077 3813 944 3927
16944 4 2 1 1 1972 1971 1864 3300
16945 4 2 1 1 2613 4278 3519 4321
16946 4 2 1 1 2357 3100 3518 3913
16947 4 2 1 1 2447 3677 3159 4177
16948 4 2 1 1 1313 1384 1279 3524
16949 4 2 1 1 2611 3147 4003 2955
16950 4 2 1 1 3267 4166 4164 2480
16951 4 2 1 1 2406 3072 3457 4018
16952 4 2 1 1 82 83 790 3700
16953 4 2 1 1 2084 3005 3391 3640
16954 4 2 1 1 2534 3273 2979 3488
16955 4 2 1 1 1178 1179 1186 3866
16956 4 2 1 1 2068 4223 2767 4350
16957 4 2 1 1 2148 4070 3046 4260
16958 4 2 1 1 2147 4071 3047 4261
16959 4 2 1 1 2146 4072 3045 4259
16960 4 2 1 1 2509 3257 2389 4299
16961 4 2 1 1 664 673 662 3668
16962 4 2 1 1 3020 2337 3898 3962
16963 4 2 1 1 3021 2338 3899 3963
16964 4 2 1 1 473 35 34 3695
16965 4 2 1 1 2155 3135 3486 2618
16966 4 2 1 1 3947 3312 2322 2967
16967 4 2 1 1 2961 2352 3736 4204
16968 4 2 1 1 1934 2822 3879 4249
16969 4 2 1 1 1000 1115 1104 4182
16970 4 2 1 1 2406 3119 4345 4398
16971 4 2 1 1 3859 3874 2096 2456
16972 4 2 1 1 3019 2336 3900 4079
16973 4 2 1 1 661 659 764 3266
16974 4 2 1 1 3237 2358 3678 3748
16975 4 2 1 1 406 3260 321 2689
16976 4 2 1 1 1646 3259 1561 2690
16977 4 2 1 1 3258 1022 941 1026
16978 4 2 1 1 1842 1818 1830 3461
16979 4 2 1 1 1922 3165 1925 4258
16980 4 2 1 1 1883 1756 2053 3104
16981 4 2 1 1 1309 3656 2990 4344
16982 4 2 1 1 4057 4271 3949 2259
16983 4 2 1 1 2211 3245 3942 4095
16984 4 2 1 1 736 2835 597 4165
16985 4 2 1 1 1297 1298 1296 3197
16986 4 2 1 1 1784 1786 1940 3627
16987 4 2 1 1 3198 4171 602 4294
16988 4 2 1 1 1221 3562 1343 3878
16989 4 2 1 1 3303 2801 2958 2235
16990 4 2 1 1 1724 1620 1735 4181
16991 4 2 1 1 1599 1674 1711 4125
16992 4 2 1 1 1091 979 1054 4121
16993 4 2 1 1 2636 4040 3089 2196
16994 4 2 1 1 2635 4039 3088 2195
16995 4 2 1 1 562 727 568 3350
16996 4 2 1 1 1963 1882 1959 3033
16997 4 2 1 1 2380 3639 3364 4381
16998 4 2 1 1 3144 3118 2393 2399
16999 4 2 1 1 2968 3746 2323 3948
17000 4 2 1 1 1427 1269 1381 3637
17001 4 2 1 1 2459 4009 3511 2565
17002 4 2 1 1 98 97 4478 817
17003 4 2 1 1 2192 4099 3400 4192
17004 4 2 1 1 3065 2852 2342 4050
17005 4 2 1 1 742 3403 681 686
17006 4 2 1 1 2065 2651 2228 3911
17007 4 2 1 1 1494 1500 2982 4193
17008 4 2 1 1 2063 3503 3309 2674
17009 4 2 1 1 3947 3312 2967 2749
17010 4 2 1 1 3134 3779 2546 2096
17011 4 2 1 1 614 574 719 2928
17012 4 2 1 1 1365 1366 1153 2861
17013 4 2 1 1 4473 791 4527 3475
17014 4 2 1 1 556 561 4001 4276
17015 4 2 1 1 2414 3848 2818 4330
17016 4 2 1 1 3706 1838 1977 4224
17017 4 2 1 1 2373 3702 3206 4272
17018 4 2 1 1 2467 4171 3198 4294
17019 4 2 1 1 967 848 846 3224
17020 4 2 1 1 226 347 228 3225
17021 4 2 1 1 1468 1466 1587 3226
17022 4 2 1 1 2549 3681 3326 4217
17023 4 2 1 1 2548 3680 3327 4218
17024 4 2 1 1 2458 2778 4089 2199
17025 4 2 1 1 2245 3959 3119 4281
17026 4 2 1 1 2711 2458 4089 3840
17027 4 2 1 1 4007 903 910 3822
17028 4 2 1 1 4007 910 903 922
17029 4 2 1 1 2404 3839 3232 4392
17030 4 2 1 1 1512 1744 3077 3797
17031 4 2 1 1 2358 4166 2383 3748
17032 4 2 1 1 4006 1523 1530 3820
17033 4 2 1 1 1959 1974 1963 4169
17034 4 2 1 1 591 3128 4158 4378
17035 4 2 1 1 3020 3163 2203 4290
17036 4 2 1 1 2337 3163 3020 4290
17037 4 2 1 1 2338 3162 3021 4291
17038 4 2 1 1 3021 3162 2204 4291
17039 4 2 1 1 3186 3302 2234 4182
17040 4 2 1 1 1124 3081 892 3798
17041 4 2 1 1 511 780 4449 3439
17042 4 2 1 1 2304 2898 3172 4170
17043 4 2 1 1 2669 3164 2396 2484
17044 4 2 1 1 2099 2473 3297 3564
17045 4 2 1 1 4479 113 114 804
17046 4 2 1 1 2368 3707 3288 4068
17047 4 2 1 1 781 514 744 3426
17048 4 2 1 1 1879 3704 1869 2621
17049 4 2 1 1 745 746 532 2865
17050 4 2 1 1 1541 1636 1530 3248
17051 4 2 1 1 290 301 396 3249
17052 4 2 1 1 1016 910 921 3250
17053 4 2 1 1 731 2922 623 730
17054 4 2 1 1 3216 2660 2105 4319
17055 4 2 1 1 1243 3741 1351 4356
17056 4 2 1 1 300 349 383 3446
17057 4 2 1 1 1623 1540 1589 3447
17058 4 2 1 1 969 1003 920 3445
17059 4 2 1 1 3009 3412 2259 2085
17060 4 2 1 1 1965 2919 1863 1964
17061 4 2 1 1 1390 1135 2903 4200
17062 4 2 1 1 1986 1772 1985 2868
17063 4 2 1 1 1509 3545 2976 4366
17064 4 2 1 1 889 3546 2977 4365
17065 4 2 1 1 269 3547 2978 4367
17066 4 2 1 1 1857 1960 1956 3368
17067 4 2 1 1 2070 3769 4016 4336
17068 4 2 1 1 2946 3672 2478 4004
17069 4 2 1 1 3368 2915 2371 3973
17070 4 2 1 1 590 712 608 4171
17071 4 2 1 1 2071 2671 4117 2987
17072 4 2 1 1 3184 3303 2235 4181
17073 4 2 1 1 2697 2121 3239 3713
17074 4 2 1 1 2142 2457 3068 2381
17075 4 2 1 1 3218 2663 4077 4317
17076 4 2 1 1 394 431 302 3187
17077 4 2 1 1 1634 1671 1542 3188
17078 4 2 1 1 1014 1051 922 3189
17079 4 2 1 1 4006 1530 1523 1542
17080 4 2 1 1 4480 193 194 1424
17081 4 2 1 1 943 2988 937 4173
17082 4 2 1 1 3964 3659 2460 3619
17083 4 2 1 1 3616 2047 1889 3538
17084 4 2 1 1 2797 2244 2258 4122
17085 4 2 1 1 2798 2242 2257 4124
17086 4 2 1 1 2799 2243 2256 4123
17087 4 2 1 1 2792 3558 2382 4177
17088 4 2 1 1 2199 3715 3289 3784
17089 4 2 1 1 2221 2853 3604 3883
17090 4 2 1 1 2080 2729 2830 2321
17091 4 2 1 1 1750 4194 1573 1447
17092 4 2 1 1 1130 4195 953 826
17093 4 2 1 1 510 4196 333 206
17094 4 2 1 1 2166 3845 2832 4041
17095 4 2 1 1 3177 3296 2227 4119
17096 4 2 1 1 3574 4000 2639 4245
17097 4 2 1 1 4472 2031 3484 1986
17098 4 2 1 1 611 706 3525 3957
17099 4 2 1 1 3862 3732 4124 2641
17100 4 2 1 1 3861 3733 4123 2642
17101 4 2 1 1 3860 3734 4122 2643
17102 4 2 1 1 1851 1946 3526 3960
17103 4 2 1 1 1234 4201 1340 4383
17104 4 2 1 1 3971 4053 3021 4279
17105 4 2 1 1 3970 4052 3020 4280
17106 4 2 1 1 2748 2272 3385 4238
17107 4 2 1 1 708 3148 722 4225
17108 4 2 1 1 3144 2393 3819 2399
17109 4 2 1 1 1908 1910 3000 4246
17110 4 2 1 1 2310 3685 4051 4224
17111 4 2 1 1 1494 4193 2982 4326
17112 4 2 1 1 592 700 779 4082
17113 4 2 1 1 3100 2357 3518 4028
17114 4 2 1 1 1780 3279 1781 4175
17115 4 2 1 1 1120 963 1127 3700
17116 4 2 1 1 540 3277 541 4178
17117 4 2 1 1 2202 3398 3312 3572
17118 4 2 1 1 3338 3512 2143 4203
17119 4 2 1 1 1355 1206 1354 4069
17120 4 2 1 1 1747 1740 1583 3701
17121 4 2 1 1 559 3494 566 4056
17122 4 2 1 1 2486 3796 2810 4161
17123 4 2 1 1 582 786 566 4318
17124 4 2 1 1 1626 1627 1689 4111
17125 4 2 1 1 449 386 387 4112
17126 4 2 1 1 1006 1007 1069 4113
17127 4 2 1 1 1287 1405 1413 4172
17128 4 2 1 1 3177 208 36 446
17129 4 2 1 1 1141 3184 180 1397
17130 4 2 1 1 520 3186 84 777
17131 4 2 1 1 2386 3245 3124 3942
17132 4 2 1 1 2370 3543 3824 4392
17133 4 2 1 1 3005 3391 2374 3855
17134 4 2 1 1 793 2892 667 4285
17135 4 2 1 1 2485 3795 2809 4167
17136 4 2 1 1 2144 2454 2681 4088
17137 4 2 1 1 3216 3553 2425 4152
17138 4 2 1 1 2105 3553 3216 4152
17139 4 2 1 1 1744 1605 1606 4255
17140 4 2 1 1 2845 3809 2590 4074
17141 4 2 1 1 1919 1920 1918 3294
17142 4 2 1 1 2142 3543 3495 3825
17143 4 2 1 1 422 308 326 4241
17144 4 2 1 1 2213 3783 3115 4076
17145 4 2 1 1 2454 2638 3998 3865
17146 4 2 1 1 2311 3916 3076 4270
17147 4 2 1 1 2768 3606 2199 3715
17148 4 2 1 1 3243 3432 2303 3523
17149 4 2 1 1 1651 1539 1637 3592
17150 4 2 1 1 881 3052 897 2980
17151 4 2 1 1 277 261 3051 2981
17152 4 2 1 1 2977 3546 2402 4365
17153 4 2 1 1 2976 3545 2401 4366
17154 4 2 1 1 2978 3547 2400 4367
17155 4 2 1 1 2426 3218 2925 4060
17156 4 2 1 1 1031 919 1017 3591
17157 4 2 1 1 1722 1684 3341 4211
17158 4 2 1 1 4084 3688 2738 3648
17159 4 2 1 1 3686 3646 4085 2377
17160 4 2 1 1 4083 3687 2740 3647
17161 4 2 1 1 1959 1882 1957 3761
17162 4 2 1 1 2830 2558 2729 3952
17163 4 2 1 1 1496 3888 1502 1497
17164 4 2 1 1 876 3892 882 877
17165 4 2 1 1 2639 3863 4000 2455
17166 4 2 1 1 4005 283 290 3821
17167 4 2 1 1 1424 1401 1308 3002
17168 4 2 1 1 564 565 557 2930
17169 4 2 1 1 1548 1566 1662 4242
17170 4 2 1 1 4005 290 283 302
17171 4 2 1 1 2457 3068 3031 4092
17172 4 2 1 1 2099 3564 3297 4064
17173 4 2 1 1 3749 256 262 4393
17174 4 2 1 1 2716 4126 2154 4298
17175 4 2 1 1 2062 3110 3823 4136
17176 4 2 1 1 1929 4176 3165 1922
17177 4 2 1 1 1291 1289 1290 3381
17178 4 2 1 1 3691 4215 2321 2603
17179 4 2 1 1 1708 1585 1698 3886
17180 4 2 1 1 1675 2944 2907 4221
17181 4 2 1 1 347 2242 435 2906
17182 4 2 1 1 2244 1055 2945 4220
17183 4 2 1 1 1151 1419 1404 2896
17184 4 2 1 1 784 531 799 2896
17185 4 2 1 1 2039 2024 1771 2896
17186 4 2 1 1 1609 1608 3669 3968
17187 4 2 1 1 1184 1175 1325 3653
17188 4 2 1 1 272 504 3095 3799
17189 4 2 1 1 2345 3542 2843 4336
17190 4 2 1 1 856 885 858 3944
17191 4 2 1 1 3897 4058 2077 4354
17192 4 2 1 1 419 309 429 3766
17193 4 2 1 1 929 1049 1039 3765
17194 4 2 1 1 1659 1549 1669 3764
17195 4 2 1 1 2454 2638 3865 3812
17196 4 2 1 1 2196 3427 2953 3454
17197 4 2 1 1 2194 3428 2952 3453
17198 4 2 1 1 2195 3429 2951 3452
17199 4 2 1 1 3068 3156 2457 3157
17200 4 2 1 1 3238 3476 2252 3629
17201 4 2 1 1 2300 3800 2933 3910
17202 4 2 1 1 2204 3168 3464 2884
17203 4 2 1 1 4429 202 450 65
17204 4 2 1 1 4430 822 1070 17
17205 4 2 1 1 4428 1443 1690 145
17206 4 2 1 1 541 540 539 3277
17207 4 2 1 1 1781 1780 1779 3279
17208 4 2 1 1 1302 3760 2990 4162
17209 4 2 1 1 2132 3600 3232 3705
17210 4 2 1 1 1656 1706 3390 3974
17211 4 2 1 1 1042 928 946 4243
17212 4 2 1 1 1941 1944 1981 3480
17213 4 2 1 1 3341 529 133 4501
17214 4 2 1 1 4544 444 53 4405
17215 4 2 1 1 4545 1064 165 4406
17216 4 2 1 1 701 704 741 3473
17217 4 2 1 1 1160 3161 1159 4338
17218 4 2 1 1 2676 4058 3897 4354
17219 4 2 1 1 2099 2342 3692 4244
17220 4 2 1 1 1081 842 1117 2944
17221 4 2 1 1 1701 1463 1737 2943
17222 4 2 1 1 223 497 461 2945
17223 4 2 1 1 324 460 457 3928
17224 4 2 1 1 1564 1700 1697 3929
17225 4 2 1 1 1077 944 1080 3927
17226 4 2 1 1 2409 3076 3996 4391
17227 4 2 1 1 2733 4051 3685 4224
17228 4 2 1 1 3072 3261 2525 2584
17229 4 2 1 1 2457 3156 3155 3157
17230 4 2 1 1 2253 3775 3082 4015
17231 4 2 1 1 2934 3384 2491 4213
17232 4 2 1 1 2079 2938 3802 4216
17233 4 2 1 1 2168 3808 3120 4190
17234 4 2 1 1 2894 3448 2123 3922
17235 4 2 1 1 729 739 619 3086
17236 4 2 1 1 3181 3274 2328 4225
17237 4 2 1 1 2343 2302 2100 2720
17238 4 2 1 1 3385 3958 466 4238
17239 4 2 1 1 2529 4016 3769 4336
17240 4 2 1 1 2164 2929 3216 2660
17241 4 2 1 1 4 169 1418 4532
17242 4 2 1 1 1506 4085 3079 4309
17243 4 2 1 1 1390 1135 1346 2903
17244 4 2 1 1 770 522 726 2904
17245 4 2 1 1 1762 1973 2010 2905
17246 4 2 1 1 349 3446 348 4147
17247 4 2 1 1 1589 3447 1588 4146
17248 4 2 1 1 969 3445 968 4145
17249 4 2 1 1 2068 3894 2767 4223
17250 4 2 1 1 2903 3582 2501 4200
17251 4 2 1 1 2361 3515 3857 4180
17252 4 2 1 1 814 2927 572 4163
17253 4 2 1 1 1390 2903 1346 4384
17254 4 2 1 1 2641 3862 2798 4124
17255 4 2 1 1 2798 3862 2242 4124
17256 4 2 1 1 2799 3861 2243 4123
17257 4 2 1 1 2642 3861 2799 4123
17258 4 2 1 1 2643 3860 2797 4122
17259 4 2 1 1 2797 3860 2244 4122
17260 4 2 1 1 968 1001 834 2908
17261 4 2 1 1 348 381 214 2906
17262 4 2 1 1 1453 1588 1621 2907
17263 4 2 1 1 2389 3261 2767 3920
17264 4 2 1 1 2071 3843 2710 4335
17265 4 2 1 1 579 580 569 3835
17266 4 2 1 1 1804 1797 1795 3683
17267 4 2 1 1 2988 3243 2303 3523
17268 4 2 1 1 2180 3887 3384 4079
17269 4 2 1 1 2065 2651 3911 2295
17270 4 2 1 1 1332 1347 3548 4293
17271 4 2 1 1 1283 1281 1384 3524
17272 4 2 1 1 1285 1405 1287 3615
17273 4 2 1 1 3293 3697 2331 3773
17274 4 2 1 1 1299 1389 1302 3946
17275 4 2 1 1 4178 2173 3395 2601
17276 4 2 1 1 2074 3655 2583 4180
17277 4 2 1 1 2558 3513 2760 3709
17278 4 2 1 1 2646 3618 3295 3935
17279 4 2 1 1 1292 1291 3381 3989
17280 4 2 1 1 3277 3574 2226 4245
17281 4 2 1 1 944 1073 966 3813
17282 4 2 1 1 324 453 346 3814
17283 4 2 1 1 1564 1693 1586 3815
17284 4 2 1 1 2222 2854 3605 3114
17285 4 2 1 1 1254 3354 1276 4091
17286 4 2 1 1 2413 3672 2946 4004
17287 4 2 1 1 3451 3557 2798 4385
17288 4 2 1 1 3450 3556 2799 4386
17289 4 2 1 1 3449 3555 2797 4387
17290 4 2 1 1 244 241 3900 4275
17291 4 2 1 1 1626 1689 3836 4111
17292 4 2 1 1 449 3837 386 4112
17293 4 2 1 1 1006 1069 3838 4113
17294 4 2 1 1 2378 3647 3313 3687
17295 4 2 1 1 2377 3646 3314 3686
17296 4 2 1 1 2376 3648 3312 3688
17297 4 2 1 1 2473 2998 3297 3564
17298 4 2 1 1 3861 4123 3733 2243
17299 4 2 1 1 3862 4124 3732 2242
17300 4 2 1 1 3860 4122 3734 2244
17301 4 2 1 1 4415 156 834 1098
17302 4 2 1 1 525 4416 773 124
17303 4 2 1 1 4417 44 214 478
17304 4 2 1 1 2703 2272 3680 3958
17305 4 2 1 1 4088 3172 2240 2777
17306 4 2 1 1 1562 3429 1646 2690
17307 4 2 1 1 1026 942 3428 2691
17308 4 2 1 1 322 3427 406 2689
17309 4 2 1 1 861 3899 864 4279
17310 4 2 1 1 1481 3898 1484 4280
17311 4 2 1 1 2704 2271 3681 3974
17312 4 2 1 1 2461 2460 2932 4265
17313 4 2 1 1 2276 3640 3207 3902
17314 4 2 1 1 3706 1977 1838 1948
17315 4 2 1 1 1225 1345 1245 4384
17316 4 2 1 1 3198 2467 3782 4171
17317 4 2 1 1 2048 2006 1923 4029
17318 4 2 1 1 4087 3310 2241 2776
17319 4 2 1 1 2175 2915 3393 4374
17320 4 2 1 1 2371 3393 2915 4374
17321 4 2 1 1 798 6 73 4546
17322 4 2 1 1 487 25 1 4550
17323 4 2 1 1 3 185 4488 1416
17324 4 2 1 1 142 141 832 4404
17325 4 2 1 1 1906 3365 1905 4253
17326 4 2 1 1 796 105 8 4487
17327 4 2 1 1 4534 89 5 797
17328 4 2 1 1 2296 3614 2499 4364
17329 4 2 1 1 3119 3489 2245 3698
17330 4 2 1 1 2099 4038 3564 4064
17331 4 2 1 1 4083 3687 3647 2378
17332 4 2 1 1 783 98 99 4446
17333 4 2 1 1 4084 3688 3648 2376
17334 4 2 1 1 2854 2112 3491 3910
17335 4 2 1 1 2228 3911 2651 3983
17336 4 2 1 1 2088 2375 2860 4080
17337 4 2 1 1 3715 4254 3955 2137
17338 4 2 1 1 517 3217 662 3668
17339 4 2 1 1 1993 1764 2058 3538
17340 4 2 1 1 1323 1294 1413 4172
17341 4 2 1 1 3202 2645 4199 4282
17342 4 2 1 1 2406 3072 4018 4347
17343 4 2 1 1 1311 4440 1411 3538
17344 4 2 1 1 210 342 331 3838
17345 4 2 1 1 1582 1571 1450 3837
17346 4 2 1 1 831 962 951 3836
17347 4 2 1 1 1492 1490 1491 4309
17348 4 2 1 1 463 3958 416 466
17349 4 2 1 1 2122 3442 3540 3857
17350 4 2 1 1 2798 4340 1578 4385
17351 4 2 1 1 958 2799 4341 4386
17352 4 2 1 1 2797 4342 338 4387
17353 4 2 1 1 2571 4092 3068 2415
17354 4 2 1 1 1298 1303 1386 3832
17355 4 2 1 1 382 4380 287 3028
17356 4 2 1 1 1800 1797 1969 3973
17357 4 2 1 1 2310 3685 2732 3705
17358 4 2 1 1 1921 3743 2757 4258
17359 4 2 1 1 1933 1899 3348 3901
17360 4 2 1 1 3062 3634 2176 4263
17361 4 2 1 1 3004 3517 2306 3606
17362 4 2 1 1 883 877 882 3892
17363 4 2 1 1 2233 3338 3141 4203
17364 4 2 1 1 1194 3759 2973 4383
17365 4 2 1 1 2315 3629 3238 3878
17366 4 2 1 1 3063 3639 2177 4262
17367 4 2 1 1 1320 1195 1405 4277
17368 4 2 1 1 3999 3615 1284 4339
17369 4 2 1 1 2224 3847 3001 3919
17370 4 2 1 1 3684 3948 3374 4244
17371 4 2 1 1 400 2489 399 4275
17372 4 2 1 1 3202 3559 1324 4282
17373 4 2 1 1 2800 907 1046 999
17374 4 2 1 1 1307 1308 3989 4399
17375 4 2 1 1 2254 2715 3609 4096
17376 4 2 1 1 4178 3395 2173 2421
17377 4 2 1 1 1860 4249 1779 4351
17378 4 2 1 1 1141 3701 1410 179
17379 4 2 1 1 520 3700 790 83
17380 4 2 1 1 208 35 473 3695
17381 4 2 1 1 3874 3550 3859 2547
17382 4 2 1 1 2303 3243 2988 4173
17383 4 2 1 1 3413 1316 1317 3884
17384 4 2 1 1 1503 1497 1502 3888
17385 4 2 1 1 1657 3407 3079 4085
17386 4 2 1 1 417 3408 3078 4084
17387 4 2 1 1 1037 3406 3080 4083
17388 4 2 1 1 2231 3553 3071 3662
17389 4 2 1 1 3071 3553 2482 3662
17390 4 2 1 1 2589 3675 2765 3866
17391 4 2 1 1 1020 3971 1019 4279
17392 4 2 1 1 1640 3970 1639 4280
17393 4 2 1 1 2422 4116 2956 4229
17394 4 2 1 1 2074 3155 3156 3655
17395 4 2 1 1 2068 2767 3894 2509
17396 4 2 1 1 3159 3558 3247 3973
17397 4 2 1 1 2822 3998 2454 3573
17398 4 2 1 1 2164 2958 3990 2660
17399 4 2 1 1 4474 194 195 1409
17400 4 2 1 1 3360 2137 2556 4384
17401 4 2 1 1 614 584 574 3826
17402 4 2 1 1 2358 3748 3237 2723
17403 4 2 1 1 3413 1317 1316 1315
17404 4 2 1 1 2066 3057 3333 4295
17405 4 2 1 1 874 880 1050 2980
17406 4 2 1 1 254 260 430 2981
17407 4 2 1 1 1500 1670 1494 2982
17408 4 2 1 1 2861 3645 502 4375
17409 4 2 1 1 1494 1487 1495 4326
17410 4 2 1 1 74 73 4452 534
17411 4 2 1 1 2262 2137 3360 4384
17412 4 2 1 1 789 115 114 4447
17413 4 2 1 1 2454 2638 3812 3573
17414 4 2 1 1 3680 3958 3327 4218
17415 4 2 1 1 3504 3890 2475 4312
17416 4 2 1 1 2314 3333 2789 4271
17417 4 2 1 1 2165 2925 3218 4388
17418 4 2 1 1 519 3256 754 116
17419 4 2 1 1 1374 4504 196 1139
17420 4 2 1 1 4419 100 518 756
17421 4 2 1 1 2564 2583 3655 4180
17422 4 2 1 1 3313 3647 2109 3687
17423 4 2 1 1 3314 3646 2108 3686
17424 4 2 1 1 3312 3648 2107 3688
17425 4 2 1 1 169 170 1154 4453
17426 4 2 1 1 3811 3863 2639 2455
17427 4 2 1 1 3082 4467 2497 2022
17428 4 2 1 1 2521 3874 3779 4257
17429 4 2 1 1 2415 3068 3219 3880
17430 4 2 1 1 3649 3689 3165 3777
17431 4 2 1 1 2236 3670 2765 3097
17432 4 2 1 1 2322 3398 3122 4016
17433 4 2 1 1 2291 3552 3503 2674
17434 4 2 1 1 3681 3974 3326 4217
17435 4 2 1 1 1221 1205 1343 3562
17436 4 2 1 1 2259 3009 3949 4057
17437 4 2 1 1 1317 3413 3884 2917
17438 4 2 1 1 4208 4257 3891 2290
17439 4 2 1 1 2088 2860 3916 4080
17440 4 2 1 1 2639 4000 3574 2455
17441 4 2 1 1 2755 3644 3519 2075
17442 4 2 1 1 670 671 669 3482
17443 4 2 1 1 2847 3820 2326 3852
17444 4 2 1 1 2259 2789 3333 4271
17445 4 2 1 1 811 528 748 3468
17446 4 2 1 1 1029 3610 877 3892
17447 4 2 1 1 1988 2051 1769 3470
17448 4 2 1 1 1649 3611 1497 3888
17449 4 2 1 1 1555 1706 3974 2866
17450 4 2 1 1 643 3774 3082 4015
17451 4 2 1 1 2410 2798 3557 4385
17452 4 2 1 1 2411 2799 3556 4386
17453 4 2 1 1 2412 2797 3555 4387
17454 4 2 1 1 1867 1866 1873 3027
17455 4 2 1 1 3511 4009 2499 2565
17456 4 2 1 1 627 626 633 3025
17457 4 2 1 1 1253 1247 1246 3026
17458 4 2 1 1 1339 1187 1179 3866
17459 4 2 1 1 2261 2908 3816 3027
17460 4 2 1 1 3817 3270 2262 3446
17461 4 2 1 1 2263 2907 3818 3025
17462 4 2 1 1 3009 3430 2366 3782
17463 4 2 1 1 4467 2046 3439 1913
17464 4 2 1 1 3824 4364 2370 4392
17465 4 2 1 1 1883 1879 1870 3722
17466 4 2 1 1 2608 2368 3443 3620
17467 4 2 1 1 736 689 597 2835
17468 4 2 1 1 4295 3262 3890 2565
17469 4 2 1 1 2911 3480 2363 4310
17470 4 2 1 1 1254 1231 1276 3354
17471 4 2 1 1 1982 2027 1770 3468
17472 4 2 1 1 664 666 744 3180
17473 4 2 1 1 1935 3998 2822 4249
17474 4 2 1 1 1501 1663 4100 4193
17475 4 2 1 1 2260 2425 2713 3544
17476 4 2 1 1 3299 3578 2661 4236
17477 4 2 1 1 3300 3579 2662 2136
17478 4 2 1 1 3893 4182 3302 4229
17479 4 2 1 1 2700 4231 4087 2455
17480 4 2 1 1 205 14 13 4403
17481 4 2 1 1 2580 2362 3473 4397
17482 4 2 1 1 363 4200 472 47
17483 4 2 1 1 3005 2254 3392 4096
17484 4 2 1 1 216 506 464 2935
17485 4 2 1 1 4415 4529 3816 834
17486 4 2 1 1 525 4416 124 4502
17487 4 2 1 1 4417 4528 3817 214
17488 4 2 1 1 191 192 4448 1426
17489 4 2 1 1 4336 4118 4153 2843
17490 4 2 1 1 629 3274 640 721
17491 4 2 1 1 210 4421 4548 19
17492 4 2 1 1 4422 211 67 449
17493 4 2 1 1 629 3274 721 4225
17494 4 2 1 1 2245 3698 3489 3937
17495 4 2 1 1 660 517 788 3217
17496 4 2 1 1 2257 3510 2965 4301
17497 4 2 1 1 2256 3509 2964 4300
17498 4 2 1 1 2258 3508 2966 4302
17499 4 2 1 1 344 3427 322 4113
17500 4 2 1 1 3429 1584 1582 1562
17501 4 2 1 1 3428 964 962 942
17502 4 2 1 1 2454 2638 3573 3998
17503 4 2 1 1 1384 1399 1283 3999
17504 4 2 1 1 3297 3564 2998 2298
17505 4 2 1 1 2015 3622 1752 2839
17506 4 2 1 1 801 2849 775 3728
17507 4 2 1 1 1421 2850 1395 3727
17508 4 2 1 1 2595 2288 3433 3969
17509 4 2 1 1 2591 3443 2368 3620
17510 4 2 1 1 819 3774 645 3908
17511 4 2 1 1 25 26 4451 461
17512 4 2 1 1 2232 3474 3897 4058
17513 4 2 1 1 1714 4549 135 4414
17514 4 2 1 1 1097 2868 167 1094
17515 4 2 1 1 477 4413 55 474
17516 4 2 1 1 578 569 568 3835
17517 4 2 1 1 887 1004 853 3569
17518 4 2 1 1 1473 1507 1624 3567
17519 4 2 1 1 233 267 384 3568
17520 4 2 1 1 4449 96 95 780
17521 4 2 1 1 2842 3692 2346 4038
17522 4 2 1 1 1511 1607 4042 4255
17523 4 2 1 1 2807 2219 2116 3708
17524 4 2 1 1 1173 1329 1171 3003
17525 4 2 1 1 2250 3542 3204 4153
17526 4 2 1 1 4450 111 112 806
17527 4 2 1 1 2123 3448 2894 4212
17528 4 2 1 1 2052 1983 1926 3743
17529 4 2 1 1 2064 3667 3367 3956
17530 4 2 1 1 3203 2101 2288 3931
17531 4 2 1 1 331 312 3054 4151
17532 4 2 1 1 1552 3053 1571 4150
17533 4 2 1 1 932 3055 951 4149
17534 4 2 1 1 2263 3718 2904 4146
17535 4 2 1 1 2261 3717 2905 4145
17536 4 2 1 1 2468 4205 3635 4277
17537 4 2 1 1 1545 1663 3399 4100
17538 4 2 1 1 1043 3401 925 2523
17539 4 2 1 1 305 423 3400 4101
17540 4 2 1 1 704 612 741 3473
17541 4 2 1 1 3034 3879 1783 4310
17542 4 2 1 1 2075 3010 3824 4364
17543 4 2 1 1 2309 2456 3566 4269
17544 4 2 1 1 27 26 443 4518
17545 4 2 1 1 2744 3569 2355 4259
17546 4 2 1 1 2743 3568 2354 4260
17547 4 2 1 1 2742 3567 2353 4261
17548 4 2 1 1 1322 1321 1361 4282
17549 4 2 1 1 1271 1261 1141 4107
17550 4 2 1 1 2840 2562 3694 2073
17551 4 2 1 1 1895 3816 2016 1765
17552 4 2 1 1 1275 3817 1396 1145
17553 4 2 1 1 655 3818 776 525
17554 4 2 1 1 1326 1233 1318 3236
17555 4 2 1 1 3400 4099 2524 4192
17556 4 2 1 1 2099 2473 3564 4038
17557 4 2 1 1 2088 3436 2920 3916
17558 4 2 1 1 1485 1482 1483 3790
17559 4 2 1 1 242 243 245 3791
17560 4 2 1 1 863 865 862 3792
17561 4 2 1 1 3573 3998 4351 4249
17562 4 2 1 1 1882 3761 3033 4063
17563 4 2 1 1 903 3822 4007 2980
17564 4 2 1 1 3821 4005 283 2981
17565 4 2 1 1 968 967 1001 2908
17566 4 2 1 1 347 381 348 2906
17567 4 2 1 1 1588 1587 1621 2907
17568 4 2 1 1 1222 1354 3264 4069
17569 4 2 1 1 2405 3872 3000 4253
17570 4 2 1 1 4295 3262 2565 2118
17571 4 2 1 1 1608 3669 3070 4211
17572 4 2 1 1 2599 3430 3009 3782
17573 4 2 1 1 1883 2060 1756 3104
17574 4 2 1 1 2367 3255 4013 4014
17575 4 2 1 1 1313 1212 1384 3630
17576 4 2 1 1 2340 4067 3001 4189
17577 4 2 1 1 2087 3590 2833 3690
17578 4 2 1 1 3619 3659 2460 4265
17579 4 2 1 1 815 707 640 3274
17580 4 2 1 1 2303 3886 2756 4173
17581 4 2 1 1 1193 1201 1192 3541
17582 4 2 1 1 3262 3771 2477 4090
17583 4 2 1 1 3922 3448 3909 2894
17584 4 2 1 1 1914 2026 1822 4246
17585 4 2 1 1 741 705 702 3539
17586 4 2 1 1 3694 3891 2708 4257
17587 4 2 1 1 4484 171 170 1370
17588 4 2 1 1 703 558 786 3601
17589 4 2 1 1 2474 3783 3708 4296
17590 4 2 1 1 1722 1613 1684 4211
17591 4 2 1 1 2278 4332 3455 3531
17592 4 2 1 1 1923 2032 1994 3149
17593 4 2 1 1 2357 3975 3518 4028
17594 4 2 1 1 97 96 4531 511
17595 4 2 1 1 2211 3656 2758 3867
17596 4 2 1 1 1438 1267 1269 3472
17597 4 2 1 1 2405 2936 3803 3950
17598 4 2 1 1 3243 3417 2988 4173
17599 4 2 1 1 3374 3746 2419 3948
17600 4 2 1 1 2145 4087 4231 2455
17601 4 2 1 1 1312 1203 1217 4344
17602 4 2 1 1 4483 75 74 750
17603 4 2 1 1 1317 1379 1380 3884
17604 4 2 1 1 3978 4014 2103 3682
17605 4 2 1 1 2315 3476 3238 3629
17606 4 2 1 1 2659 4216 3440 4368
17607 4 2 1 1 425 427 332 3416
17608 4 2 1 1 1047 952 1045 3415
17609 4 2 1 1 1572 1665 1667 3414
17610 4 2 1 1 3922 3909 3448 2481
17611 4 2 1 1 2289 2591 3938 3443
17612 4 2 1 1 2695 2569 3469 3653
17613 4 2 1 1 3723 3915 2651 2295
17614 4 2 1 1 3645 218 38 438
17615 4 2 1 1 3637 1147 1367 182
17616 4 2 1 1 3612 527 747 86
17617 4 2 1 1 3206 2801 3500 3702
17618 4 2 1 1 554 559 558 4056
17619 4 2 1 1 1279 3524 1280 4168
17620 4 2 1 1 2309 3566 2591 4269
17621 4 2 1 1 1230 1277 1158 3575
17622 4 2 1 1 3824 4320 3495 2075
17623 4 2 1 1 1981 1944 1852 3480
17624 4 2 1 1 4266 4062 247 2883
17625 4 2 1 1 1181 1182 1183 3231
17626 4 2 1 1 4266 247 4062 414
17627 4 2 1 1 2843 3620 2345 2100
17628 4 2 1 1 4267 4061 867 2884
17629 4 2 1 1 2946 3868 2365 4126
17630 4 2 1 1 2998 2999 2473 2100
17631 4 2 1 1 2073 3931 3203 4160
17632 4 2 1 1 2319 3020 4052 4280
17633 4 2 1 1 2317 3021 4053 4279
17634 4 2 1 1 2781 3554 2183 3849
17635 4 2 1 1 3499 2408 2613 4321
17636 4 2 1 1 2153 2851 3721 3737
17637 4 2 1 1 2605 3650 2808 4196
17638 4 2 1 1 2606 3651 2809 4194
17639 4 2 1 1 2607 3652 2810 4195
17640 4 2 1 1 441 455 205 3507
17641 4 2 1 1 2562 3467 3694 3891
17642 4 2 1 1 3544 4032 2713 4348
17643 4 2 1 1 1526 1514 1513 3206
17644 4 2 1 1 1756 4554 1989 189
17645 4 2 1 1 2123 3710 3369 4212
17646 4 2 1 1 2217 3014 3305 3646
17647 4 2 1 1 2218 3013 3306 3648
17648 4 2 1 1 2216 3015 3307 3647
17649 4 2 1 1 1182 1181 1180 3231
17650 4 2 1 1 3068 2142 3880 3157
17651 4 2 1 1 893 906 894 3205
17652 4 2 1 1 825 1036 1083 3507
17653 4 2 1 1 4267 867 4061 1034
17654 4 2 1 1 4532 41 4 486
17655 4 2 1 1 2860 2375 2341 4080
17656 4 2 1 1 1299 1297 3197 1298
17657 4 2 1 1 2156 3558 3207 3848
17658 4 2 1 1 1908 2035 1910 4246
17659 4 2 1 1 1933 1899 1850 3348
17660 4 2 1 1 2842 2301 2342 4117
17661 4 2 1 1 2843 2302 2100 4118
17662 4 2 1 1 1078 844 1082 2878
17663 4 2 1 1 462 458 224 2878
17664 4 2 1 1 1702 1698 1464 2878
17665 4 2 1 1 2106 4060 3218 4130
17666 4 2 1 1 587 588 571 4158
17667 4 2 1 1 2786 4119 3793 4380
17668 4 2 1 1 4050 3603 3571 3065
17669 4 2 1 1 2345 2999 2998 2100
17670 4 2 1 1 831 3286 148 4420
17671 4 2 1 1 1820 1819 1825 4292
17672 4 2 1 1 210 4496 20 4548
17673 4 2 1 1 2209 4094 3197 4202
17674 4 2 1 1 798 121 6 4546
17675 4 2 1 1 859 3899 861 4303
17676 4 2 1 1 1479 3898 1481 4305
17677 4 2 1 1 241 239 3900 4304
17678 4 2 1 1 2363 4394 3480 2581
17679 4 2 1 1 4331 2782 2328 3049
17680 4 2 1 1 1785 3034 1783 4310
17681 4 2 1 1 3206 3702 3500 4272
17682 4 2 1 1 2513 3457 2747 4018
17683 4 2 1 1 2990 3436 2311 4240
17684 4 2 1 1 2922 2607 4353 3977
17685 4 2 1 1 1913 3872 1984 3439
17686 4 2 1 1 2489 3766 3688 4377
17687 4 2 1 1 491 442 326 3813
17688 4 2 1 1 1062 946 1111 3815
17689 4 2 1 1 1731 1682 1566 3814
17690 4 2 1 1 2260 3516 2425 3544
17691 4 2 1 1 2384 2425 3516 3544
17692 4 2 1 1 1837 1961 1929 3777
17693 4 2 1 1 4331 2328 2782 2766
17694 4 2 1 1 1355 1262 1357 3220
17695 4 2 1 1 728 599 624 3578
17696 4 2 1 1 1971 1839 1864 3579
17697 4 2 1 1 2338 2996 3899 3963
17698 4 2 1 1 2337 2995 3898 3962
17699 4 2 1 1 1831 4110 1828 4355
17700 4 2 1 1 206 4461 3229 4156
17701 4 2 1 1 515 3227 4460 4155
17702 4 2 1 1 1142 3228 4459 4154
17703 4 2 1 1 3205 2800 3501 3833
17704 4 2 1 1 2344 3491 3746 3910
17705 4 2 1 1 2071 3044 4093 4239
17706 4 2 1 1 786 3601 558 4056
17707 4 2 1 1 2073 2708 4160 4257
17708 4 2 1 1 1929 4176 1922 2009
17709 4 2 1 1 153 4550 1 2038
17710 4 2 1 1 2525 3261 3072 4347
17711 4 2 1 1 1815 1943 2033 3169
17712 4 2 1 1 3401 3995 3080 4267
17713 4 2 1 1 3400 3993 3078 4266
17714 4 2 1 1 3436 3916 2311 4240
17715 4 2 1 1 2921 2606 4356 3980
17716 4 2 1 1 1512 3797 3077 4369
17717 4 2 1 1 319 291 3794 4357
17718 4 2 1 1 1531 3795 1559 4358
17719 4 2 1 1 911 3796 939 4359
17720 4 2 1 1 2439 4250 3360 3133
17721 4 2 1 1 2164 3990 2929 2660
17722 4 2 1 1 2695 2569 3653 2307
17723 4 2 1 1 4423 27 213 443
17724 4 2 1 1 526 4483 750 75
17725 4 2 1 1 1146 4484 1370 171
17726 4 2 1 1 892 3798 3081 4370
17727 4 2 1 1 2520 4106 3290 4296
17728 4 2 1 1 1854 1951 1979 3685
17729 4 2 1 1 2853 2110 3604 3883
17730 4 2 1 1 3186 839 1066 85
17731 4 2 1 1 3177 218 446 37
17732 4 2 1 1 3184 1459 1686 181
17733 4 2 1 1 1484 3898 3090 4280
17734 4 2 1 1 864 3899 3091 4279
17735 4 2 1 1 2488 3764 3686 2401
17736 4 2 1 1 244 3900 3092 4275
17737 4 2 1 1 2490 3765 3687 2402
17738 4 2 1 1 1962 4169 2863 2496
17739 4 2 1 1 1607 3968 1622 4042
17740 4 2 1 1 2919 2605 4360 3984
17741 4 2 1 1 2102 3566 2456 4269
17742 4 2 1 1 644 646 645 3178
17743 4 2 1 1 607 4165 596 2615
17744 4 2 1 1 3159 3558 2156 4177
17745 4 2 1 1 2100 3620 3707 4256
17746 4 2 1 1 2431 4034 3982 4322
17747 4 2 1 1 2370 4076 3543 3115
17748 4 2 1 1 4088 3573 2701 4361
17749 4 2 1 1 2103 3125 3682 3889
17750 4 2 1 1 2124 2963 3315 4206
17751 4 2 1 1 2321 3691 2936 4215
17752 4 2 1 1 1529 2847 3820 4103
17753 4 2 1 1 289 2846 3821 4104
17754 4 2 1 1 909 2848 3822 4102
17755 4 2 1 1 2501 3784 3354 4091
17756 4 2 1 1 4467 2046 1913 95
17757 4 2 1 1 2388 3609 3257 4350
17758 4 2 1 1 4455 43 42 481
17759 4 2 1 1 824 1091 1054 2916
17760 4 2 1 1 204 471 434 2917
17761 4 2 1 1 1441 1711 1674 2918
17762 4 2 1 1 1783 1782 1781 4175
17763 4 2 1 1 1338 3358 1237 4343
17764 4 2 1 1 660 658 659 3864
17765 4 2 1 1 1204 1234 1358 4383
17766 4 2 1 1 1329 1224 1174 3594
17767 4 2 1 1 2595 3667 2369 3692
17768 4 2 1 1 2347 3602 3801 4105
17769 4 2 1 1 2068 3894 3621 2509
17770 4 2 1 1 3427 3454 2541 4113
17771 4 2 1 1 3428 3453 2539 4111
17772 4 2 1 1 3429 3452 2540 4112
17773 4 2 1 1 2370 3543 4076 3825
17774 4 2 1 1 2350 4055 3728 4226
17775 4 2 1 1 1834 1953 1835 3828
17776 4 2 1 1 2854 2112 3605 3114
17777 4 2 1 1 2927 3494 2270 4318
17778 4 2 1 1 3532 3764 2488 2401
17779 4 2 1 1 2367 4013 3255 4396
17780 4 2 1 1 4456 122 123 778
17781 4 2 1 1 2351 4059 3727 4228
17782 4 2 1 1 286 273 287 3120
17783 4 2 1 1 2212 3105 4019 4043
17784 4 2 1 1 2339 3613 3153 4383
17785 4 2 1 1 759 760 697 3863
17786 4 2 1 1 782 4477 3668 4466
17787 4 2 1 1 2584 3246 2794 4199
17788 4 2 1 1 3533 3765 2490 2402
17789 4 2 1 1 4355 2940 2175 2555
17790 4 2 1 1 875 867 1034 4061
17791 4 2 1 1 247 414 255 4062
17792 4 2 1 1 4378 2942 2176 2557
17793 4 2 1 1 987 4116 4045 4188
17794 4 2 1 1 2351 3727 3623 4284
17795 4 2 1 1 2818 3848 2214 4330
17796 4 2 1 1 566 559 567 3494
17797 4 2 1 1 4355 2940 2555 3359
17798 4 2 1 1 4162 2572 1304 3760
17799 4 2 1 1 4162 1304 2572 1429
17800 4 2 1 1 1999 2000 1937 3865
17801 4 2 1 1 2767 3261 2125 3920
17802 4 2 1 1 417 266 252 4084
17803 4 2 1 1 1492 1657 1506 4085
17804 4 2 1 1 1037 886 872 4083
17805 4 2 1 1 3682 4320 2414 3644
17806 4 2 1 1 3520 3748 2358 2383
17807 4 2 1 1 2399 3819 3317 2393
17808 4 2 1 1 2730 3745 3044 3932
17809 4 2 1 1 4378 2942 2557 3361
17810 4 2 1 1 1321 1167 1165 3635
17811 4 2 1 1 1260 1259 1270 3935
17812 4 2 1 1 669 3180 666 3850
17813 4 2 1 1 718 3363 617 4349
17814 4 2 1 1 542 541 543 4178
17815 4 2 1 1 3737 3877 2348 3954
17816 4 2 1 1 674 3601 786 4318
17817 4 2 1 1 2350 3728 3624 4283
17818 4 2 1 1 2336 2994 3720 4304
17819 4 2 1 1 2337 2995 3719 4305
17820 4 2 1 1 2176 2119 2930 3132
17821 4 2 1 1 2371 2915 3368 4374
17822 4 2 1 1 238 393 240 2994
17823 4 2 1 1 1478 1633 1480 2995
17824 4 2 1 1 860 858 1013 2996
17825 4 2 1 1 2542 3368 2915 4374
17826 4 2 1 1 2556 3360 4250 3133
17827 4 2 1 1 519 3256 116 4503
17828 4 2 1 1 1428 4504 3098 1374
17829 4 2 1 1 4419 4523 3149 518
17830 4 2 1 1 1812 4186 1813 3933
17831 4 2 1 1 3144 3118 2399 2068
17832 4 2 1 1 3522 2930 2972 3831
17833 4 2 1 1 2177 3827 3396 2931
17834 4 2 1 1 793 575 3316 4285
17835 4 2 1 1 3929 3974 1700 2704
17836 4 2 1 1 3928 3958 460 2703
17837 4 2 1 1 1608 1610 3669 4211
17838 4 2 1 1 2936 3950 2405 4253
17839 4 2 1 1 1154 1388 1392 2943
17840 4 2 1 1 768 772 534 2944
17841 4 2 1 1 1774 2008 2012 2945
17842 4 2 1 1 2922 2265 3742 4353
17843 4 2 1 1 1828 1811 1827 4110
17844 4 2 1 1 2112 2854 3605 3910
17845 4 2 1 1 155 154 4454 1101
17846 4 2 1 1 244 399 241 4275
17847 4 2 1 1 2520 3708 3097 4227
17848 4 2 1 1 228 347 300 3225
17849 4 2 1 1 1468 1587 1540 3226
17850 4 2 1 1 848 967 920 3224
17851 4 2 1 1 1647 1545 1663 3399
17852 4 2 1 1 1027 925 1043 3401
17853 4 2 1 1 407 305 423 3400
17854 4 2 1 1 1306 3760 3455 1301
17855 4 2 1 1 4281 2307 2741 3119
17856 4 2 1 1 1234 1194 1339 4383
17857 4 2 1 1 1338 1237 3358 1337
17858 4 2 1 1 3264 3772 2365 4293
17859 4 2 1 1 294 400 399 4275
17860 4 2 1 1 2812 4206 2356 4346
17861 4 2 1 1 4192 4062 4266 2883
17862 4 2 1 1 4191 4061 4267 2884
17863 4 2 1 1 646 644 714 3178
17864 4 2 1 1 2185 3983 3422 4035
17865 4 2 1 1 2186 3981 3424 4033
17866 4 2 1 1 2187 3982 3423 4034
17867 4 2 1 1 1931 4442 1763 2031
17868 4 2 1 1 2709 4016 2529 4336
17869 4 2 1 1 2921 2264 3741 4356
17870 4 2 1 1 2416 3262 3519 4090
17871 4 2 1 1 1396 1393 1145 3817
17872 4 2 1 1 525 776 773 3818
17873 4 2 1 1 1765 2016 2013 3816
17874 4 2 1 1 40 4488 3 2037
17875 4 2 1 1 2341 2860 4080 4391
17876 4 2 1 1 2167 2766 3691 3803
17877 4 2 1 1 861 864 1019 4279
17878 4 2 1 1 1639 1481 1484 4280
17879 4 2 1 1 2786 287 426 379
17880 4 2 1 1 2964 3509 2628 4300
17881 4 2 1 1 2965 3510 2629 4301
17882 4 2 1 1 2966 3508 2627 4302
17883 4 2 1 1 795 582 675 4318
17884 4 2 1 1 3612 527 86 4505
17885 4 2 1 1 3637 1147 182 4506
17886 4 2 1 1 3645 1767 1987 38
17887 4 2 1 1 2339 2724 3153 4368
17888 4 2 1 1 914 1020 1019 4279
17889 4 2 1 1 2919 2266 3738 4360
17890 4 2 1 1 1534 1640 1639 4280
17891 4 2 1 1 757 539 537 4245
17892 4 2 1 1 2310 3685 3705 4051
17893 4 2 1 1 848 3508 849 4371
17894 4 2 1 1 229 228 3510 4372
17895 4 2 1 1 1468 3509 1469 4373
17896 4 2 1 1 4460 515 751 3227
17897 4 2 1 1 4459 1142 1371 3228
17898 4 2 1 1 439 4461 4530 3229
17899 4 2 1 1 1883 1884 1885 3722
17900 4 2 1 1 3220 3530 1355 4069
17901 4 2 1 1 319 291 318 3794
17902 4 2 1 1 1531 1558 1559 3795
17903 4 2 1 1 911 938 939 3796
17904 4 2 1 1 3297 3564 2433 4064
17905 4 2 1 1 565 724 557 2930
17906 4 2 1 1 2305 3310 3233 3856
17907 4 2 1 1 289 3821 277 4104
17908 4 2 1 1 1529 3820 1517 4103
17909 4 2 1 1 909 3822 897 4102
17910 4 2 1 1 1868 1841 1869 3704
17911 4 2 1 1 3068 3880 3156 3157
17912 4 2 1 1 1332 1210 1347 4293
17913 4 2 1 1 207 4200 4507 46
17914 4 2 1 1 1324 1232 4282 3559
17915 4 2 1 1 718 617 3363 717
17916 4 2 1 1 1862 1881 1882 4063
17917 4 2 1 1 2260 3544 2713 4348
17918 4 2 1 1 894 908 1048 4268
17919 4 2 1 1 1790 1943 1788 3169
17920 4 2 1 1 3480 2363 4310 4394
17921 4 2 1 1 2716 3497 2365 3772
17922 4 2 1 1 1929 3649 3165 3777
17923 4 2 1 1 578 602 734 3198
17924 4 2 1 1 2928 2237 3372 3826
17925 4 2 1 1 3177 3761 1891 4063
17926 4 2 1 1 2153 3144 3819 4108
17927 4 2 1 1 691 4441 791 3475
17928 4 2 1 1 2253 3082 3774 4015
17929 4 2 1 1 2167 3691 2936 3803
17930 4 2 1 1 433 474 502 2861
17931 4 2 1 1 4426 159 1092 4143
17932 4 2 1 1 767 127 4427 4144
17933 4 2 1 1 4042 3990 3968 2958
17934 4 2 1 1 2710 3843 2528 4335
17935 4 2 1 1 1835 1966 1820 3828
17936 4 2 1 1 1668 1514 1528 4272
17937 4 2 1 1 2998 2100 2709 4336
17938 4 2 1 1 2999 4038 2710 4335
17939 4 2 1 1 2790 3954 3737 4108
17940 4 2 1 1 2076 3457 3072 3936
17941 4 2 1 1 2411 3419 3036 2160
17942 4 2 1 1 2410 3418 3037 2159
17943 4 2 1 1 2412 3420 3038 2158
17944 4 2 1 1 2095 3432 3243 3523
17945 4 2 1 1 1750 4194 1447 3228
17946 4 2 1 1 1130 4195 826 3227
17947 4 2 1 1 510 4196 206 3229
17948 4 2 1 1 2723 2433 2869 4164
17949 4 2 1 1 1563 1746 1698 3886
17950 4 2 1 1 1909 1908 3000 4253
17951 4 2 1 1 1324 4282 1232 1361
17952 4 2 1 1 2963 3964 3315 4206
17953 4 2 1 1 2144 3474 3284 4088
17954 4 2 1 1 1125 1017 821 3624
17955 4 2 1 1 1745 1637 1444 3623
17956 4 2 1 1 397 201 505 3622
17957 4 2 1 1 1673 1714 1742 2865
17958 4 2 1 1 1619 1620 1666 4181
17959 4 2 1 1 1189 1200 3672 4363
17960 4 2 1 1 1122 1053 1094 2868
17961 4 2 1 1 276 404 425 3985
17962 4 2 1 1 1516 1644 1665 3986
17963 4 2 1 1 896 1024 1045 3987
17964 4 2 1 1 3004 3606 2306 3854
17965 4 2 1 1 3594 3895 2589 4044
17966 4 2 1 1 3165 3689 2375 3777
17967 4 2 1 1 2144 3573 4088 4361
17968 4 2 1 1 1489 1497 1649 3611
17969 4 2 1 1 877 1029 869 3610
17970 4 2 1 1 2481 2840 3694 2073
17971 4 2 1 1 2626 3666 3334 3778
17972 4 2 1 1 2782 2237 3529 4306
17973 4 2 1 1 378 3840 361 4089
17974 4 2 1 1 1273 2793 1430 1437
17975 4 2 1 1 1362 1407 1150 3470
17976 4 2 1 1 409 249 257 3608
17977 4 2 1 1 2188 3467 3008 3891
17978 4 2 1 1 2129 3830 3324 2608
17979 4 2 1 1 4254 2334 2577 3133
17980 4 2 1 1 2691 3906 2784 2507
17981 4 2 1 1 2690 3907 2785 2506
17982 4 2 1 1 2689 3905 2783 3976
17983 4 2 1 1 272 3799 3095 4393
17984 4 2 1 1 294 3608 3280 4275
17985 4 2 1 1 504 3799 365 4189
17986 4 2 1 1 2308 3346 2101 3203
17987 4 2 1 1 914 3610 3281 4279
17988 4 2 1 1 1534 3611 3282 4280
17989 4 2 1 1 380 426 379 4119
17990 4 2 1 1 1849 1947 3397 4252
17991 4 2 1 1 258 3408 417 4084
17992 4 2 1 1 1657 1498 3407 4085
17993 4 2 1 1 878 3406 1037 4083
17994 4 2 1 1 3290 4106 2829 4296
17995 4 2 1 1 1074 971 3580 4145
17996 4 2 1 1 1591 3581 1694 4146
17997 4 2 1 1 351 3582 454 4147
17998 4 2 1 1 2226 3070 3669 4211
17999 4 2 1 1 4281 2741 2307 3674
18000 4 2 1 1 999 1000 1046 4182
18001 4 2 1 1 4267 1027 1043 3401
18002 4 2 1 1 1608 1613 1610 4211
18003 4 2 1 1 1891 3761 1882 4063
18004 4 2 1 1 1002 4045 987 4116
18005 4 2 1 1 1207 3827 1191 4187
18006 4 2 1 1 2478 4126 4004 4298
18007 4 2 1 1 2716 4004 4126 4298
18008 4 2 1 1 2409 3996 3076 4270
18009 4 2 1 1 1415 1202 3496 4022
18010 4 2 1 1 575 700 3638 4285
18011 4 2 1 1 3052 4102 897 2980
18012 4 2 1 1 3051 4104 277 2981
18013 4 2 1 1 4267 1043 1027 1034
18014 4 2 1 1 3424 3981 2430 4033
18015 4 2 1 1 3423 3982 2431 4034
18016 4 2 1 1 3422 3983 2429 4035
18017 4 2 1 1 3865 1099 162 998
18018 4 2 1 1 3327 3680 2272 3958
18019 4 2 1 1 829 163 164 4497
18020 4 2 1 1 2480 3351 2789 4295
18021 4 2 1 1 2199 3606 3289 3715
18022 4 2 1 1 1917 1919 1918 3294
18023 4 2 1 1 3064 3551 2184 3913
18024 4 2 1 1 556 555 557 3522
18025 4 2 1 1 2245 3489 3119 3959
18026 4 2 1 1 3573 4351 3998 2638
18027 4 2 1 1 2920 3436 2211 4240
18028 4 2 1 1 932 1044 1045 3987
18029 4 2 1 1 1552 1664 1665 3986
18030 4 2 1 1 312 424 425 3985
18031 4 2 1 1 1323 1195 3373 4172
18032 4 2 1 1 2099 3692 3684 4244
18033 4 2 1 1 2352 3736 3622 4286
18034 4 2 1 1 2025 1905 2019 3950
18035 4 2 1 1 3326 3681 2271 3974
18036 4 2 1 1 688 3482 687 3992
18037 4 2 1 1 544 543 545 3032
18038 4 2 1 1 3262 3519 2613 2075
18039 4 2 1 1 2061 3771 2416 4090
18040 4 2 1 1 2324 3314 2969 4031
18041 4 2 1 1 1507 1629 1624 3567
18042 4 2 1 1 384 267 389 3568
18043 4 2 1 1 1004 887 1009 3569
18044 4 2 1 1 4545 1102 1064 3342
18045 4 2 1 1 2069 3115 3783 4076
18046 4 2 1 1 1137 4554 189 1408
18047 4 2 1 1 4489 205 441 13
18048 4 2 1 1 463 4481 61 212
18049 4 2 1 1 4494 832 1061 141
18050 4 2 1 1 2539 2742 3906 4132
18051 4 2 1 1 2540 2743 3907 4133
18052 4 2 1 1 2541 2744 3905 4134
18053 4 2 1 1 3344 3444 2349 3602
18054 4 2 1 1 3400 414 423 407
18055 4 2 1 1 1250 1259 1249 3935
18056 4 2 1 1 1189 1200 1349 3672
18057 4 2 1 1 1722 1684 1460 3341
18058 4 2 1 1 4387 3060 2857 2412
18059 4 2 1 1 4386 3059 2855 2411
18060 4 2 1 1 4385 3058 2856 2410
18061 4 2 1 1 286 3521 297 4024
18062 4 2 1 1 2379 2930 2972 4334
18063 4 2 1 1 1784 1783 1785 3034
18064 4 2 1 1 797 88 5 4534
18065 4 2 1 1 4295 3262 2118 2477
18066 4 2 1 1 297 328 327 3521
18067 4 2 1 1 2416 3824 3010 3825
18068 4 2 1 1 2362 2825 3881 4397
18069 4 2 1 1 2582 2101 3346 3931
18070 4 2 1 1 2956 2800 3893 4229
18071 4 2 1 1 2238 3440 4216 4368
18072 4 2 1 1 2262 2903 2137 4384
18073 4 2 1 1 2172 3317 3819 2393
18074 4 2 1 1 602 734 3198 4294
18075 4 2 1 1 2320 4019 3105 4043
18076 4 2 1 1 2324 2987 3288 3843
18077 4 2 1 1 2259 3412 3009 4057
18078 4 2 1 1 2224 3161 3308 4288
18079 4 2 1 1 2068 3275 4223 4350
18080 4 2 1 1 2469 3494 2927 4163
18081 4 2 1 1 422 2882 308 4241
18082 4 2 1 1 1042 926 928 4243
18083 4 2 1 1 1662 1546 1548 4242
18084 4 2 1 1 560 576 562 4276
18085 4 2 1 1 2337 3790 3020 3898
18086 4 2 1 1 2338 3792 3021 3899
18087 4 2 1 1 2336 3791 3019 3900
18088 4 2 1 1 4544 482 444 3340
18089 4 2 1 1 2739 2401 3764 4366
18090 4 2 1 1 2740 2402 3765 4365
18091 4 2 1 1 2738 2400 3766 4367
18092 4 2 1 1 2215 2772 3590 4230
18093 4 2 1 1 1303 1374 1428 3098
18094 4 2 1 1 1371 4425 1146 172
18095 4 2 1 1 751 4424 526 76
18096 4 2 1 1 4530 213 28 439
18097 4 2 1 1 1606 1608 1607 4255
18098 4 2 1 1 2363 2822 3879 4394
18099 4 2 1 1 1847 3397 1877 3921
18100 4 2 1 1 2557 3578 3299 4236
18101 4 2 1 1 2555 3579 3300 2136
18102 4 2 1 1 725 624 770 3299
18103 4 2 1 1 2446 3512 3338 4203
18104 4 2 1 1 1864 2010 1972 3300
18105 4 2 1 1 2143 3141 3338 4203
18106 4 2 1 1 2935 2273 3507 4183
18107 4 2 1 1 1586 1636 1541 3248
18108 4 2 1 1 301 346 396 3249
18109 4 2 1 1 1016 921 966 3250
18110 4 2 1 1 2564 3655 3155 4180
18111 4 2 1 1 1596 1674 1599 3786
18112 4 2 1 1 1054 979 976 3785
18113 4 2 1 1 434 359 356 3784
18114 4 2 1 1 1008 1009 923 4139
18115 4 2 1 1 389 303 388 4140
18116 4 2 1 1 1629 1543 1628 4141
18117 4 2 1 1 1840 1833 1852 3116
18118 4 2 1 1 612 600 593 3117
18119 4 2 1 1 2178 3200 3963 4214
18120 4 2 1 1 3550 2260 2568 4157
18121 4 2 1 1 1400 1435 1270 3426
18122 4 2 1 1 2069 4076 3783 4296
18123 4 2 1 1 1927 1911 1912 4308
18124 4 2 1 1 2082 2785 2504 2195
18125 4 2 1 1 2081 2784 2505 2194
18126 4 2 1 1 2083 2783 2503 2196
18127 4 2 1 1 2313 3710 3344 4395
18128 4 2 1 1 651 3186 802 3703
18129 4 2 1 1 1812 2054 3185 3933
18130 4 2 1 1 2598 3497 2716 3772
18131 4 2 1 1 3400 414 407 4266
18132 4 2 1 1 2086 3516 2716 4362
18133 4 2 1 1 2066 4075 3487 4395
18134 4 2 1 1 1715 1630 1709 3724
18135 4 2 1 1 1010 1089 1095 3725
18136 4 2 1 1 475 390 469 3726
18137 4 2 1 1 2338 2996 3834 4303
18138 4 2 1 1 314 3928 2846 4218
18139 4 2 1 1 1554 3929 2847 4217
18140 4 2 1 1 2930 2119 2335 3132
18141 4 2 1 1 1814 1824 1823 2819
18142 4 2 1 1 1432 1151 1404 2896
18143 4 2 1 1 2024 2052 1771 2896
18144 4 2 1 1 784 812 531 2896
18145 4 2 1 1 3999 1284 3615 1285
18146 4 2 1 1 2145 4231 3574 2455
18147 4 2 1 1 3263 2858 3529 3952
18148 4 2 1 1 3827 3396 4187 2334
18149 4 2 1 1 1440 1439 1369 3768
18150 4 2 1 1 2347 3801 2831 4185
18151 4 2 1 1 2106 3267 3127 4130
18152 4 2 1 1 1390 4017 1254 4200
18153 4 2 1 1 3520 3678 2358 3748
18154 4 2 1 1 4428 823 145 964
18155 4 2 1 1 1808 2859 3183 1803
18156 4 2 1 1 344 17 203 4430
18157 4 2 1 1 2016 3359 3027 1865
18158 4 2 1 1 776 3361 3025 625
18159 4 2 1 1 1396 1245 3817 3026
18160 4 2 1 1 2087 2833 3590 3869
18161 4 2 1 1 1390 4017 2903 4384
18162 4 2 1 1 1916 1821 1917 2997
18163 4 2 1 1 1924 2051 1926 4258
18164 4 2 1 1 3177 218 37 4508
18165 4 2 1 1 85 777 3186 527
18166 4 2 1 1 3184 1147 181 1397
18167 4 2 1 1 109 108 788 4513
18168 4 2 1 1 1667 1578 4340 4385
18169 4 2 1 1 958 4341 1047 4386
18170 4 2 1 1 427 338 4342 4387
18171 4 2 1 1 1936 3865 1937 3998
18172 4 2 1 1 696 3863 697 4000
18173 4 2 1 1 749 92 93 4533
18174 4 2 1 1 2348 3630 3565 4338
18175 4 2 1 1 4407 1706 1455 2756
18176 4 2 1 1 2800 4182 3893 4229
18177 4 2 1 1 4554 188 189 1408
18178 4 2 1 1 72 4532 486 4436
18179 4 2 1 1 1822 1812 2054 3185
18180 4 2 1 1 3978 4014 3682 2637
18181 4 2 1 1 152 4546 6 1726
18182 4 2 1 1 1907 2936 1914 4253
18183 4 2 1 1 1930 1925 1929 3649
18184 4 2 1 1 3219 3621 3894 2509
18185 4 2 1 1 2131 3330 2300 3915
18186 4 2 1 1 1601 1618 1617 3863
18187 4 2 1 1 1377 1157 1375 3340
18188 4 2 1 1 1204 3759 1194 4383
18189 4 2 1 1 2378 3313 2968 2884
18190 4 2 1 1 1918 1923 2006 4029
18191 4 2 1 1 2410 3986 3414 4385
18192 4 2 1 1 2411 3987 3415 4386
18193 4 2 1 1 2412 3985 3416 4387
18194 4 2 1 1 2761 4028 2368 2463
18195 4 2 1 1 998 3812 981 4121
18196 4 2 1 1 462 4486 58 468
18197 4 2 1 1 4432 224 10 440
18198 4 2 1 1 844 138 4433 1060
18199 4 2 1 1 808 683 3256 4095
18200 4 2 1 1 674 667 793 2892
18201 4 2 1 1 539 620 541 4245
18202 4 2 1 1 2253 3774 3178 4015
18203 4 2 1 1 2052 2024 1983 2896
18204 4 2 1 1 1432 1404 1363 2896
18205 4 2 1 1 784 743 812 2896
18206 4 2 1 1 24 4550 1 1106
18207 4 2 1 1 2124 4206 2812 4346
18208 4 2 1 1 1036 3527 935 4183
18209 4 2 1 1 1362 1306 1363 3455
18210 4 2 1 1 3770 3920 3925 2389
18211 4 2 1 1 263 257 262 3749
18212 4 2 1 1 2420 3028 3793 4380
18213 4 2 1 1 1226 1225 3360 4250
18214 4 2 1 1 1245 1346 3817 4384
18215 4 2 1 1 401 400 294 3280
18216 4 2 1 1 2372 3833 3205 4268
18217 4 2 1 1 554 709 604 3502
18218 4 2 1 1 3123 3241 2307 4281
18219 4 2 1 1 2263 3818 3361 3025
18220 4 2 1 1 114 688 4479 804
18221 4 2 1 1 2261 3816 3359 3027
18222 4 2 1 1 1159 1157 1377 3739
18223 4 2 1 1 1808 2859 1803 1802
18224 4 2 1 1 320 2857 2808 4196
18225 4 2 1 1 1560 2856 2809 4194
18226 4 2 1 1 940 2855 2810 4195
18227 4 2 1 1 755 757 537 3341
18228 4 2 1 1 2067 2260 3550 4157
18229 4 2 1 1 2816 3649 2535 4184
18230 4 2 1 1 67 66 4422 449
18231 4 2 1 1 4158 591 605 588
18232 4 2 1 1 510 3229 439 4327
18233 4 2 1 1 1130 4510 826 1059
18234 4 2 1 1 1750 4509 1447 1679
18235 4 2 1 1 210 4421 19 480
18236 4 2 1 1 4422 1450 3837 1720
18237 4 2 1 1 831 4420 147 1100
18238 4 2 1 1 2557 2335 3578 4236
18239 4 2 1 1 2555 2333 3579 2136
18240 4 2 1 1 1021 1020 914 3281
18241 4 2 1 1 4046 3622 3736 2839
18242 4 2 1 1 1534 1641 1640 3282
18243 4 2 1 1 863 1023 866 3464
18244 4 2 1 1 243 403 246 3463
18245 4 2 1 1 1483 1643 1486 3462
18246 4 2 1 1 2222 3605 2854 3805
18247 4 2 1 1 2221 3604 2853 3807
18248 4 2 1 1 2220 3603 2852 3806
18249 4 2 1 1 1995 1997 1777 3342
18250 4 2 1 1 3846 2295 4013 2788
18251 4 2 1 1 2936 4246 1914 4253
18252 4 2 1 1 1598 1604 1597 3856
18253 4 2 1 1 4421 18 19 480
18254 4 2 1 1 1326 1318 1382 3236
18255 4 2 1 1 1492 4085 1506 4309
18256 4 2 1 1 2364 3808 3120 4024
18257 4 2 1 1 4489 205 13 4403
18258 4 2 1 1 4494 832 141 4404
18259 4 2 1 1 3958 4481 212 2703
18260 4 2 1 1 2322 2967 3572 4086
18261 4 2 1 1 1907 2033 1914 2936
18262 4 2 1 1 1302 1309 1305 4162
18263 4 2 1 1 3115 2546 2370 4076
18264 4 2 1 1 2244 3734 3027 4122
18265 4 2 1 1 3734 3738 2643 2014
18266 4 2 1 1 3733 3742 2642 774
18267 4 2 1 1 2243 3733 3025 4123
18268 4 2 1 1 2242 3732 3026 4124
18269 4 2 1 1 3732 3741 2641 1394
18270 4 2 1 1 1075 3390 1113 4382
18271 4 2 1 1 1502 1512 1744 3077
18272 4 2 1 1 2106 3127 4060 4130
18273 4 2 1 1 1383 1276 1132 4091
18274 4 2 1 1 1945 1942 1981 3535
18275 4 2 1 1 1501 1495 1663 4193
18276 4 2 1 1 892 1124 882 3081
18277 4 2 1 1 2323 3746 3374 3948
18278 4 2 1 1 2557 2335 4236 3132
18279 4 2 1 1 1700 1655 1656 3974
18280 4 2 1 1 1197 1324 1321 3202
18281 4 2 1 1 2207 4012 2275 4135
18282 4 2 1 1 2370 3824 3543 3825
18283 4 2 1 1 2117 3809 2845 4074
18284 4 2 1 1 1290 1292 1291 3381
18285 4 2 1 1 2297 3311 3519 4278
18286 4 2 1 1 1431 1306 1304 3531
18287 4 2 1 1 292 268 424 3598
18288 4 2 1 1 888 1044 912 3596
18289 4 2 1 1 1532 1508 1664 3597
18290 4 2 1 1 1696 1608 3070 4211
18291 4 2 1 1 4238 2303 2748 3432
18292 4 2 1 1 937 1084 943 4173
18293 4 2 1 1 264 409 257 3749
18294 4 2 1 1 4013 2295 3846 2065
18295 4 2 1 1 4111 2539 1626 1627
18296 4 2 1 1 1818 1809 1808 3183
18297 4 2 1 1 2852 4050 2779 4136
18298 4 2 1 1 2974 3912 2191 4021
18299 4 2 1 1 2336 2994 3900 4079
18300 4 2 1 1 1896 1874 3526 4143
18301 4 2 1 1 634 3525 656 4144
18302 4 2 1 1 2651 3723 3330 3915
18303 4 2 1 1 415 416 460 3958
18304 4 2 1 1 648 3561 647 3908
18305 4 2 1 1 562 3350 563 4276
18306 4 2 1 1 2247 3239 3536 3713
18307 4 2 1 1 1307 1409 1308 4399
18308 4 2 1 1 818 4442 523 2820
18309 4 2 1 1 2988 4183 3744 2273
18310 4 2 1 1 1161 3565 1162 4338
18311 4 2 1 1 4010 2521 2456 4197
18312 4 2 1 1 2795 4055 2350 4226
18313 4 2 1 1 4111 1626 2539 3836
18314 4 2 1 1 1622 1607 1699 3968
18315 4 2 1 1 2014 1965 1867 3738
18316 4 2 1 1 629 721 628 4225
18317 4 2 1 1 3025 3269 2243 4123
18318 4 2 1 1 3026 3270 2242 4124
18319 4 2 1 1 3027 3271 2244 4122
18320 4 2 1 1 1177 3469 1344 3951
18321 4 2 1 1 3495 3824 2416 3825
18322 4 2 1 1 2262 3817 2903 4384
18323 4 2 1 1 589 571 588 4158
18324 4 2 1 1 3131 2555 2136 2333
18325 4 2 1 1 2796 4059 2351 4228
18326 4 2 1 1 1287 4172 1294 3244
18327 4 2 1 1 2846 3821 2325 4039
18328 4 2 1 1 2848 3822 2327 4040
18329 4 2 1 1 1394 1351 1247 3741
18330 4 2 1 1 451 338 339 4342
18331 4 2 1 1 1578 1579 1691 4340
18332 4 2 1 1 959 1071 958 4341
18333 4 2 1 1 3091 3899 2996 3963
18334 4 2 1 1 3090 3898 2995 3962
18335 4 2 1 1 1906 3872 3365 4253
18336 4 2 1 1 1011 855 857 4049
18337 4 2 1 1 1475 1477 1631 4048
18338 4 2 1 1 237 391 235 4047
18339 4 2 1 1 792 754 683 3256
18340 4 2 1 1 2548 3327 2442 4390
18341 4 2 1 1 774 731 627 3742
18342 4 2 1 1 2271 4209 3326 2866
18343 4 2 1 1 3657 4011 2274 4138
18344 4 2 1 1 1914 2936 3754 4246
18345 4 2 1 1 2338 3899 2996 4303
18346 4 2 1 1 2337 3898 2995 4305
18347 4 2 1 1 2336 3900 2994 4304
18348 4 2 1 1 1891 1760 2017 3177
18349 4 2 1 1 1144 1278 1280 4168
18350 4 2 1 1 1811 1828 1829 4110
18351 4 2 1 1 1411 1366 1311 3538
18352 4 2 1 1 1837 2009 1932 3777
18353 4 2 1 1 2233 3599 4223 2584
18354 4 2 1 1 2223 3094 3537 3722
18355 4 2 1 1 3298 2206 3917 4337
18356 4 2 1 1 2478 4004 3540 4298
18357 4 2 1 1 2120 3364 3997 4381
18358 4 2 1 1 2325 3821 2846 4104
18359 4 2 1 1 2326 3820 2847 4103
18360 4 2 1 1 2327 3822 2848 4102
18361 4 2 1 1 1438 4441 1143 2824
18362 4 2 1 1 2192 3214 4099 4192
18363 4 2 1 1 3613 4216 2659 4368
18364 4 2 1 1 2558 3577 3513 4131
18365 4 2 1 1 146 147 4420 1100
18366 4 2 1 1 2716 3516 2260 4362
18367 4 2 1 1 3044 4093 2842 4335
18368 4 2 1 1 1287 1294 4172 1413
18369 4 2 1 1 2271 3974 3390 2866
18370 4 2 1 1 277 4104 3821 2981
18371 4 2 1 1 897 4102 3822 2980
18372 4 2 1 1 531 103 104 4444
18373 4 2 1 1 4443 119 120 784
18374 4 2 1 1 4445 199 200 1404
18375 4 2 1 1 767 127 126 4427
18376 4 2 1 1 3206 3702 2373 4319
18377 4 2 1 1 2358 3520 3102 3678
18378 4 2 1 1 906 3501 917 4268
18379 4 2 1 1 1845 3359 1846 4355
18380 4 2 1 1 1523 1517 1529 3820
18381 4 2 1 1 289 283 277 3821
18382 4 2 1 1 897 909 903 3822
18383 4 2 1 1 2325 4104 2846 2548
18384 4 2 1 1 637 2693 810 3481
18385 4 2 1 1 2074 3156 4092 2415
18386 4 2 1 1 4466 782 673 3668
18387 4 2 1 1 466 215 463 3385
18388 4 2 1 1 2096 3018 3779 3874
18389 4 2 1 1 1537 1526 3500 4272
18390 4 2 1 1 2061 2298 3564 4090
18391 4 2 1 1 1733 1695 1681 3385
18392 4 2 1 1 2314 3057 3773 2118
18393 4 2 1 1 605 3361 606 4378
18394 4 2 1 1 2932 2460 3659 4265
18395 4 2 1 1 480 342 3838 4113
18396 4 2 1 1 1582 3837 1720 4112
18397 4 2 1 1 1100 962 3836 4111
18398 4 2 1 1 718 712 3549 4349
18399 4 2 1 1 1332 3548 1338 4343
18400 4 2 1 1 4112 2540 386 387
18401 4 2 1 1 2079 4043 2895 4287
18402 4 2 1 1 1364 1401 1134 4274
18403 4 2 1 1 1280 1279 1281 3524
18404 4 2 1 1 2730 2482 3404 3763
18405 4 2 1 1 2958 3968 2423 3990
18406 4 2 1 1 4200 47 46 472
18407 4 2 1 1 2730 2482 3763 4010
18408 4 2 1 1 1201 1193 1312 3541
18409 4 2 1 1 402 280 298 2689
18410 4 2 1 1 1022 900 918 2691
18411 4 2 1 1 1642 1520 1538 2690
18412 4 2 1 1 1326 1276 1231 3354
18413 4 2 1 1 2676 3897 2971 4354
18414 4 2 1 1 2655 3853 3801 4105
18415 4 2 1 1 2831 4185 3801 4294
18416 4 2 1 1 370 3570 368 3919
18417 4 2 1 1 504 262 272 3095
18418 4 2 1 1 2082 2504 2785 4114
18419 4 2 1 1 2081 2505 2784 4115
18420 4 2 1 1 2083 2503 2783 3306
18421 4 2 1 1 691 3475 745 3858
18422 4 2 1 1 661 662 517 3217
18423 4 2 1 1 465 325 406 3260
18424 4 2 1 1 1085 945 1026 3258
18425 4 2 1 1 1705 1565 1646 3259
18426 4 2 1 1 1758 2048 1994 3149
18427 4 2 1 1 2369 3237 3678 3748
18428 4 2 1 1 4426 159 158 1092
18429 4 2 1 1 668 666 667 3850
18430 4 2 1 1 3270 2257 2242 4124
18431 4 2 1 1 3269 2256 2243 4123
18432 4 2 1 1 3271 2258 2244 4122
18433 4 2 1 1 1872 1892 1861 3370
18434 4 2 1 1 1865 1846 1845 3359
18435 4 2 1 1 625 606 605 3361
18436 4 2 1 1 1226 1225 1245 3360
18437 4 2 1 1 315 466 3958 4238
18438 4 2 1 1 3637 1461 1678 183
18439 4 2 1 1 3612 841 1058 87
18440 4 2 1 1 3645 221 438 39
18441 4 2 1 1 2521 3780 3779 3874
18442 4 2 1 1 1307 3989 1292 4120
18443 4 2 1 1 434 3784 363 4091
18444 4 2 1 1 2071 4137 3843 4335
18445 4 2 1 1 2203 3462 3020 4290
18446 4 2 1 1 2202 3463 3019 4289
18447 4 2 1 1 2204 3464 3021 4291
18448 4 2 1 1 2846 4039 2325 2548
18449 4 2 1 1 793 703 674 3601
18450 4 2 1 1 1131 1327 1435 3426
18451 4 2 1 1 2205 3181 3328 3481
18452 4 2 1 1 2754 3565 3512 3844
18453 4 2 1 1 2842 2342 3692 4038
18454 4 2 1 1 1512 3077 1502 4369
18455 4 2 1 1 1390 2903 4017 4200
18456 4 2 1 1 2147 3906 2784 4261
18457 4 2 1 1 2148 3907 2785 4260
18458 4 2 1 1 2146 3905 2783 4259
18459 4 2 1 1 2956 2330 4045 4116
18460 4 2 1 1 2316 3522 2972 3831
18461 4 2 1 1 2262 3360 3817 4384
18462 4 2 1 1 2924 3754 2444 4215
18463 4 2 1 1 1222 1354 1198 3264
18464 4 2 1 1 882 892 3081 4370
18465 4 2 1 1 1831 1843 1829 3130
18466 4 2 1 1 1211 1223 1209 3129
18467 4 2 1 1 591 603 589 3128
18468 4 2 1 1 780 4467 4449 3439
18469 4 2 1 1 1036 1086 3507 4183
18470 4 2 1 1 4112 386 2540 3837
18471 4 2 1 1 2922 2607 3977 2135
18472 4 2 1 1 2922 2607 2135 2265
18473 4 2 1 1 3205 3833 3501 4268
18474 4 2 1 1 3243 3523 2988 2273
18475 4 2 1 1 3153 3613 2339 4368
18476 4 2 1 1 3033 3787 2360 4169
18477 4 2 1 1 2735 3868 3231 4126
18478 4 2 1 1 4458 160 159 1116
18479 4 2 1 1 598 584 738 3826
18480 4 2 1 1 433 2861 502 4375
18481 4 2 1 1 2921 2606 3980 2134
18482 4 2 1 1 2921 2606 2134 2264
18483 4 2 1 1 2082 3804 3320 4030
18484 4 2 1 1 1724 1583 1568 3701
18485 4 2 1 1 1302 4162 1304 3760
18486 4 2 1 1 1604 1598 1725 3856
18487 4 2 1 1 963 948 1104 3700
18488 4 2 1 1 552 553 551 3273
18489 4 2 1 1 1777 3342 1997 4351
18490 4 2 1 1 2804 4046 2352 4204
18491 4 2 1 1 2306 3517 3004 4174
18492 4 2 1 1 3218 4060 2426 4130
18493 4 2 1 1 2789 3351 3333 4295
18494 4 2 1 1 1891 3177 2042 3761
18495 4 2 1 1 2919 2605 3984 2133
18496 4 2 1 1 2919 2605 2133 2266
18497 4 2 1 1 2416 3495 2755 2075
18498 4 2 1 1 2497 3595 3274 3661
18499 4 2 1 1 708 738 722 3148
18500 4 2 1 1 3229 4156 2605 4196
18501 4 2 1 1 3227 4155 2607 4195
18502 4 2 1 1 3228 4154 2606 4194
18503 4 2 1 1 3076 2409 3916 4391
18504 4 2 1 1 2234 3703 3186 3961
18505 4 2 1 1 2208 3084 3425 3903
18506 4 2 1 1 3022 3961 2467 4294
18507 4 2 1 1 1986 3876 1985 1931
18508 4 2 1 1 2557 2335 3132 4158
18509 4 2 1 1 2555 2333 2175 4110
18510 4 2 1 1 1321 1324 1361 4282
18511 4 2 1 1 367 459 382 4067
18512 4 2 1 1 2145 3345 3292 4087
18513 4 2 1 1 1371 4425 172 4509
18514 4 2 1 1 751 4424 76 4510
18515 4 2 1 1 4530 213 439 4327
18516 4 2 1 1 560 4276 2972 4334
18517 4 2 1 1 4113 2541 1006 1007
18518 4 2 1 1 850 849 848 3508
18519 4 2 1 1 228 230 229 3510
18520 4 2 1 1 1470 1469 1468 3509
18521 4 2 1 1 1397 1271 1141 3184
18522 4 2 1 1 2181 3121 4315 4323
18523 4 2 1 1 2487 4315 3121 4323
18524 4 2 1 1 749 820 819 3774
18525 4 2 1 1 2080 3263 3529 3952
18526 4 2 1 1 1317 3236 1382 1318
18527 4 2 1 1 1161 1162 3565 1163
18528 4 2 1 1 2211 3436 2990 4240
18529 4 2 1 1 4113 1006 2541 3838
18530 4 2 1 1 718 631 712 4349
18531 4 2 1 1 4009 2565 2296 2499
18532 4 2 1 1 2943 3732 2242 3862
18533 4 2 1 1 2944 3733 2243 3861
18534 4 2 1 1 2945 3734 2244 3860
18535 4 2 1 1 1822 2054 1915 3185
18536 4 2 1 1 4076 2457 2546 2142
18537 4 2 1 1 641 642 622 3961
18538 4 2 1 1 2147 2784 4071 4261
18539 4 2 1 1 2148 2785 4070 4260
18540 4 2 1 1 2146 2783 4072 4259
18541 4 2 1 1 1099 829 997 3865
18542 4 2 1 1 1251 1332 1338 4343
18543 4 2 1 1 3207 3558 2371 3393
18544 4 2 1 1 2429 3911 2228 3983
18545 4 2 1 1 397 3587 299 4316
18546 4 2 1 1 3512 3565 2279 3844
18547 4 2 1 1 2352 4046 3736 4204
18548 4 2 1 1 1617 4538 1448 2639
18549 4 2 1 1 3082 2253 3774 4159
18550 4 2 1 1 2340 3095 3842 4189
18551 4 2 1 1 2422 2956 3893 4229
18552 4 2 1 1 2066 3504 3487 4312
18553 4 2 1 1 4434 23 223 4220
18554 4 2 1 1 4435 151 842 4221
18555 4 2 1 1 222 71 4436 4222
18556 4 2 1 1 1159 1160 1158 3161
18557 4 2 1 1 496 434 363 4091
18558 4 2 1 1 404 427 425 4387
18559 4 2 1 1 1045 1024 1047 4386
18560 4 2 1 1 1644 1667 1665 4385
18561 4 2 1 1 935 1036 1035 3527
18562 4 2 1 1 3219 3894 2767 2509
18563 4 2 1 1 2755 3495 4320 2075
18564 4 2 1 1 2128 3444 3344 4331
18565 4 2 1 1 2419 3948 3411 4313
18566 4 2 1 1 987 4045 891 4188
18567 4 2 1 1 4184 3989 2633 2215
18568 4 2 1 1 379 3296 4119 4380
18569 4 2 1 1 2730 3763 3404 4198
18570 4 2 1 1 2355 3569 4233 4259
18571 4 2 1 1 2354 3568 4235 4260
18572 4 2 1 1 2353 3567 4234 4261
18573 4 2 1 1 1227 1356 1216 3067
18574 4 2 1 1 1977 1854 3685 4224
18575 4 2 1 1 410 429 401 3534
18576 4 2 1 1 2914 3895 2339 4201
18577 4 2 1 1 2790 3819 2399 4108
18578 4 2 1 1 1403 4479 3992 1437
18579 4 2 1 1 1049 1021 1030 3533
18580 4 2 1 1 1669 1641 1650 3532
18581 4 2 1 1 1909 1908 1910 3000
18582 4 2 1 1 1656 1555 1706 3974
18583 4 2 1 1 3094 3722 1884 4297
18584 4 2 1 1 2406 4345 3343 4398
18585 4 2 1 1 1536 3326 1535 4389
18586 4 2 1 1 295 296 3327 4390
18587 4 2 1 1 1528 1638 1668 3642
18588 4 2 1 1 2808 4196 2133 2605
18589 4 2 1 1 1574 4385 2856 3451
18590 4 2 1 1 334 4387 2857 3449
18591 4 2 1 1 954 4386 2855 3450
18592 4 2 1 1 908 1018 1048 3641
18593 4 2 1 1 2885 2111 2522 4326
18594 4 2 1 1 2262 2903 3817 4147
18595 4 2 1 1 2263 2904 3818 4146
18596 4 2 1 1 2261 2905 3816 4145
18597 4 2 1 1 2147 2784 3906 2507
18598 4 2 1 1 2148 2785 3907 2506
18599 4 2 1 1 2146 2783 3905 3976
18600 4 2 1 1 1667 4340 3414 4385
18601 4 2 1 1 1047 4341 3415 4386
18602 4 2 1 1 427 4342 3416 4387
18603 4 2 1 1 374 375 372 3296
18604 4 2 1 1 873 878 872 4083
18605 4 2 1 1 1492 1493 1498 4085
18606 4 2 1 1 252 253 258 4084
18607 4 2 1 1 277 3821 283 2981
18608 4 2 1 1 903 897 3822 2980
18609 4 2 1 1 2098 3730 3438 4210
18610 4 2 1 1 1156 1158 1277 3575
18611 4 2 1 1 2322 3572 3066 4086
18612 4 2 1 1 3525 3786 2918 4144
18613 4 2 1 1 3526 3785 2916 4143
18614 4 2 1 1 379 3296 375 4119
18615 4 2 1 1 2231 3345 3788 3945
18616 4 2 1 1 4295 3262 2477 3890
18617 4 2 1 1 965 4173 1078 3926
18618 4 2 1 1 3233 3310 2776 3856
18619 4 2 1 1 777 651 520 3186
18620 4 2 1 1 1804 1795 1945 3683
18621 4 2 1 1 392 395 431 3387
18622 4 2 1 1 1635 1671 1632 3388
18623 4 2 1 1 1051 1012 1015 3386
18624 4 2 1 1 2273 3527 3507 4183
18625 4 2 1 1 995 992 994 3302
18626 4 2 1 1 2133 4196 2808 2857
18627 4 2 1 1 343 328 484 3695
18628 4 2 1 1 2809 4194 2134 2606
18629 4 2 1 1 4551 756 101 4419
18630 4 2 1 1 4418 4547 2619 1150
18631 4 2 1 1 1614 1615 1612 3303
18632 4 2 1 1 2134 4194 2809 2856
18633 4 2 1 1 3619 3964 2963 4206
18634 4 2 1 1 2608 2368 3620 2463
18635 4 2 1 1 2905 3717 3580 4145
18636 4 2 1 1 2904 3718 3581 4146
18637 4 2 1 1 2155 2894 3909 3949
18638 4 2 1 1 1851 1946 1896 3526
18639 4 2 1 1 706 656 611 3525
18640 4 2 1 1 258 280 417 3408
18641 4 2 1 1 1498 1520 1657 3407
18642 4 2 1 1 1037 878 900 3406
18643 4 2 1 1 1907 1905 3950 4253
18644 4 2 1 1 1936 1999 1937 3865
18645 4 2 1 1 1307 3989 4120 4399
18646 4 2 1 1 3519 4278 2127 4321
18647 4 2 1 1 1574 4385 3451 1576
18648 4 2 1 1 954 4386 3450 956
18649 4 2 1 1 334 4387 3449 336
18650 4 2 1 1 696 759 697 3863
18651 4 2 1 1 2490 3971 3281 4053
18652 4 2 1 1 747 3612 87 533
18653 4 2 1 1 3637 1152 183 1367
18654 4 2 1 1 3645 221 39 4512
18655 4 2 1 1 2488 3970 3282 4052
18656 4 2 1 1 2045 4504 1996 3098
18657 4 2 1 1 2525 3894 3599 4223
18658 4 2 1 1 1010 854 902 3138
18659 4 2 1 1 1522 1630 1474 3139
18660 4 2 1 1 282 390 234 3140
18661 4 2 1 1 2533 2111 2885 4326
18662 4 2 1 1 2126 4010 3745 4197
18663 4 2 1 1 4076 2457 2142 2381
18664 4 2 1 1 2074 3155 3655 4180
18665 4 2 1 1 1086 1083 1036 3507
18666 4 2 1 1 1302 1304 4162 1305
18667 4 2 1 1 1555 1535 1536 3326
18668 4 2 1 1 315 295 296 3327
18669 4 2 1 1 3489 3698 2577 3937
18670 4 2 1 1 2810 4195 2135 2607
18671 4 2 1 1 1675 1466 1465 4221
18672 4 2 1 1 435 226 225 4222
18673 4 2 1 1 846 845 1055 4220
18674 4 2 1 1 350 349 348 4147
18675 4 2 1 1 1589 1588 1590 4146
18676 4 2 1 1 969 968 970 4145
18677 4 2 1 1 2706 2433 3297 2298
18678 4 2 1 1 262 272 3095 4393
18679 4 2 1 1 2339 3153 2724 4201
18680 4 2 1 1 3347 3770 3769 3925
18681 4 2 1 1 321 406 325 3260
18682 4 2 1 1 941 1026 945 3258
18683 4 2 1 1 1561 1646 1565 3259
18684 4 2 1 1 2101 2383 2789 4166
18685 4 2 1 1 1185 1177 1184 3469
18686 4 2 1 1 2354 4235 3046 4260
18687 4 2 1 1 2353 4234 3047 4261
18688 4 2 1 1 2355 4233 3045 4259
18689 4 2 1 1 2136 3870 2888 4035
18690 4 2 1 1 2040 2605 3229 4156
18691 4 2 1 1 1420 2606 3228 4154
18692 4 2 1 1 800 2607 3227 4155
18693 4 2 1 1 2135 4195 2810 2855
18694 4 2 1 1 1113 1075 1061 3390
18695 4 2 1 1 2248 3999 2923 4339
18696 4 2 1 1 2894 4212 3448 4271
18697 4 2 1 1 2071 4093 3044 4335
18698 4 2 1 1 2433 4020 3237 2723
18699 4 2 1 1 1509 1510 3545 4366
18700 4 2 1 1 890 3546 889 4365
18701 4 2 1 1 270 3547 269 4367
18702 4 2 1 1 2098 2706 3438 4307
18703 4 2 1 1 2990 4240 2311 4344
18704 4 2 1 1 2346 3745 3044 4335
18705 4 2 1 1 1447 4509 3228 4459
18706 4 2 1 1 826 4510 3227 4460
18707 4 2 1 1 439 4461 3229 206
18708 4 2 1 1 1341 3618 3935 4219
18709 4 2 1 1 391 394 267 4047
18710 4 2 1 1 1507 1631 1634 4048
18711 4 2 1 1 1014 887 1011 4049
18712 4 2 1 1 1871 1955 1960 3617
18713 4 2 1 1 1184 1177 1175 3653
18714 4 2 1 1 1929 4176 2009 3777
18715 4 2 1 1 2360 3787 3033 3235
18716 4 2 1 1 2645 3241 3123 4281
18717 4 2 1 1 3302 4182 999 4229
18718 4 2 1 1 645 3774 643 4015
18719 4 2 1 1 696 4000 620 4245
18720 4 2 1 1 2389 3261 3137 4350
18721 4 2 1 1 1241 1252 1272 3230
18722 4 2 1 1 519 808 754 3256
18723 4 2 1 1 3313 3441 2968 2884
18724 4 2 1 1 1317 1316 1379 3884
18725 4 2 1 1 286 426 297 3521
18726 4 2 1 1 1323 1195 1168 3373
18727 4 2 1 1 3434 2862 1213 4187
18728 4 2 1 1 703 793 575 3316
18729 4 2 1 1 1876 1858 1967 4286
18730 4 2 1 1 2808 3794 2484 4357
18731 4 2 1 1 2809 3795 2485 4358
18732 4 2 1 1 2810 3796 2486 4359
18733 4 2 1 1 1238 1352 1256 4284
18734 4 2 1 1 416 315 466 3958
18735 4 2 1 1 3289 3606 2778 3854
18736 4 2 1 1 700 546 575 3638
18737 4 2 1 1 1706 1703 1656 3390
18738 4 2 1 1 1218 3153 1358 1328
18739 4 2 1 1 1182 1188 1183 3868
18740 4 2 1 1 1535 1655 1658 4217
18741 4 2 1 1 415 418 295 4218
18742 4 2 1 1 1331 1234 3895 4201
18743 4 2 1 1 2061 3564 2308 4090
18744 4 2 1 1 2091 3740 3853 4105
18745 4 2 1 1 618 732 636 4283
18746 4 2 1 1 4473 791 3475 746
18747 4 2 1 1 463 3958 466 3385
18748 4 2 1 1 3708 3783 2381 4296
18749 4 2 1 1 448 490 326 3813
18750 4 2 1 1 1566 1688 1730 3814
18751 4 2 1 1 946 1068 1110 3815
18752 4 2 1 1 3247 3558 2371 3973
18753 4 2 1 1 1619 3303 1615 4181
18754 4 2 1 1 4330 2214 3934 3011
18755 4 2 1 1 2473 2999 2998 3564
18756 4 2 1 1 999 3302 995 4182
18757 4 2 1 1 2328 3274 3181 4027
18758 4 2 1 1 1956 1816 1969 3973
18759 4 2 1 1 1783 3879 1817 4310
18760 4 2 1 1 47 48 496 4495
18761 4 2 1 1 2633 2871 4094 4311
18762 4 2 1 1 1249 1259 1260 3935
18763 4 2 1 1 652 621 632 3222
18764 4 2 1 1 4423 1990 1766 27
18765 4 2 1 1 526 4483 75 4424
18766 4 2 1 1 1146 4484 171 4425
18767 4 2 1 1 816 768 750 3733
18768 4 2 1 1 1370 1436 1388 3732
18769 4 2 1 1 1990 2056 2008 3734
18770 4 2 1 1 2695 2569 2307 4381
18771 4 2 1 1 746 745 691 3475
18772 4 2 1 1 1133 4515 4438 3623
18773 4 2 1 1 513 4516 4437 3624
18774 4 2 1 1 1752 4552 1992 32
18775 4 2 1 1 4457 127 128 763
18776 4 2 1 1 3400 4192 2524 4266
18777 4 2 1 1 3401 4191 2523 4267
18778 4 2 1 1 841 1058 1122 3612
18779 4 2 1 1 2125 3938 3542 4018
18780 4 2 1 1 3434 3559 2245 4282
18781 4 2 1 1 1305 1309 1310 4162
18782 4 2 1 1 263 382 273 3842
18783 4 2 1 1 371 369 370 3570
18784 4 2 1 1 4330 3934 2214 2637
18785 4 2 1 1 2348 3512 3737 3954
18786 4 2 1 1 2446 3737 3512 3954
18787 4 2 1 1 4117 4335 2842 4093
18788 4 2 1 1 1871 1875 1958 3736
18789 4 2 1 1 1251 1255 1336 3727
18790 4 2 1 1 2520 3708 4106 4296
18791 4 2 1 1 1946 1938 2002 3478
18792 4 2 1 1 698 762 706 3479
18793 4 2 1 1 1500 1501 1517 4193
18794 4 2 1 1 2147 2784 2507 4071
18795 4 2 1 1 2148 2785 2506 4070
18796 4 2 1 1 2146 2783 3976 4072
18797 4 2 1 1 2480 2066 3890 3504
18798 4 2 1 1 4538 131 132 521
18799 4 2 1 1 635 716 631 3728
18800 4 2 1 1 2021 3000 1911 3481
18801 4 2 1 1 1555 3974 3326 2866
18802 4 2 1 1 621 608 3222 4171
18803 4 2 1 1 4042 3990 2958 2660
18804 4 2 1 1 1234 3895 4201 4383
18805 4 2 1 1 2245 3559 4199 4282
18806 4 2 1 1 3650 4156 2605 4286
18807 4 2 1 1 375 3177 495 4119
18808 4 2 1 1 3651 4154 2606 4284
18809 4 2 1 1 753 771 4472 3484
18810 4 2 1 1 3652 4155 2607 4283
18811 4 2 1 1 3843 4137 2528 4335
18812 4 2 1 1 3534 3766 2489 4377
18813 4 2 1 1 4427 126 767 522
18814 4 2 1 1 207 4200 46 472
18815 4 2 1 1 2982 2111 2533 4326
18816 4 2 1 1 827 4426 158 1092
18817 4 2 1 1 1207 1213 2862 4187
18818 4 2 1 1 3077 4042 2329 4255
18819 4 2 1 1 4543 33 34 507
18820 4 2 1 1 2188 3694 3467 3891
18821 4 2 1 1 2471 3720 2994 3924
18822 4 2 1 1 2472 3719 2995 3923
18823 4 2 1 1 1986 3876 1931 3484
18824 4 2 1 1 2215 3397 3002 4230
18825 4 2 1 1 2304 3851 3355 4170
18826 4 2 1 1 715 737 642 3703
18827 4 2 1 1 1040 1041 937 3417
18828 4 2 1 1 1911 3000 1909 1910
18829 4 2 1 1 479 209 377 3884
18830 4 2 1 1 3768 1263 1136 1440
18831 4 2 1 1 990 3628 988 3953
18832 4 2 1 1 4339 4252 2248 4230
18833 4 2 1 1 2103 3978 3125 4299
18834 4 2 1 1 1557 1661 1704 3528
18835 4 2 1 1 2863 2360 3787 4169
18836 4 2 1 1 2182 3534 4207 4377
18837 4 2 1 1 3288 3707 2324 3843
18838 4 2 1 1 1888 2001 1889 3616
18839 4 2 1 1 3363 3776 2379 4334
18840 4 2 1 1 3768 1136 1263 3217
18841 4 2 1 1 3177 1760 2017 36
18842 4 2 1 1 4244 4179 3321 2609
18843 4 2 1 1 3399 2171 2551 4100
18844 4 2 1 1 3321 4179 4244 2464
18845 4 2 1 1 4293 1347 1188 1210
18846 4 2 1 1 3237 2323 3684 4129
18847 4 2 1 1 2151 3339 3658 4057
18848 4 2 1 1 1115 995 3186 4182
18849 4 2 1 1 4387 3060 2412 3985
18850 4 2 1 1 4386 3059 2411 3987
18851 4 2 1 1 4385 3058 2410 3986
18852 4 2 1 1 3489 3698 3119 4398
18853 4 2 1 1 2416 3824 3495 2075
18854 4 2 1 1 1252 1336 1395 3727
18855 4 2 1 1 988 987 986 4188
18856 4 2 1 1 623 3977 2922 4353
18857 4 2 1 1 1204 1194 1234 4383
18858 4 2 1 1 1306 3760 1301 1304
18859 4 2 1 1 2456 2521 3780 4197
18860 4 2 1 1 716 775 632 3728
18861 4 2 1 1 288 398 428 3626
18862 4 2 1 1 1243 3980 2921 4356
18863 4 2 1 1 502 221 438 3645
18864 4 2 1 1 2767 2415 3219 3880
18865 4 2 1 1 1863 3984 2919 4360
18866 4 2 1 1 2420 3793 3296 4380
18867 4 2 1 1 82 81 4519 654
18868 4 2 1 1 513 4519 81 654
18869 4 2 1 1 1133 4520 177 1274
18870 4 2 1 1 507 33 201 4439
18871 4 2 1 1 1166 1168 1195 4277
18872 4 2 1 1 995 1119 1115 3186
18873 4 2 1 1 2493 2240 2901 4370
18874 4 2 1 1 4336 4153 4118 2070
18875 4 2 1 1 2164 3702 3206 4319
18876 4 2 1 1 2305 3810 3111 4248
18877 4 2 1 1 2946 3672 2413 4363
18878 4 2 1 1 1165 1167 1166 3635
18879 4 2 1 1 2972 4276 2737 4334
18880 4 2 1 1 2270 4073 2927 4318
18881 4 2 1 1 3181 3274 2693 4027
18882 4 2 1 1 1346 2903 3817 4384
18883 4 2 1 1 1735 1615 3184 4181
18884 4 2 1 1 3365 2405 3950 4253
18885 4 2 1 1 2347 3801 3853 4105
18886 4 2 1 1 2165 3833 3205 4317
18887 4 2 1 1 3347 3769 2631 3925
18888 4 2 1 1 3210 2460 2461 4265
18889 4 2 1 1 708 722 628 4225
18890 4 2 1 1 1267 1266 1268 3472
18891 4 2 1 1 220 4499 54 477
18892 4 2 1 1 840 4500 166 1097
18893 4 2 1 1 4501 535 529 134
18894 4 2 1 1 2990 2211 3656 4162
18895 4 2 1 1 935 3527 3744 4183
18896 4 2 1 1 2369 3692 3667 4179
18897 4 2 1 1 2369 3684 3237 4064
18898 4 2 1 1 3092 3900 2994 4079
18899 4 2 1 1 993 990 988 3953
18900 4 2 1 1 2322 3122 3730 4016
18901 4 2 1 1 1929 1925 1922 3165
18902 4 2 1 1 716 635 775 3728
18903 4 2 1 1 2527 3197 3946 4202
18904 4 2 1 1 2648 3661 3049 4331
18905 4 2 1 1 1435 3426 1327 4219
18906 4 2 1 1 373 370 368 3919
18907 4 2 1 1 1461 1678 1742 3637
18908 4 2 1 1 2071 2987 3843 4137
18909 4 2 1 1 513 4516 3624 752
18910 4 2 1 1 1133 4515 3623 1372
18911 4 2 1 1 201 4552 32 470
18912 4 2 1 1 1282 1283 1284 4339
18913 4 2 1 1 1026 918 942 2691
18914 4 2 1 1 1562 1646 1538 2690
18915 4 2 1 1 322 406 298 2689
18916 4 2 1 1 2470 3834 2996 3944
18917 4 2 1 1 3240 4073 2270 4287
18918 4 2 1 1 1267 1268 1269 3472
18919 4 2 1 1 1872 1958 2015 3736
18920 4 2 1 1 2065 2746 3723 3846
18921 4 2 1 1 1511 1503 1502 4042
18922 4 2 1 1 1841 1970 1870 4297
18923 4 2 1 1 4293 1188 1347 3868
18924 4 2 1 1 23 843 845 4220
18925 4 2 1 1 1465 151 1462 4221
18926 4 2 1 1 71 222 225 4222
18927 4 2 1 1 4381 2380 2569 3364
18928 4 2 1 1 1752 4552 32 4439
18929 4 2 1 1 513 4516 752 80
18930 4 2 1 1 1133 4515 1372 176
18931 4 2 1 1 1735 1615 1739 3184
18932 4 2 1 1 4422 1450 1720 67
18933 4 2 1 1 210 4421 480 3838
18934 4 2 1 1 831 4420 1100 3836
18935 4 2 1 1 3846 2295 2788 2462
18936 4 2 1 1 501 502 4375 376
18937 4 2 1 1 891 883 882 4045
18938 4 2 1 1 177 178 1274 4520
18939 4 2 1 1 1890 1879 2053 3660
18940 4 2 1 1 102 103 748 4525
18941 4 2 1 1 119 118 787 4553
18942 4 2 1 1 496 363 4495 4091
18943 4 2 1 1 2600 3879 2822 4249
18944 4 2 1 1 1428 4504 1374 1139
18945 4 2 1 1 681 684 686 3403
18946 4 2 1 1 2058 1889 2011 3538
18947 4 2 1 1 2102 2564 4036 4269
18948 4 2 1 1 1654 1495 1487 4326
18949 4 2 1 1 3303 2801 2235 4181
18950 4 2 1 1 2370 3824 3010 4364
18951 4 2 1 1 2671 3571 3065 2987
18952 4 2 1 1 2061 2999 2346 3564
18953 4 2 1 1 2954 3729 2448 3978
18954 4 2 1 1 680 3245 679 4379
18955 4 2 1 1 3661 3775 2648 4015
18956 4 2 1 1 3065 3571 2324 2987
18957 4 2 1 1 2464 3948 3684 4244
18958 4 2 1 1 3165 3777 2375 4176
18959 4 2 1 1 511 815 780 3439
18960 4 2 1 1 372 3296 379 4380
18961 4 2 1 1 2414 3889 3334 4320
18962 4 2 1 1 2382 3558 3159 4177
18963 4 2 1 1 1284 3615 1286 4339
18964 4 2 1 1 2752 3629 3476 4346
18965 4 2 1 1 1168 1166 1167 4205
18966 4 2 1 1 3192 3605 2222 3805
18967 4 2 1 1 3190 3604 2221 3807
18968 4 2 1 1 3191 3603 2220 3806
18969 4 2 1 1 2334 2862 3434 4187
18970 4 2 1 1 497 339 461 3860
18971 4 2 1 1 1737 1579 1701 3862
18972 4 2 1 1 959 1081 1117 3861
18973 4 2 1 1 397 299 3587 411
18974 4 2 1 1 556 560 561 4276
18975 4 2 1 1 3081 4045 2330 4188
18976 4 2 1 1 4381 2569 2380 3469
18977 4 2 1 1 2621 3722 3537 4297
18978 4 2 1 1 334 4387 336 404
18979 4 2 1 1 1574 4385 1576 1644
18980 4 2 1 1 954 4386 956 1024
18981 4 2 1 1 848 849 847 4371
18982 4 2 1 1 229 227 228 4372
18983 4 2 1 1 1468 1469 1467 4373
18984 4 2 1 1 3338 3599 2233 2584
18985 4 2 1 1 4421 480 3838 4113
18986 4 2 1 1 449 4422 3837 4112
18987 4 2 1 1 4420 1100 3836 4111
18988 4 2 1 1 2110 3572 2967 4086
18989 4 2 1 1 499 495 375 3177
18990 4 2 1 1 4521 198 199 1407
18991 4 2 1 1 2720 3320 3804 4030
18992 4 2 1 1 1126 1078 943 4173
18993 4 2 1 1 2234 3022 3703 3961
18994 4 2 1 1 2345 2763 3542 4336
18995 4 2 1 1 4109 2716 3173 2568
18996 4 2 1 1 2388 4037 2893 3483
18997 4 2 1 1 2233 3599 3275 4223
18998 4 2 1 1 3964 3659 3619 2963
18999 4 2 1 1 3279 3573 2225 4351
19000 4 2 1 1 2983 2330 4116 4188
19001 4 2 1 1 3656 4240 2990 4344
19002 4 2 1 1 4109 3173 2716 2150
19003 4 2 1 1 84 85 777 3186
19004 4 2 1 1 875 880 874 4061
19005 4 2 1 1 3895 1224 1330 3594
19006 4 2 1 1 2107 3312 3688 2962
19007 4 2 1 1 1295 1415 1202 3496
19008 4 2 1 1 1976 2814 1807 1799
19009 4 2 1 1 1302 1389 1309 2990
19010 4 2 1 1 281 279 293 3212
19011 4 2 1 1 1519 1533 1521 3211
19012 4 2 1 1 913 901 899 3213
19013 4 2 1 1 2869 2251 2072 2398
19014 4 2 1 1 2521 3203 3780 4197
19015 4 2 1 1 1066 1115 1119 3186
19016 4 2 1 1 3747 3787 2360 3235
19017 4 2 1 1 2675 3787 3747 3235
19018 4 2 1 1 3165 4176 2757 4258
19019 4 2 1 1 460 3928 314 4218
19020 4 2 1 1 1700 3929 1554 4217
19021 4 2 1 1 520 3700 83 4493
19022 4 2 1 1 1141 3701 179 4492
19023 4 2 1 1 3895 1330 1224 1331
19024 4 2 1 1 1301 1362 1300 3455
19025 4 2 1 1 2384 3763 3544 4198
19026 4 2 1 1 4516 4464 3624 752
19027 4 2 1 1 773 4517 522 125
19028 4 2 1 1 2311 3916 3436 4202
19029 4 2 1 1 4464 1090 960 79
19030 4 2 1 1 2372 2559 3554 3145
19031 4 2 1 1 2406 3457 3489 4398
19032 4 2 1 1 2337 3020 3790 4290
19033 4 2 1 1 2338 3021 3792 4291
19034 4 2 1 1 2336 3019 3791 4289
19035 4 2 1 1 723 585 586 3671
19036 4 2 1 1 992 3302 999 4229
19037 4 2 1 1 2007 2003 159 4143
19038 4 2 1 1 767 763 127 4144
19039 4 2 1 1 2991 2141 2702 3991
19040 4 2 1 1 1428 4120 3098 4399
19041 4 2 1 1 206 503 4156 4196
19042 4 2 1 1 826 1123 4155 4195
19043 4 2 1 1 1447 1743 4154 4194
19044 4 2 1 1 1501 4100 3050 4193
19045 4 2 1 1 2112 3441 3746 3910
19046 4 2 1 1 1906 1904 3365 3872
19047 4 2 1 1 2372 2559 3145 3643
19048 4 2 1 1 333 2857 3449 334
19049 4 2 1 1 524 4513 788 108
19050 4 2 1 1 4533 523 92 4442
19051 4 2 1 1 1907 3950 2936 4253
19052 4 2 1 1 2633 4094 3654 4311
19053 4 2 1 1 2149 3654 4094 4311
19054 4 2 1 1 3358 3548 2275 4343
19055 4 2 1 1 2364 3808 3389 4190
19056 4 2 1 1 720 614 711 3372
19057 4 2 1 1 1123 3652 4155 4195
19058 4 2 1 1 1743 3651 4154 4194
19059 4 2 1 1 503 3650 4156 4196
19060 4 2 1 1 2318 3608 3092 4275
19061 4 2 1 1 2355 3965 2948 4049
19062 4 2 1 1 2353 3966 2950 4048
19063 4 2 1 1 2354 3967 2949 4047
19064 4 2 1 1 428 410 304 3143
19065 4 2 1 1 3363 3549 2274 4349
19066 4 2 1 1 1870 1884 3722 4297
19067 4 2 1 1 2983 3628 2225 3953
19068 4 2 1 1 333 2857 334 320
19069 4 2 1 1 181 180 3184 1397
19070 4 2 1 1 378 3884 50 479
19071 4 2 1 1 2209 3689 3649 4184
19072 4 2 1 1 3649 3689 2535 4184
19073 4 2 1 1 2994 3924 3720 4304
19074 4 2 1 1 2995 3923 3719 4305
19075 4 2 1 1 2317 3610 3091 4279
19076 4 2 1 1 2347 3801 3022 3853
19077 4 2 1 1 1686 1735 1739 3184
19078 4 2 1 1 2319 3611 3090 4280
19079 4 2 1 1 1229 1341 1327 4219
19080 4 2 1 1 1978 1951 1950 3731
19081 4 2 1 1 1768 1995 1777 3342
19082 4 2 1 1 2137 3955 2886 4033
19083 4 2 1 1 2746 4014 3682 2755
19084 4 2 1 1 1669 1650 1525 3532
19085 4 2 1 1 1030 905 1049 3533
19086 4 2 1 1 1341 3618 1249 3935
19087 4 2 1 1 529 755 537 3341
19088 4 2 1 1 644 645 643 4015
19089 4 2 1 1 410 285 429 3534
19090 4 2 1 1 1428 4504 1139 4399
19091 4 2 1 1 3205 3833 2372 4317
19092 4 2 1 1 823 1111 1085 2952
19093 4 2 1 1 1442 1731 1705 2951
19094 4 2 1 1 491 465 203 2953
19095 4 2 1 1 1375 1157 1148 3340
19096 4 2 1 1 1574 4385 1644 2856
19097 4 2 1 1 954 4386 1024 2855
19098 4 2 1 1 334 4387 404 2857
19099 4 2 1 1 3247 3683 2697 2121
19100 4 2 1 1 379 372 375 3296
19101 4 2 1 1 3455 4332 3760 3531
19102 4 2 1 1 36 37 3177 446
19103 4 2 1 1 2137 3955 3133 4254
19104 4 2 1 1 209 51 52 4498
19105 4 2 1 1 2568 3550 3394 2260
19106 4 2 1 1 918 912 931 4149
19107 4 2 1 1 1532 1551 1538 4150
19108 4 2 1 1 292 311 298 4151
19109 4 2 1 1 2079 3029 4043 4287
19110 4 2 1 1 634 611 656 3525
19111 4 2 1 1 1896 1874 1851 3526
19112 4 2 1 1 2206 3062 3634 3657
19113 4 2 1 1 915 901 916 3744
19114 4 2 1 1 2125 3880 2767 3920
19115 4 2 1 1 3654 4094 2633 4184
19116 4 2 1 1 641 651 642 3961
19117 4 2 1 1 175 176 1372 4515
19118 4 2 1 1 3237 3748 2369 4064
19119 4 2 1 1 806 4514 4450 3426
19120 4 2 1 1 1048 1030 924 3145
19121 4 2 1 1 1668 1650 1544 3146
19122 4 2 1 1 1174 1179 1178 3675
19123 4 2 1 1 953 2855 3450 954
19124 4 2 1 1 953 2855 954 940
19125 4 2 1 1 1573 2856 3451 1574
19126 4 2 1 1 1615 1619 1612 3303
19127 4 2 1 1 3159 3677 2382 4177
19128 4 2 1 1 999 992 995 3302
19129 4 2 1 1 499 446 495 3177
19130 4 2 1 1 1877 1849 1947 3397
19131 4 2 1 1 1928 1911 1927 3481
19132 4 2 1 1 3202 4199 3559 4282
19133 4 2 1 1 2204 3441 3313 2884
19134 4 2 1 1 2382 3683 3247 2121
19135 4 2 1 1 3879 4310 2363 4394
19136 4 2 1 1 1279 1280 1278 4168
19137 4 2 1 1 2061 2998 3564 2298
19138 4 2 1 1 1429 1305 1425 4162
19139 4 2 1 1 79 80 752 4516
19140 4 2 1 1 1609 1607 1608 3968
19141 4 2 1 1 3513 3709 2558 4131
19142 4 2 1 1 4117 4335 4093 2071
19143 4 2 1 1 2058 1889 3538 3616
19144 4 2 1 1 3886 844 1078 2878
19145 4 2 1 1 4432 4541 3926 440
19146 4 2 1 1 462 4486 468 2878
19147 4 2 1 1 396 303 290 4140
19148 4 2 1 1 1636 1543 1530 4141
19149 4 2 1 1 1016 923 910 4139
19150 4 2 1 1 1699 1607 1609 3968
19151 4 2 1 1 2858 3293 2277 3762
19152 4 2 1 1 2525 4223 3599 2584
19153 4 2 1 1 2713 3544 2425 3763
19154 4 2 1 1 4440 1144 188 1408
19155 4 2 1 1 1763 4533 92 4442
19156 4 2 1 1 524 4513 108 4441
19157 4 2 1 1 1705 1562 1584 3429
19158 4 2 1 1 1085 942 964 3428
19159 4 2 1 1 465 322 344 3427
19160 4 2 1 1 3123 2307 3674 4281
19161 4 2 1 1 3207 3848 3558 3393
19162 4 2 1 1 1281 1137 1280 3104
19163 4 2 1 1 3769 3770 2763 3925
19164 4 2 1 1 3544 3763 2102 4198
19165 4 2 1 1 2331 3697 3293 3762
19166 4 2 1 1 2339 3895 2973 4383
19167 4 2 1 1 2320 3850 3180 4019
19168 4 2 1 1 3389 3808 2612 4190
19169 4 2 1 1 3884 209 51 479
19170 4 2 1 1 696 4538 759 3863
19171 4 2 1 1 224 10 9 4432
19172 4 2 1 1 1037 900 1022 3406
19173 4 2 1 1 1642 1657 1520 3407
19174 4 2 1 1 402 417 280 3408
19175 4 2 1 1 2489 3688 2962 4377
19176 4 2 1 1 857 3944 859 4303
19177 4 2 1 1 3827 3396 2334 3133
19178 4 2 1 1 819 645 647 3908
19179 4 2 1 1 1313 1162 3630 4338
19180 4 2 1 1 2546 2142 3825 4076
19181 4 2 1 1 2224 3001 3570 3919
19182 4 2 1 1 2535 3689 3649 3777
19183 4 2 1 1 937 1041 1084 3417
19184 4 2 1 1 754 530 117 3256
19185 4 2 1 1 1573 2856 1574 1560
19186 4 2 1 1 4418 1374 197 1150
19187 4 2 1 1 884 1029 877 3892
19188 4 2 1 1 1785 1783 1817 4310
19189 4 2 1 1 1356 1310 1309 3656
19190 4 2 1 1 1941 1817 1944 4310
19191 4 2 1 1 3365 3872 2405 4253
19192 4 2 1 1 1649 1497 1504 3888
19193 4 2 1 1 3118 3621 2684 2509
19194 4 2 1 1 2710 2342 2842 4038
19195 4 2 1 1 2373 2560 3551 3146
19196 4 2 1 1 4471 1411 1366 186
19197 4 2 1 1 4473 791 746 106
19198 4 2 1 1 4472 2031 1986 90
19199 4 2 1 1 1613 1738 1684 4211
19200 4 2 1 1 2254 3334 3666 3778
19201 4 2 1 1 239 237 3924 4304
19202 4 2 1 1 1477 3923 1479 4305
19203 4 2 1 1 253 309 419 3766
19204 4 2 1 1 1039 873 929 3765
19205 4 2 1 1 1659 1493 1549 3764
19206 4 2 1 1 2138 2887 4034 4322
19207 4 2 1 1 2367 3438 2746 3846
19208 4 2 1 1 1235 1337 1353 2931
19209 4 2 1 1 2368 3975 3288 4028
19210 4 2 1 1 3355 3851 2901 4170
19211 4 2 1 1 4076 2457 2381 2829
19212 4 2 1 1 717 733 615 3776
19213 4 2 1 1 2389 3770 3347 3925
19214 4 2 1 1 1207 1190 1213 4187
19215 4 2 1 1 2549 4103 2847 4217
19216 4 2 1 1 2548 4104 2846 4218
19217 4 2 1 1 2443 2988 3744 2273
19218 4 2 1 1 2506 3597 2976 2217
19219 4 2 1 1 2507 3596 2977 2216
19220 4 2 1 1 2508 3598 2978 2218
19221 4 2 1 1 2373 2560 3146 3633
19222 4 2 1 1 32 31 470 4552
19223 4 2 1 1 582 674 786 4318
19224 4 2 1 1 2314 4212 3333 4271
19225 4 2 1 1 3426 1430 1131 1327
19226 4 2 1 1 3400 4099 2553 4101
19227 4 2 1 1 2271 3326 3974 2866
19228 4 2 1 1 806 4514 3426 514
19229 4 2 1 1 345 3007 323 3875
19230 4 2 1 1 1133 4515 176 4438
19231 4 2 1 1 513 4516 80 4437
19232 4 2 1 1 201 4552 470 3622
19233 4 2 1 1 848 847 846 4371
19234 4 2 1 1 228 227 226 4372
19235 4 2 1 1 1468 1467 1466 4373
19236 4 2 1 1 3462 3790 3020 4290
19237 4 2 1 1 3464 3792 3021 4291
19238 4 2 1 1 3463 3791 3019 4289
19239 4 2 1 1 468 345 458 3875
19240 4 2 1 1 3134 3779 2096 3018
19241 4 2 1 1 989 990 991 3628
19242 4 2 1 1 399 2489 3019 4275
19243 4 2 1 1 1847 1849 1877 3397
19244 4 2 1 1 1122 1121 996 3612
19245 4 2 1 1 2564 3155 3655 4269
19246 4 2 1 1 1019 3971 3021 4279
19247 4 2 1 1 1639 3970 3020 4280
19248 4 2 1 1 2880 3781 2436 4243
19249 4 2 1 1 2881 2139 2435 4242
19250 4 2 1 1 2882 2141 2434 4241
19251 4 2 1 1 2524 4099 3214 4192
19252 4 2 1 1 4447 688 789 3992
19253 4 2 1 1 4416 124 125 773
19254 4 2 1 1 1884 1883 1870 3722
19255 4 2 1 1 3123 3674 2391 2115
19256 4 2 1 1 987 1079 1002 4116
19257 4 2 1 1 1855 1956 1968 2915
19258 4 2 1 1 23 437 223 4220
19259 4 2 1 1 1057 842 151 4221
19260 4 2 1 1 71 1677 1463 4222
19261 4 2 1 1 669 666 668 3850
19262 4 2 1 1 2422 3893 3302 4229
19263 4 2 1 1 1389 1309 2990 4344
19264 4 2 1 1 1494 1495 1500 4193
19265 4 2 1 1 2637 4013 3255 4014
19266 4 2 1 1 3543 3825 2142 4076
19267 4 2 1 1 1494 1495 4193 4326
19268 4 2 1 1 3280 3534 2489 4207
19269 4 2 1 1 640 707 721 3274
19270 4 2 1 1 2323 3374 3684 3948
19271 4 2 1 1 906 1046 917 3501
19272 4 2 1 1 4417 45 44 478
19273 4 2 1 1 1899 3901 2004 4159
19274 4 2 1 1 639 629 630 3661
19275 4 2 1 1 3426 1430 1327 2793
19276 4 2 1 1 4444 531 103 748
19277 4 2 1 1 1407 4445 1404 199
19278 4 2 1 1 1952 3704 1880 4252
19279 4 2 1 1 2600 3573 3279 4249
19280 4 2 1 1 1526 1666 1537 3500
19281 4 2 1 1 2034 1893 2023 4399
19282 4 2 1 1 3120 3636 2364 4024
19283 4 2 1 1 1908 4246 3000 4253
19284 4 2 1 1 1234 1339 3895 4383
19285 4 2 1 1 2034 1759 2045 4399
19286 4 2 1 1 1273 1414 1258 3992
19287 4 2 1 1 2110 3066 3572 4086
19288 4 2 1 1 890 895 889 3546
19289 4 2 1 1 1509 1510 1515 3545
19290 4 2 1 1 275 269 270 3547
19291 4 2 1 1 378 361 471 4089
19292 4 2 1 1 1304 1305 1429 4162
19293 4 2 1 1 630 643 639 4015
19294 4 2 1 1 1829 1855 1968 2915
19295 4 2 1 1 3237 4020 2433 4064
19296 4 2 1 1 1926 3743 1921 4258
19297 4 2 1 1 1817 4310 3879 4394
19298 4 2 1 1 2384 2425 3544 3763
19299 4 2 1 1 1764 4526 187 4440
19300 4 2 1 1 4441 1373 1143 107
19301 4 2 1 1 4442 753 523 91
19302 4 2 1 1 2230 2887 3810 4322
19303 4 2 1 1 1526 1513 1527 3206
19304 4 2 1 1 1203 1204 1216 3759
19305 4 2 1 1 3495 3824 2404 4320
19306 4 2 1 1 2130 3631 3323 3914
19307 4 2 1 1 3825 2118 3771 2546
19308 4 2 1 1 4203 3512 3954 2446
19309 4 2 1 1 906 893 907 3205
19310 4 2 1 1 1796 1954 1793 3677
19311 4 2 1 1 1344 1177 1185 3469
19312 4 2 1 1 723 601 585 3671
19313 4 2 1 1 4415 157 156 1098
19314 4 2 1 1 4476 2022 1757 94
19315 4 2 1 1 782 4477 4466 110
19316 4 2 1 1 4475 1137 190 1402
19317 4 2 1 1 3103 3804 2082 4030
19318 4 2 1 1 4203 3954 3512 2771
19319 4 2 1 1 8 136 796 4487
19320 4 2 1 1 2322 3376 3947 4086
19321 4 2 1 1 1190 1207 1191 4187
19322 4 2 1 1 650 815 640 3439
19323 4 2 1 1 207 45 4507 478
19324 4 2 1 1 4354 3918 3493 2898
19325 4 2 1 1 4485 827 157 1098
19326 4 2 1 1 317 421 464 3477
19327 4 2 1 1 3495 3889 2755 4320
19328 4 2 1 1 2100 3707 3620 4068
19329 4 2 1 1 2429 3911 3753 2587
19330 4 2 1 1 390 475 265 3726
19331 4 2 1 1 885 1010 1095 3725
19332 4 2 1 1 1715 1505 1630 3724
19333 4 2 1 1 3493 3918 4354 2516
19334 4 2 1 1 2311 3946 2990 4344
19335 4 2 1 1 460 314 415 4218
19336 4 2 1 1 1700 1554 1655 4217
19337 4 2 1 1 2274 4226 2957 4349
19338 4 2 1 1 1751 2046 1984 3439
19339 4 2 1 1 4518 26 443 461
19340 4 2 1 1 4464 636 4155 4283
19341 4 2 1 1 960 4155 1123 3652
19342 4 2 1 1 2628 4132 2964 4300
19343 4 2 1 1 2629 4133 2965 4301
19344 4 2 1 1 2627 4134 2966 4302
19345 4 2 1 1 1425 1305 1310 4162
19346 4 2 1 1 2577 3489 3457 4398
19347 4 2 1 1 2127 3519 3311 4278
19348 4 2 1 1 2959 2275 4228 4343
19349 4 2 1 1 2797 2258 3555 4122
19350 4 2 1 1 2798 2257 3557 4124
19351 4 2 1 1 2799 2256 3556 4123
19352 4 2 1 1 1200 1215 1349 3672
19353 4 2 1 1 1210 1228 1222 4293
19354 4 2 1 1 3261 4223 3137 4350
19355 4 2 1 1 1880 1952 1869 3704
19356 4 2 1 1 1424 4474 194 4480
19357 4 2 1 1 648 649 647 3561
19358 4 2 1 1 2996 3944 3834 4303
19359 4 2 1 1 412 428 398 3626
19360 4 2 1 1 589 615 733 3776
19361 4 2 1 1 1256 1420 1378 4154
19362 4 2 1 1 636 800 758 4155
19363 4 2 1 1 1876 2040 1998 4156
19364 4 2 1 1 1882 1891 1957 3761
19365 4 2 1 1 1977 1854 1979 3685
19366 4 2 1 1 1313 1160 1162 4338
19367 4 2 1 1 1899 3348 3901 4159
19368 4 2 1 1 586 2831 3671 579
19369 4 2 1 1 1235 1353 1209 2931
19370 4 2 1 1 284 275 270 3547
19371 4 2 1 1 904 895 890 3546
19372 4 2 1 1 1515 1510 1524 3545
19373 4 2 1 1 783 99 4523 4446
19374 4 2 1 1 789 4503 519 115
19375 4 2 1 1 2314 3448 4212 4271
19376 4 2 1 1 676 581 677 3124
19377 4 2 1 1 2096 3779 3780 3874
19378 4 2 1 1 1180 1177 1344 3951
19379 4 2 1 1 1167 1322 1169 4205
19380 4 2 1 1 735 3022 4185 4294
19381 4 2 1 1 1961 1836 1847 3921
19382 4 2 1 1 562 563 561 4276
19383 4 2 1 1 2120 2307 3119 4345
19384 4 2 1 1 3058 1644 1516 3986
19385 4 2 1 1 3059 1024 896 3987
19386 4 2 1 1 3060 404 276 3985
19387 4 2 1 1 271 263 262 3842
19388 4 2 1 1 1389 2990 3946 4344
19389 4 2 1 1 1941 1787 1785 4310
19390 4 2 1 1 1903 1905 1904 3365
19391 4 2 1 1 1909 3872 1906 4253
19392 4 2 1 1 586 2831 579 734
19393 4 2 1 1 4502 778 123 525
19394 4 2 1 1 481 4528 43 214
19395 4 2 1 1 1101 4529 155 834
19396 4 2 1 1 249 3608 294 4275
19397 4 2 1 1 2064 3433 3367 3667
19398 4 2 1 1 4468 1426 191 4448
19399 4 2 1 1 780 4467 95 4449
19400 4 2 1 1 806 4450 111 673
19401 4 2 1 1 869 3610 914 4279
19402 4 2 1 1 1489 3611 1534 4280
19403 4 2 1 1 3022 2467 3801 4294
19404 4 2 1 1 747 533 807 3612
19405 4 2 1 1 239 392 237 4304
19406 4 2 1 1 1632 1477 1479 4305
19407 4 2 1 1 1012 857 859 4303
19408 4 2 1 1 1907 2025 2033 3950
19409 4 2 1 1 2564 3155 4032 4180
19410 4 2 1 1 3667 3692 2609 4179
19411 4 2 1 1 2361 2713 4032 4348
19412 4 2 1 1 3263 3529 2237 4306
19413 4 2 1 1 1807 1814 1813 4186
19414 4 2 1 1 989 987 988 4116
19415 4 2 1 1 1387 1390 1254 4200
19416 4 2 1 1 1935 1860 3998 4249
19417 4 2 1 1 2322 3947 2967 4086
19418 4 2 1 1 2602 2927 4073 4318
19419 4 2 1 1 3202 3844 2403 4199
19420 4 2 1 1 1939 1817 3879 4394
19421 4 2 1 1 1935 1934 1860 4249
19422 4 2 1 1 4098 1805 1804 2697
19423 4 2 1 1 2433 3748 3237 4064
19424 4 2 1 1 3684 3692 2099 4064
19425 4 2 1 1 2635 3664 3088 4039
19426 4 2 1 1 2636 3665 3089 4040
19427 4 2 1 1 2128 2766 3595 4331
19428 4 2 1 1 1283 3999 1284 4339
19429 4 2 1 1 2501 4017 2903 4200
19430 4 2 1 1 577 3881 699 4397
19431 4 2 1 1 2214 3011 3848 3393
19432 4 2 1 1 2744 4134 3569 4259
19433 4 2 1 1 2743 4133 3568 4260
19434 4 2 1 1 2742 4132 3567 4261
19435 4 2 1 1 1126 943 1084 4173
19436 4 2 1 1 3131 2555 2333 2175
19437 4 2 1 1 4098 1804 1805 1810
19438 4 2 1 1 654 3700 4519 82
19439 4 2 1 1 1274 3701 4520 178
19440 4 2 1 1 1934 1939 1817 3879
19441 4 2 1 1 787 784 119 4443
19442 4 2 1 1 1407 4445 199 4521
19443 4 2 1 1 4444 4525 3468 748
19444 4 2 1 1 2005 2043 1991 3229
19445 4 2 1 1 751 765 803 3227
19446 4 2 1 1 1371 1385 1423 3228
19447 4 2 1 1 1908 1914 4246 4253
19448 4 2 1 1 4427 1446 1712 126
19449 4 2 1 1 4097 2930 564 2696
19450 4 2 1 1 972 4426 1092 4143
19451 4 2 1 1 2126 3044 3745 3932
19452 4 2 1 1 1848 1842 1830 3461
19453 4 2 1 1 2417 3947 3376 4086
19454 4 2 1 1 577 694 699 3881
19455 4 2 1 1 3448 3909 2894 4271
19456 4 2 1 1 175 4463 4515 1372
19457 4 2 1 1 4452 750 74 534
19458 4 2 1 1 170 1370 1154 4453
19459 4 2 1 1 998 981 1091 4121
19460 4 2 1 1 3760 4332 2572 3531
19461 4 2 1 1 4097 564 2930 570
19462 4 2 1 1 1207 1208 1191 3827
19463 4 2 1 1 1618 1601 1711 4125
19464 4 2 1 1 2047 1987 1773 3645
19465 4 2 1 1 776 3361 625 726
19466 4 2 1 1 1396 1245 1346 3817
19467 4 2 1 1 2016 3359 1865 1973
19468 4 2 1 1 1667 1645 3414 4340
19469 4 2 1 1 1025 3415 1047 4341
19470 4 2 1 1 405 3416 427 4342
19471 4 2 1 1 693 540 542 4178
19472 4 2 1 1 2384 3404 3763 4198
19473 4 2 1 1 1427 1367 1152 3637
19474 4 2 1 1 3483 4251 2664 4273
19475 4 2 1 1 1954 1796 1801 3677
19476 4 2 1 1 1061 836 1113 3390
19477 4 2 1 1 1906 1904 1905 3365
19478 4 2 1 1 4042 3990 2660 2329
19479 4 2 1 1 582 795 674 4318
19480 4 2 1 1 559 604 719 3873
19481 4 2 1 1 1228 1252 1241 3230
19482 4 2 1 1 2058 2011 1993 3538
19483 4 2 1 1 3787 4169 3033 2496
19484 4 2 1 1 1782 1933 1780 4175
19485 4 2 1 1 1983 1982 1926 3743
19486 4 2 1 1 2081 3321 4026 4313
19487 4 2 1 1 3771 4090 2308 2477
19488 4 2 1 1 1161 1160 1159 4338
19489 4 2 1 1 34 473 3695 507
19490 4 2 1 1 654 3700 82 790
19491 4 2 1 1 1274 3701 178 1410
19492 4 2 1 1 2308 4090 3771 2061
19493 4 2 1 1 3190 3807 2221 3940
19494 4 2 1 1 3191 3806 2220 3941
19495 4 2 1 1 3192 3805 2222 3939
19496 4 2 1 1 315 3958 3327 4238
19497 4 2 1 1 2211 2990 3656 4240
19498 4 2 1 1 210 480 342 3838
19499 4 2 1 1 1582 1450 1720 3837
19500 4 2 1 1 831 1100 962 3836
19501 4 2 1 1 693 764 659 3266
19502 4 2 1 1 3790 3898 2337 4305
19503 4 2 1 1 3792 3899 2338 4303
19504 4 2 1 1 3791 3900 2336 4304
19505 4 2 1 1 1101 154 4454 1056
19506 4 2 1 1 4455 42 436 481
19507 4 2 1 1 772 4456 778 122
19508 4 2 1 1 2468 2851 3635 3721
19509 4 2 1 1 259 2978 269 268
19510 4 2 1 1 759 4538 521 131
19511 4 2 1 1 163 829 1099 3865
19512 4 2 1 1 259 2978 268 2738
19513 4 2 1 1 220 4499 477 2836
19514 4 2 1 1 840 4500 1097 2838
19515 4 2 1 1 4501 535 134 4549
19516 4 2 1 1 2562 3891 3694 4257
19517 4 2 1 1 2663 2956 2330 4045
19518 4 2 1 1 489 56 3 4488
19519 4 2 1 1 1424 4474 1308 194
19520 4 2 1 1 1403 4479 1437 114
19521 4 2 1 1 98 817 4478 783
19522 4 2 1 1 2227 3761 3177 4063
19523 4 2 1 1 1123 949 3652 4195
19524 4 2 1 1 1743 1569 3651 4194
19525 4 2 1 1 503 329 3650 4196
19526 4 2 1 1 2403 3338 2794 4199
19527 4 2 1 1 2112 3746 3491 3910
19528 4 2 1 1 3779 3203 2521 4257
19529 4 2 1 1 1675 1676 1621 2907
19530 4 2 1 1 436 381 435 2906
19531 4 2 1 1 1001 1055 1056 2908
19532 4 2 1 1 608 632 621 3222
19533 4 2 1 1 1649 1534 1489 3611
19534 4 2 1 1 869 1029 914 3610
19535 4 2 1 1 4455 4535 2943 436
19536 4 2 1 1 772 4456 122 4522
19537 4 2 1 1 4454 4536 2945 1056
19538 4 2 1 1 2357 3913 3518 4198
19539 4 2 1 1 2403 2794 3246 4199
19540 4 2 1 1 409 294 249 3608
19541 4 2 1 1 884 877 883 3892
19542 4 2 1 1 4041 3891 4208 2910
19543 4 2 1 1 793 667 785 4285
19544 4 2 1 1 879 2977 889 888
19545 4 2 1 1 2681 4058 3474 4088
19546 4 2 1 1 1983 2027 1982 3468
19547 4 2 1 1 344 322 342 4113
19548 4 2 1 1 5 168 4534 1109
19549 4 2 1 1 4017 2137 2862 2501
19550 4 2 1 1 983 1092 159 4143
19551 4 2 1 1 1712 127 1603 4144
19552 4 2 1 1 2608 2368 2463 2063
19553 4 2 1 1 1504 1497 1503 3888
19554 4 2 1 1 4409 1733 1681 3385
19555 4 2 1 1 3129 4250 2439 3133
19556 4 2 1 1 2347 3022 3801 4185
19557 4 2 1 1 1850 1899 1898 3348
19558 4 2 1 1 1646 1561 1642 2690
19559 4 2 1 1 3258 1022 1026 2691
19560 4 2 1 1 406 321 402 2689
19561 4 2 1 1 4220 22 845 23
19562 4 2 1 1 4401 1057 151 4221
19563 4 2 1 1 879 2977 888 2740
19564 4 2 1 1 2423 3990 3160 2958
19565 4 2 1 1 4042 3990 2329 3968
19566 4 2 1 1 4403 448 15 3813
19567 4 2 1 1 63 457 4402 3814
19568 4 2 1 1 1068 143 4404 3815
19569 4 2 1 1 3033 3761 2227 4063
19570 4 2 1 1 2288 3298 3917 4337
19571 4 2 1 1 3444 3602 2347 4105
19572 4 2 1 1 461 339 508 3860
19573 4 2 1 1 1081 959 1128 3861
19574 4 2 1 1 1748 1701 1579 3862
19575 4 2 1 1 2411 3987 3059 2160
19576 4 2 1 1 2410 3986 3058 2159
19577 4 2 1 1 2412 3985 3060 2158
19578 4 2 1 1 1368 1432 1431 3531
19579 4 2 1 1 1922 1925 1924 4258
19580 4 2 1 1 2713 3763 2482 4010
19581 4 2 1 1 1002 891 987 4045
19582 4 2 1 1 368 369 367 4067
19583 4 2 1 1 763 4457 127 4144
19584 4 2 1 1 159 4458 1116 4143
19585 4 2 1 1 3319 2721 4025 4128
19586 4 2 1 1 1989 1756 2060 3104
19587 4 2 1 1 2177 3827 2931 3129
19588 4 2 1 1 1511 1607 1622 4042
19589 4 2 1 1 556 561 713 4001
19590 4 2 1 1 2682 3945 3345 4087
19591 4 2 1 1 2403 3559 3202 4199
19592 4 2 1 1 1499 2976 1509 1508
19593 4 2 1 1 2417 2967 3947 4086
19594 4 2 1 1 645 820 643 3774
19595 4 2 1 1 2373 3206 3633 4272
19596 4 2 1 1 367 369 459 4067
19597 4 2 1 1 1275 1388 1253 3732
19598 4 2 1 1 655 768 633 3733
19599 4 2 1 1 1895 2008 1873 3734
19600 4 2 1 1 2372 3205 3643 4268
19601 4 2 1 1 2357 3404 3913 4198
19602 4 2 1 1 2077 2898 3918 4354
19603 4 2 1 1 2178 2901 2240 4170
19604 4 2 1 1 2139 3107 3664 2548
19605 4 2 1 1 2306 3606 3289 3854
19606 4 2 1 1 557 555 564 3522
19607 4 2 1 1 2816 4120 3989 4399
19608 4 2 1 1 2896 7 104 799
19609 4 2 1 1 3280 3608 2318 4275
19610 4 2 1 1 3281 3610 2317 4279
19611 4 2 1 1 3282 3611 2319 4280
19612 4 2 1 1 3928 3958 2703 3680
19613 4 2 1 1 2061 2998 2999 3564
19614 4 2 1 1 1563 1698 1585 3886
19615 4 2 1 1 3130 4110 4355 2175
19616 4 2 1 1 1892 1872 1894 3695
19617 4 2 1 1 1499 2976 1508 2739
19618 4 2 1 1 1562 1705 1646 3429
19619 4 2 1 1 1026 942 1085 3428
19620 4 2 1 1 322 465 406 3427
19621 4 2 1 1 2508 3013 2158 3041
19622 4 2 1 1 3039 2216 2507 2160
19623 4 2 1 1 3040 2217 2506 2159
19624 4 2 1 1 789 4503 115 4447
19625 4 2 1 1 783 4523 99 518
19626 4 2 1 1 2433 4164 2723 4166
19627 4 2 1 1 1487 1494 1485 4326
19628 4 2 1 1 4554 1280 1408 1137
19629 4 2 1 1 1032 1048 1018 3641
19630 4 2 1 1 2565 2118 3057 4295
19631 4 2 1 1 3172 3851 2304 4170
19632 4 2 1 1 3929 3974 2704 3681
19633 4 2 1 1 1074 969 971 4145
19634 4 2 1 1 1591 1694 1589 4146
19635 4 2 1 1 349 351 454 4147
19636 4 2 1 1 1652 1668 1638 3642
19637 4 2 1 1 1288 1287 1294 3244
19638 4 2 1 1 1207 2862 3827 4187
19639 4 2 1 1 563 562 568 3350
19640 4 2 1 1 2325 4104 3051 2981
19641 4 2 1 1 2327 4102 3052 2980
19642 4 2 1 1 2147 2507 3039 4071
19643 4 2 1 1 2148 2506 3040 4070
19644 4 2 1 1 2146 3976 3041 4072
19645 4 2 1 1 1133 4520 1274 2850
19646 4 2 1 1 513 4519 654 2849
19647 4 2 1 1 4543 500 3695 2839
19648 4 2 1 1 1738 1696 1617 3811
19649 4 2 1 1 1118 1076 997 3812
19650 4 2 1 1 703 575 548 3316
19651 4 2 1 1 1187 1192 1186 3866
19652 4 2 1 1 680 678 679 3245
19653 4 2 1 1 1144 187 1411 4440
19654 4 2 1 1 4442 753 91 4524
19655 4 2 1 1 524 107 791 4441
19656 4 2 1 1 4459 1142 173 1371
19657 4 2 1 1 4460 515 77 751
19658 4 2 1 1 439 4461 206 29
19659 4 2 1 1 3319 4025 2083 4128
19660 4 2 1 1 965 1078 4173 943
19661 4 2 1 1 730 627 731 3742
19662 4 2 1 1 3780 3203 2308 4197
19663 4 2 1 1 1350 1247 1351 3741
19664 4 2 1 1 3128 4158 4378 2176
19665 4 2 1 1 1965 1964 1867 3738
19666 4 2 1 1 4450 1270 1400 111
19667 4 2 1 1 780 4467 3439 650
19668 4 2 1 1 4468 2712 4448 2020
19669 4 2 1 1 2120 3119 3698 4398
19670 4 2 1 1 1078 1082 1088 3926
19671 4 2 1 1 2330 2983 2701 4188
19672 4 2 1 1 1390 1387 1135 4200
19673 4 2 1 1 442 15 448 3813
19674 4 2 1 1 1688 1682 63 3814
19675 4 2 1 1 143 1068 1062 3815
19676 4 2 1 1 3948 4244 2464 4313
19677 4 2 1 1 245 243 246 3463
19678 4 2 1 1 1486 1485 1483 3462
19679 4 2 1 1 865 863 866 3464
19680 4 2 1 1 652 632 654 3700
19681 4 2 1 1 1248 1342 1214 3498
19682 4 2 1 1 442 4410 15 3813
19683 4 2 1 1 453 63 4412 3814
19684 4 2 1 1 4411 143 1062 3815
19685 4 2 1 1 3779 3780 2521 3203
19686 4 2 1 1 3076 3996 2162 4270
19687 4 2 1 1 1252 1274 1272 3701
19688 4 2 1 1 1292 1307 1291 3989
19689 4 2 1 1 2489 4207 3534 4377
19690 4 2 1 1 3206 3633 2660 4319
19691 4 2 1 1 2863 4169 3787 2496
19692 4 2 1 1 1341 3935 1260 4219
19693 4 2 1 1 1355 1334 1206 3530
19694 4 2 1 1 657 610 658 3864
19695 4 2 1 1 3888 2105 2560 4325
19696 4 2 1 1 1077 15 1073 3813
19697 4 2 1 1 63 453 457 3814
19698 4 2 1 1 1693 1697 143 3815
19699 4 2 1 1 2373 3633 3206 4319
19700 4 2 1 1 639 640 629 3661
19701 4 2 1 1 924 884 894 3643
19702 4 2 1 1 3205 3643 2663 4317
19703 4 2 1 1 3892 4077 2559 4324
19704 4 2 1 1 1207 1348 1208 3827
19705 4 2 1 1 744 666 669 3180
19706 4 2 1 1 1176 1333 1173 3003
19707 4 2 1 1 4045 4116 2330 4188
19708 4 2 1 1 2372 3643 3205 4317
19709 4 2 1 1 1926 1921 1924 4258
19710 4 2 1 1 2099 3692 2342 4038
19711 4 2 1 1 2527 3760 3455 4332
19712 4 2 1 1 4225 3274 609 3181
19713 4 2 1 1 2999 3564 2473 4038
19714 4 2 1 1 1125 4464 1090 960
19715 4 2 1 1 1745 4463 3623 1710
19716 4 2 1 1 505 4465 470 340
19717 4 2 1 1 494 4462 50 378
19718 4 2 1 1 1451 1687 1626 3836
19719 4 2 1 1 447 386 211 3837
19720 4 2 1 1 1067 1006 830 3838
19721 4 2 1 1 1194 1204 1203 3759
19722 4 2 1 1 2896 120 7 799
19723 4 2 1 1 1329 1330 1224 3594
19724 4 2 1 1 648 647 646 3908
19725 4 2 1 1 609 3274 4225 721
19726 4 2 1 1 2399 3819 3144 4108
19727 4 2 1 1 2971 3536 2516 4354
19728 4 2 1 1 1907 1906 1905 4253
19729 4 2 1 1 2377 2885 4232 4309
19730 4 2 1 1 1504 1514 1544 3633
19731 4 2 1 1 3130 4355 2440 2175
19732 4 2 1 1 314 324 301 3928
19733 4 2 1 1 1554 1564 1541 3929
19734 4 2 1 1 921 934 944 3927
19735 4 2 1 1 679 678 677 3245
19736 4 2 1 1 2479 3397 4230 4252
19737 4 2 1 1 1713 1583 1724 3701
19738 4 2 1 1 1093 963 1104 3700
19739 4 2 1 1 1908 1907 1914 4253
19740 4 2 1 1 2309 3156 3155 3655
19741 4 2 1 1 517 660 661 3217
19742 4 2 1 1 3157 3780 2096 2546
19743 4 2 1 1 3897 3536 2971 4354
19744 4 2 1 1 3321 2722 4026 4313
19745 4 2 1 1 766 676 678 4095
19746 4 2 1 1 1737 1677 1691 4222
19747 4 2 1 1 1071 1117 1057 4221
19748 4 2 1 1 437 451 497 4220
19749 4 2 1 1 493 455 441 3507
19750 4 2 1 1 2048 1923 1994 3149
19751 4 2 1 1 735 4185 734 4294
19752 4 2 1 1 1385 1371 1142 3228
19753 4 2 1 1 765 751 515 3227
19754 4 2 1 1 2005 1991 1755 3229
19755 4 2 1 1 2328 3595 3274 4027
19756 4 2 1 1 517 662 782 3668
19757 4 2 1 1 1723 1633 1505 3356
19758 4 2 1 1 885 1103 1013 3355
19759 4 2 1 1 483 393 265 3357
19760 4 2 1 1 3128 4378 2438 2176
19761 4 2 1 1 1219 1213 1220 2862
19762 4 2 1 1 4329 4124 2798 3451
19763 4 2 1 1 1414 1273 1403 3992
19764 4 2 1 1 1450 1581 1707 3285
19765 4 2 1 1 1087 831 961 3286
19766 4 2 1 1 467 210 341 3287
19767 4 2 1 1 1863 2005 1967 4360
19768 4 2 1 1 3279 4249 3573 4351
19769 4 2 1 1 2858 2331 3293 3762
19770 4 2 1 1 3050 4100 2522 4193
19771 4 2 1 1 1929 1961 1930 3649
19772 4 2 1 1 1896 2003 1874 4143
19773 4 2 1 1 763 634 656 4144
19774 4 2 1 1 1257 1258 1227 3505
19775 4 2 1 1 1401 1291 1308 3989
19776 4 2 1 1 2355 2948 3965 4233
19777 4 2 1 1 2353 2950 3966 4234
19778 4 2 1 1 2354 2949 3967 4235
19779 4 2 1 1 1977 1824 1854 4224
19780 4 2 1 1 1632 1479 1482 4305
19781 4 2 1 1 242 392 239 4304
19782 4 2 1 1 862 1012 859 4303
19783 4 2 1 1 1848 1872 1861 3370
19784 4 2 1 1 611 600 706 3957
19785 4 2 1 1 343 484 473 3695
19786 4 2 1 1 1851 1840 1946 3960
19787 4 2 1 1 1218 1328 1229 3711
19788 4 2 1 1 1122 1058 1121 3612
19789 4 2 1 1 2107 4264 3122 4396
19790 4 2 1 1 1821 1813 1932 3933
19791 4 2 1 1 257 263 264 3749
19792 4 2 1 1 1884 1970 1974 4297
19793 4 2 1 1 4473 796 105 746
19794 4 2 1 1 4472 4534 2868 797
19795 4 2 1 1 4471 1416 185 1366
19796 4 2 1 1 3879 3492 4310 3034
19797 4 2 1 1 337 508 339 3860
19798 4 2 1 1 1128 959 957 3861
19799 4 2 1 1 1577 1748 1579 3862
19800 4 2 1 1 420 421 317 3477
19801 4 2 1 1 647 645 646 3908
19802 4 2 1 1 1285 1284 1283 3999
19803 4 2 1 1 1378 4463 175 1372
19804 4 2 1 1 758 4464 79 752
19805 4 2 1 1 4329 2798 4124 2641
19806 4 2 1 1 569 578 579 3835
19807 4 2 1 1 2522 2171 3399 4100
19808 4 2 1 1 1390 1345 4017 4384
19809 4 2 1 1 1263 1265 1440 3768
19810 4 2 1 1 1389 3946 1312 4344
19811 4 2 1 1 1213 1360 1232 3434
19812 4 2 1 1 2929 3990 2329 2660
19813 4 2 1 1 2103 3889 3682 2755
19814 4 2 1 1 1293 1284 1364 4339
19815 4 2 1 1 2361 4032 3155 4180
19816 4 2 1 1 274 304 264 3636
19817 4 2 1 1 971 973 1074 3580
19818 4 2 1 1 353 454 351 3582
19819 4 2 1 1 1593 1694 1591 3581
19820 4 2 1 1 2500 3785 3526 4143
19821 4 2 1 1 2502 3786 3525 4144
19822 4 2 1 1 2720 3804 3320 4256
19823 4 2 1 1 2463 3320 3804 4256
19824 4 2 1 1 4328 4123 2799 3450
19825 4 2 1 1 4328 2799 4123 2642
19826 4 2 1 1 456 377 498 3840
19827 4 2 1 1 1506 1654 1490 4309
19828 4 2 1 1 3075 3911 2396 2214
19829 4 2 1 1 3537 3722 3094 4297
19830 4 2 1 1 1178 1170 1174 3675
19831 4 2 1 1 2342 4050 2852 4136
19832 4 2 1 1 1815 2025 1940 3627
19833 4 2 1 1 1363 1407 1362 3470
19834 4 2 1 1 922 1051 1050 4007
19835 4 2 1 1 1670 1542 1671 4006
19836 4 2 1 1 302 431 430 4005
19837 4 2 1 1 3033 4169 1963 2496
19838 4 2 1 1 1278 1230 1279 4168
19839 4 2 1 1 111 4466 782 673
19840 4 2 1 1 780 4467 650 95
19841 4 2 1 1 191 1402 1293 4468
19842 4 2 1 1 501 502 438 3645
19843 4 2 1 1 2480 2066 3504 3351
19844 4 2 1 1 2355 3965 3045 4233
19845 4 2 1 1 2353 3966 3047 4234
19846 4 2 1 1 2354 3967 3046 4235
19847 4 2 1 1 388 452 387 3452
19848 4 2 1 1 1692 1627 1628 3453
19849 4 2 1 1 1008 1072 1007 3454
19850 4 2 1 1 2533 3790 3462 4290
19851 4 2 1 1 2531 3791 3463 4289
19852 4 2 1 1 2532 3792 3464 4291
19853 4 2 1 1 2645 2115 3123 4205
19854 4 2 1 1 4465 31 470 340
19855 4 2 1 1 1745 4463 1710 1580
19856 4 2 1 1 4515 4463 3623 1372
19857 4 2 1 1 1640 1549 1643 3970
19858 4 2 1 1 403 400 309 2489
19859 4 2 1 1 1023 1020 929 3971
19860 4 2 1 1 2315 3476 3629 4346
19861 4 2 1 1 1222 1242 1354 4069
19862 4 2 1 1 2597 3607 3540 4298
19863 4 2 1 1 3513 3577 2386 4131
19864 4 2 1 1 2416 3262 3010 2075
19865 4 2 1 1 2492 3888 3611 4325
19866 4 2 1 1 2560 3611 3888 4325
19867 4 2 1 1 2564 4032 3155 4269
19868 4 2 1 1 237 238 239 3924
19869 4 2 1 1 1479 1477 1478 3923
19870 4 2 1 1 4553 530 118 787
19871 4 2 1 1 4521 1150 198 1407
19872 4 2 1 1 4525 748 102 528
19873 4 2 1 1 1742 1678 1741 3637
19874 4 2 1 1 2645 3123 2115 4281
19875 4 2 1 1 307 408 321 3993
19876 4 2 1 1 1547 1648 1561 3994
19877 4 2 1 1 1028 941 927 3995
19878 4 2 1 1 1943 1914 2033 3754
19879 4 2 1 1 1328 1248 1341 3618
19880 4 2 1 1 2126 3932 3745 4010
19881 4 2 1 1 4032 4180 2361 4348
19882 4 2 1 1 2493 3892 3610 4324
19883 4 2 1 1 2559 3610 3892 4324
19884 4 2 1 1 1661 1557 1660 3528
19885 4 2 1 1 2345 2100 2998 4336
19886 4 2 1 1 2346 4038 2999 4335
19887 4 2 1 1 1108 137 2 4491
19888 4 2 1 1 680 742 792 4379
19889 4 2 1 1 2384 3913 3404 4198
19890 4 2 1 1 370 369 368 3570
19891 4 2 1 1 696 620 757 4245
19892 4 2 1 1 1815 1788 1943 3169
19893 4 2 1 1 2498 3780 3779 3203
19894 4 2 1 1 715 651 802 3703
19895 4 2 1 1 989 1079 987 4116
19896 4 2 1 1 1170 1323 1168 3373
19897 4 2 1 1 2700 4231 3070 4255
19898 4 2 1 1 2155 3909 3486 3949
19899 4 2 1 1 456 498 373 3919
19900 4 2 1 1 3414 4340 2798 4385
19901 4 2 1 1 3415 4341 2799 4386
19902 4 2 1 1 3416 4342 2797 4387
19903 4 2 1 1 2312 3964 3619 4206
19904 4 2 1 1 2248 3615 3999 4339
19905 4 2 1 1 4469 129 760 512
19906 4 2 1 1 824 4470 161 1114
19907 4 2 1 1 204 4462 49 494
19908 4 2 1 1 858 859 857 3944
19909 4 2 1 1 1934 1781 1860 4249
19910 4 2 1 1 3002 4230 2712 4274
19911 4 2 1 1 424 276 425 3985
19912 4 2 1 1 1044 896 1045 3987
19913 4 2 1 1 1665 1664 1516 3986
19914 4 2 1 1 2492 2105 3888 4325
19915 4 2 1 1 4491 57 2 488
19916 4 2 1 1 4471 1411 186 4526
19917 4 2 1 1 90 771 4472 753
19918 4 2 1 1 4473 791 106 4527
19919 4 2 1 1 1339 1331 1234 3895
19920 4 2 1 1 2493 4077 3892 4324
19921 4 2 1 1 481 4528 214 2906
19922 4 2 1 1 655 4502 778 2907
19923 4 2 1 1 1101 4529 834 2908
19924 4 2 1 1 708 721 609 4225
19925 4 2 1 1 2564 4180 4032 4348
19926 4 2 1 1 3022 3801 4185 4294
19927 4 2 1 1 4491 2 9 488
19928 4 2 1 1 3916 4080 2860 4391
19929 4 2 1 1 1427 1381 1367 3637
19930 4 2 1 1 4327 4122 2797 3449
19931 4 2 1 1 4327 2797 4122 2643
19932 4 2 1 1 2508 3041 3976 2218
19933 4 2 1 1 1341 1249 1260 3935
19934 4 2 1 1 1591 1592 1593 3581
19935 4 2 1 1 352 353 351 3582
19936 4 2 1 1 971 972 973 3580
19937 4 2 1 1 2145 4087 3292 4231
19938 4 2 1 1 1202 1406 1186 4022
19939 4 2 1 1 2408 3904 3362 4278
19940 4 2 1 1 663 764 779 4082
19941 4 2 1 1 1405 1195 1413 4172
19942 4 2 1 1 2329 4042 3968 4255
19943 4 2 1 1 2446 3954 3750 4108
19944 4 2 1 1 747 807 761 3612
19945 4 2 1 1 3695 1894 2030 34
19946 4 2 1 1 2502 4236 3718 3299
19947 4 2 1 1 3718 4236 2502 2138
19948 4 2 1 1 1390 1346 1345 4384
19949 4 2 1 1 2647 4054 3666 4333
19950 4 2 1 1 3666 4054 2132 4333
19951 4 2 1 1 1489 1534 1484 4280
19952 4 2 1 1 864 869 914 4279
19953 4 2 1 1 244 249 294 4275
19954 4 2 1 1 2746 2367 4014 4210
19955 4 2 1 1 1537 1666 1568 3500
19956 4 2 1 1 1743 1447 1573 4194
19957 4 2 1 1 1123 826 953 4195
19958 4 2 1 1 503 206 333 4196
19959 4 2 1 1 683 754 808 3256
19960 4 2 1 1 1696 1613 1608 4211
19961 4 2 1 1 2684 3621 3219 2509
19962 4 2 1 1 948 917 1046 3501
19963 4 2 1 1 2009 1837 1929 3777
19964 4 2 1 1 2073 4160 3203 4257
19965 4 2 1 1 1933 1832 2004 3901
19966 4 2 1 1 2001 1987 2047 3645
19967 4 2 1 1 1962 1963 4169 2496
19968 4 2 1 1 1847 1877 1878 3921
19969 4 2 1 1 1939 1853 1944 4394
19970 4 2 1 1 704 699 613 4397
19971 4 2 1 1 297 327 299 4316
19972 4 2 1 1 581 814 572 4163
19973 4 2 1 1 2555 4355 4110 2175
19974 4 2 1 1 2117 4074 3435 4127
19975 4 2 1 1 1667 1576 1578 4385
19976 4 2 1 1 956 958 1047 4386
19977 4 2 1 1 338 427 336 4387
19978 4 2 1 1 87 86 3612 747
19979 4 2 1 1 734 735 586 4185
19980 4 2 1 1 368 456 373 3919
19981 4 2 1 1 2347 3853 3740 4105
19982 4 2 1 1 1836 1823 1824 2819
19983 4 2 1 1 1130 4510 1059 4328
19984 4 2 1 1 1750 4509 1679 4329
19985 4 2 1 1 510 206 439 3229
19986 4 2 1 1 2111 4193 2522 4326
19987 4 2 1 1 1935 1860 1936 3998
19988 4 2 1 1 1957 1891 2042 3761
19989 4 2 1 1 2557 4378 4158 2176
19990 4 2 1 1 620 696 695 4000
19991 4 2 1 1 1257 1227 1229 3505
19992 4 2 1 1 2568 2260 3173 4157
19993 4 2 1 1 3825 2370 2546 4076
19994 4 2 1 1 1975 1960 1955 3617
19995 4 2 1 1 2120 4345 3119 4398
19996 4 2 1 1 1347 1338 1332 3548
19997 4 2 1 1 1159 1377 1240 3739
19998 4 2 1 1 1594 1674 4144 1603
19999 4 2 1 1 974 1054 4143 983
20000 4 2 1 1 1332 1228 1210 4293
20001 4 2 1 1 718 712 727 3549
20002 4 2 1 1 2710 4038 2842 4335
20003 4 2 1 1 3637 183 182 1367
20004 4 2 1 1 405 427 338 4342
20005 4 2 1 1 958 1025 1047 4341
20006 4 2 1 1 1667 1578 1645 4340
20007 4 2 1 1 1962 1963 1826 4169
20008 4 2 1 1 642 651 715 3703
20009 4 2 1 1 2325 3821 4104 2981
20010 4 2 1 1 2327 3822 4102 2980
20011 4 2 1 1 2290 3210 4041 4208
20012 4 2 1 1 2349 3602 3444 4105
20013 4 2 1 1 570 740 593 4097
20014 4 2 1 1 1810 1980 1833 4098
20015 4 2 1 1 1945 1981 1980 3535
20016 4 2 1 1 1166 1320 1164 4277
20017 4 2 1 1 38 39 3645 438
20018 4 2 1 1 2323 3948 3684 4129
20019 4 2 1 1 3684 3948 2464 4129
20020 4 2 1 1 1110 1042 946 4243
20021 4 2 1 1 1730 1662 1566 4242
20022 4 2 1 1 490 422 326 4241
20023 4 2 1 1 742 743 787 3531
20024 4 2 1 1 2500 2136 3717 3300
20025 4 2 1 1 2333 3131 2175 4376
20026 4 2 1 1 1331 1340 1234 4201
20027 4 2 1 1 2021 1911 1928 3481
20028 4 2 1 1 1284 1285 1286 3615
20029 4 2 1 1 1609 1610 1611 3669
20030 4 2 1 1 466 316 345 4238
20031 4 2 1 1 2077 3536 3897 4354
20032 4 2 1 1 621 602 608 4171
20033 4 2 1 1 2214 3848 3207 3393
20034 4 2 1 1 3522 3831 2316 2984
20035 4 2 1 1 2211 3656 3867 4240
20036 4 2 1 1 2524 4099 3400 4101
20037 4 2 1 1 3518 3975 2357 4198
20038 4 2 1 1 912 900 888 3596
20039 4 2 1 1 292 280 268 3598
20040 4 2 1 1 1520 1508 1532 3597
20041 4 2 1 1 536 657 745 3858
20042 4 2 1 1 2120 2307 3364 4381
20043 4 2 1 1 989 988 990 3628
20044 4 2 1 1 2746 3438 2367 4210
20045 4 2 1 1 496 363 47 4495
20046 4 2 1 1 1657 1492 1498 4085
20047 4 2 1 1 258 417 252 4084
20048 4 2 1 1 872 878 1037 4083
20049 4 2 1 1 289 290 283 3821
20050 4 2 1 1 1530 1523 1529 3820
20051 4 2 1 1 910 903 909 3822
20052 4 2 1 1 2081 4026 3411 4313
20053 4 2 1 1 2099 3684 3374 4244
20054 4 2 1 1 2100 3707 3375 4256
20055 4 2 1 1 458 323 506 3875
20056 4 2 1 1 894 884 893 3643
20057 4 2 1 1 1572 1667 1645 3414
20058 4 2 1 1 1025 952 1047 3415
20059 4 2 1 1 332 427 405 3416
20060 4 2 1 1 2377 4232 3079 4309
20061 4 2 1 1 3098 4120 2816 4399
20062 4 2 1 1 272 485 365 3799
20063 4 2 1 1 4474 1308 194 1409
20064 4 2 1 1 688 789 114 4447
20065 4 2 1 1 3720 3924 2657 4304
20066 4 2 1 1 3719 3923 2658 4305
20067 4 2 1 1 2361 4032 2713 2456
20068 4 2 1 1 1776 1897 1985 3876
20069 4 2 1 1 2416 3010 3824 2075
20070 4 2 1 1 2003 2007 1874 4143
20071 4 2 1 1 634 763 767 4144
20072 4 2 1 1 1514 1504 1513 3633
20073 4 2 1 1 1248 1249 1341 3618
20074 4 2 1 1 1933 2004 1899 3901
20075 4 2 1 1 1606 1607 1511 4255
20076 4 2 1 1 2706 2433 2298 2869
20077 4 2 1 1 607 638 736 3328
20078 4 2 1 1 426 328 297 3521
20079 4 2 1 1 516 813 643 3082
20080 4 2 1 1 2607 4155 3652 4195
20081 4 2 1 1 2606 4154 3651 4194
20082 4 2 1 1 2605 4156 3650 4196
20083 4 2 1 1 741 740 705 3539
20084 4 2 1 1 1233 1232 1324 3559
20085 4 2 1 1 1173 3653 1176 3003
20086 4 2 1 1 681 680 679 4379
20087 4 2 1 1 1744 1606 1511 4255
20088 4 2 1 1 1091 4470 1114 998
20089 4 2 1 1 4462 471 494 204
20090 4 2 1 1 4469 1441 1734 129
20091 4 2 1 1 1027 1034 886 4267
20092 4 2 1 1 407 414 266 4266
20093 4 2 1 1 1736 1603 127 4144
20094 4 2 1 1 159 1116 983 4143
20095 4 2 1 1 1899 2004 1901 4159
20096 4 2 1 1 3587 4046 2864 4316
20097 4 2 1 1 1428 1307 4120 4399
20098 4 2 1 1 1555 1656 1655 3974
20099 4 2 1 1 546 700 544 3638
20100 4 2 1 1 2144 4088 3284 4361
20101 4 2 1 1 786 674 703 3601
20102 4 2 1 1 1732 1645 1691 4340
20103 4 2 1 1 1112 1025 1071 4341
20104 4 2 1 1 492 405 451 4342
20105 4 2 1 1 2272 3327 3958 4238
20106 4 2 1 1 2103 3125 3889 4299
20107 4 2 1 1 2693 815 707 511
20108 4 2 1 1 4476 94 516 813
20109 4 2 1 1 4477 4466 110 1433
20110 4 2 1 1 671 670 672 3482
20111 4 2 1 1 4460 4510 3227 751
20112 4 2 1 1 4459 4509 3228 1371
20113 4 2 1 1 439 4461 29 4530
20114 4 2 1 1 782 4477 110 517
20115 4 2 1 1 1400 1131 1435 3426
20116 4 2 1 1 685 690 805 3896
20117 4 2 1 1 273 274 264 3636
20118 4 2 1 1 577 699 704 4397
20119 4 2 1 1 993 1076 1118 3953
20120 4 2 1 1 1939 1944 1817 4394
20121 4 2 1 1 2577 3698 3489 4398
20122 4 2 1 1 1976 1951 1854 3988
20123 4 2 1 1 415 315 416 3958
20124 4 2 1 1 686 812 743 3531
20125 4 2 1 1 801 635 636 4283
20126 4 2 1 1 3242 2083 4025 4128
20127 4 2 1 1 1421 1255 1256 4284
20128 4 2 1 1 1250 1343 1264 3878
20129 4 2 1 1 2041 1875 1876 4286
20130 4 2 1 1 587 570 593 4097
20131 4 2 1 1 1833 1827 1810 4098
20132 4 2 1 1 335 336 334 3449
20133 4 2 1 1 955 956 954 3450
20134 4 2 1 1 1575 1576 1574 3451
20135 4 2 1 1 1565 1566 1548 4242
20136 4 2 1 1 928 945 946 4243
20137 4 2 1 1 308 325 326 4241
20138 4 2 1 1 2609 3956 3667 4179
20139 4 2 1 1 376 371 432 4375
20140 4 2 1 1 1603 1736 1674 4144
20141 4 2 1 1 983 1116 1054 4143
20142 4 2 1 1 808 766 683 4095
20143 4 2 1 1 2982 4193 2111 4326
20144 4 2 1 1 690 685 689 3896
20145 4 2 1 1 1182 1347 1188 3868
20146 4 2 1 1 1849 1952 1947 4252
20147 4 2 1 1 1839 1971 1827 3579
20148 4 2 1 1 728 587 599 3578
20149 4 2 1 1 1816 1800 1969 3973
20150 4 2 1 1 2052 1926 2051 3470
20151 4 2 1 1 2017 2042 1891 3177
20152 4 2 1 1 3065 4117 2671 2987
20153 4 2 1 1 360 365 485 3799
20154 4 2 1 1 3079 4085 2377 4309
20155 4 2 1 1 1749 1577 1575 4329
20156 4 2 1 1 1129 957 955 4328
20157 4 2 1 1 509 337 335 4327
20158 4 2 1 1 980 985 1105 3798
20159 4 2 1 1 1725 1600 1605 3797
20160 4 2 1 1 4554 1280 1137 3104
20161 4 2 1 1 516 4533 749 93
20162 4 2 1 1 4477 788 109 517
20163 4 2 1 1 2663 4317 3218 4388
20164 4 2 1 1 1297 1312 1389 3946
20165 4 2 1 1 969 920 968 3445
20166 4 2 1 1 348 349 300 3446
20167 4 2 1 1 1588 1589 1540 3447
20168 4 2 1 1 1269 1391 1438 3475
20169 4 2 1 1 1357 1335 1268 3789
20170 4 2 1 1 2128 3344 2766 4331
20171 4 2 1 1 1076 993 988 3953
20172 4 2 1 1 2165 3218 4317 4388
20173 4 2 1 1 2347 3740 3444 4105
20174 4 2 1 1 1422 1271 1397 3184
20175 4 2 1 1 354 363 434 3784
20176 4 2 1 1 1152 183 184 2865
20177 4 2 1 1 221 40 39 4512
20178 4 2 1 1 1825 1819 1826 4292
20179 4 2 1 1 1381 1268 1335 3789
20180 4 2 1 1 505 4465 340 3650
20181 4 2 1 1 1745 4463 1580 3651
20182 4 2 1 1 1125 4464 960 3652
20183 4 2 1 1 777 802 651 3186
20184 4 2 1 1 2272 3958 3385 4238
20185 4 2 1 1 3834 3944 2656 4303
20186 4 2 1 1 291 320 413 4357
20187 4 2 1 1 1033 911 940 4359
20188 4 2 1 1 1653 1531 1560 4358
20189 4 2 1 1 2693 815 511 3439
20190 4 2 1 1 1875 1858 1876 4286
20191 4 2 1 1 1255 1238 1256 4284
20192 4 2 1 1 635 618 636 4283
20193 4 2 1 1 771 818 649 3484
20194 4 2 1 1 2164 3216 4319 2660
20195 4 2 1 1 1674 1596 1594 3786
20196 4 2 1 1 976 974 1054 3785
20197 4 2 1 1 356 354 434 3784
20198 4 2 1 1 511 4555 810 2693
20199 4 2 1 1 4514 113 804 514
20200 4 2 1 1 1134 4480 1424 193
20201 4 2 1 1 1880 2712 4252 3660
20202 4 2 1 1 1359 1340 1331 4201
20203 4 2 1 1 2389 3770 3920 4299
20204 4 2 1 1 4553 530 787 3531
20205 4 2 1 1 4521 1150 1407 3470
20206 4 2 1 1 4525 4551 3468 528
20207 4 2 1 1 509 510 439 4327
20208 4 2 1 1 1059 1129 1130 4328
20209 4 2 1 1 1749 1750 1679 4329
20210 4 2 1 1 4537 88 87 533
20211 4 2 1 1 344 18 4430 4113
20212 4 2 1 1 66 450 4429 4112
20213 4 2 1 1 146 4428 964 4111
20214 4 2 1 1 3624 3652 2350 4283
20215 4 2 1 1 1988 2052 2051 3470
20216 4 2 1 1 3623 3651 2351 4284
20217 4 2 1 1 3622 3650 2352 4286
20218 4 2 1 1 1255 1421 1395 3727
20219 4 2 1 1 1403 1273 1437 3992
20220 4 2 1 1 1034 870 886 4267
20221 4 2 1 1 266 414 250 4266
20222 4 2 1 1 3737 3954 2446 4108
20223 4 2 1 1 2339 3153 4201 4383
20224 4 2 1 1 897 898 1038 4102
20225 4 2 1 1 1517 1518 1658 4103
20226 4 2 1 1 278 418 277 4104
20227 4 2 1 1 361 377 362 3840
20228 4 2 1 1 4472 771 89 797
20229 4 2 1 1 4473 796 746 2865
20230 4 2 1 1 4471 1416 1366 2861
20231 4 2 1 1 137 138 4433 844
20232 4 2 1 1 801 775 635 3728
20233 4 2 1 1 1537 1528 1526 4272
20234 4 2 1 1 1069 1070 18 4113
20235 4 2 1 1 66 449 450 4112
20236 4 2 1 1 1689 1690 146 4111
20237 4 2 1 1 906 917 908 4268
20238 4 2 1 1 2040 2605 1967 4360
20239 4 2 1 1 101 102 528 4551
20240 4 2 1 1 1997 1860 1779 4351
20241 4 2 1 1 817 4531 511 97
20242 4 2 1 1 804 4479 113 4514
20243 4 2 1 1 193 1754 4482 4480
20244 4 2 1 1 2557 4158 3132 2176
20245 4 2 1 1 207 472 352 4200
20246 4 2 1 1 1866 1865 2016 3027
20247 4 2 1 1 2477 2308 2433 4090
20248 4 2 1 1 776 626 625 3025
20249 4 2 1 1 1246 1245 1396 3026
20250 4 2 1 1 859 860 861 3899
20251 4 2 1 1 1480 1481 1479 3898
20252 4 2 1 1 241 239 240 3900
20253 4 2 1 1 800 2607 732 4353
20254 4 2 1 1 2746 4014 2755 4210
20255 4 2 1 1 1779 1777 1997 4351
20256 4 2 1 1 2730 3745 3932 4010
20257 4 2 1 1 688 687 789 3992
20258 4 2 1 1 1271 1262 1261 4107
20259 4 2 1 1 3674 2115 3123 4281
20260 4 2 1 1 1648 1547 1647 3994
20261 4 2 1 1 408 307 407 3993
20262 4 2 1 1 1027 1028 927 3995
20263 4 2 1 1 4091 4490 4495 496
20264 4 2 1 1 128 512 4457 763
20265 4 2 1 1 4463 1710 1580 175
20266 4 2 1 1 1601 1617 1602 3811
20267 4 2 1 1 982 981 997 3812
20268 4 2 1 1 575 785 700 4285
20269 4 2 1 1 1545 1519 1663 4100
20270 4 2 1 1 305 279 423 4101
20271 4 2 1 1 899 1043 925 2523
20272 4 2 1 1 2035 1914 1822 4246
20273 4 2 1 1 2040 1967 2005 4360
20274 4 2 1 1 1509 1499 1510 4366
20275 4 2 1 1 879 890 889 4365
20276 4 2 1 1 270 269 259 4367
20277 4 2 1 1 1055 845 843 4220
20278 4 2 1 1 435 225 222 4222
20279 4 2 1 1 1465 1462 1675 4221
20280 4 2 1 1 1221 1343 1250 3878
20281 4 2 1 1 1552 1571 1551 4150
20282 4 2 1 1 932 951 931 4149
20283 4 2 1 1 331 311 312 4151
20284 4 2 1 1 1345 1244 1390 4017
20285 4 2 1 1 1787 1942 1789 2734
20286 4 2 1 1 586 735 714 4185
20287 4 2 1 1 812 811 748 3468
20288 4 2 1 1 1352 1385 1420 4356
20289 4 2 1 1 1962 1842 1862 2496
20290 4 2 1 1 1950 1859 1978 3731
20291 4 2 1 1 1881 1891 1882 4063
20292 4 2 1 1 488 4431 57 462
20293 4 2 1 1 4433 1108 137 844
20294 4 2 1 1 224 9 488 4432
20295 4 2 1 1 738 584 614 3826
20296 4 2 1 1 2065 3846 3723 2295
20297 4 2 1 1 567 572 566 3494
20298 4 2 1 1 732 765 800 4353
20299 4 2 1 1 2456 3745 4010 4197
20300 4 2 1 1 1086 935 936 4183
20301 4 2 1 1 1830 1808 1975 4148
20302 4 2 1 1 1282 1284 1293 4339
20303 4 2 1 1 372 379 459 4380
20304 4 2 1 1 2016 1895 1866 3027
20305 4 2 1 1 1275 1246 1396 3026
20306 4 2 1 1 626 776 655 3025
20307 4 2 1 1 2066 3487 4075 4312
20308 4 2 1 1 811 812 686 3468
20309 4 2 1 1 743 742 686 3531
20310 4 2 1 1 504 365 366 4189
20311 4 2 1 1 1244 1254 1390 4017
20312 4 2 1 1 117 118 4511 530
20313 4 2 1 1 597 583 596 4165
20314 4 2 1 1 2015 1875 2041 3736
20315 4 2 1 1 1696 1738 1613 4211
20316 4 2 1 1 1346 1245 1345 4384
20317 4 2 1 1 950 1125 960 3652
20318 4 2 1 1 1570 1745 1580 3651
20319 4 2 1 1 340 330 505 3650
20320 4 2 1 1 1982 1921 1926 3743
20321 4 2 1 1 30 4461 206 4156
20322 4 2 1 1 515 4460 78 4155
20323 4 2 1 1 174 1142 4459 4154
20324 4 2 1 1 1670 1523 1542 4006
20325 4 2 1 1 302 430 283 4005
20326 4 2 1 1 903 922 1050 4007
20327 4 2 1 1 96 4449 511 780
20328 4 2 1 1 806 4514 514 112
20329 4 2 1 1 1426 4482 1134 192
20330 4 2 1 1 1512 1605 1744 3797
20331 4 2 1 1 1124 892 985 3798
20332 4 2 1 1 1226 1211 1225 4250
20333 4 2 1 1 272 365 504 3799
20334 4 2 1 1 1863 1967 3984 4360
20335 4 2 1 1 1909 1906 1908 4253
20336 4 2 1 1 1352 3980 1243 4356
20337 4 2 1 1 732 3977 623 4353
20338 4 2 1 1 1224 1331 1339 3895
20339 4 2 1 1 1965 2005 1863 4360
20340 4 2 1 1 3783 4076 2381 4296
20341 4 2 1 1 1344 1196 1180 3951
20342 4 2 1 1 487 4434 24 223
20343 4 2 1 1 1107 4435 152 842
20344 4 2 1 1 222 72 486 4436
20345 4 2 1 1 1385 1243 1351 4356
20346 4 2 1 1 1922 1919 2009 4176
20347 4 2 1 1 680 681 742 4379
20348 4 2 1 1 2489 2962 4207 4377
20349 4 2 1 1 602 622 734 4294
20350 4 2 1 1 874 867 875 4061
20351 4 2 1 1 247 255 254 4062
20352 4 2 1 1 765 623 731 4353
20353 4 2 1 1 1038 909 897 4102
20354 4 2 1 1 1529 1517 1658 4103
20355 4 2 1 1 418 289 277 4104
20356 4 2 1 1 1007 1070 1069 4113
20357 4 2 1 1 387 450 449 4112
20358 4 2 1 1 1690 1689 1627 4111
20359 4 2 1 1 1295 1202 1434 3496
20360 4 2 1 1 1952 1868 1869 3704
20361 4 2 1 1 1536 1535 1521 4389
20362 4 2 1 1 295 281 296 4390
20363 4 2 1 1 1412 1303 1300 3832
20364 4 2 1 1 198 197 1150 4547
20365 4 2 1 1 277 260 261 2981
20366 4 2 1 1 880 881 897 2980
20367 4 2 1 1 2120 3343 4345 4398
20368 4 2 1 1 2903 4017 2137 4384
20369 4 2 1 1 724 576 560 4334
20370 4 2 1 1 1824 1977 1838 4224
20371 4 2 1 1 1608 1610 1609 3669
20372 4 2 1 1 923 1016 1008 4139
20373 4 2 1 1 388 303 396 4140
20374 4 2 1 1 1636 1628 1543 4141
20375 4 2 1 1 553 556 713 4001
20376 4 2 1 1 746 691 791 3475
20377 4 2 1 1 1219 1207 1213 2862
20378 4 2 1 1 1844 1951 1976 3988
20379 4 2 1 1 806 4514 112 4450
20380 4 2 1 1 1751 4449 2046 3439
20381 4 2 1 1 1426 4482 192 4448
20382 4 2 1 1 558 559 566 4056
20383 4 2 1 1 2498 3780 3771 2546
20384 4 2 1 1 4432 1108 1082 9
20385 4 2 1 1 488 4431 462 2878
20386 4 2 1 1 4433 1728 1702 137
20387 4 2 1 1 1433 1270 1259 3668
20388 4 2 1 1 935 915 916 3744
20389 4 2 1 1 1285 1283 1399 3999
20390 4 2 1 1 480 4421 18 4113
20391 4 2 1 1 66 4422 449 4112
20392 4 2 1 1 1100 4420 146 4111
20393 4 2 1 1 1199 1205 1200 4363
20394 4 2 1 1 1490 1492 1506 4309
20395 4 2 1 1 1281 1279 1384 3524
20396 4 2 1 1 4463 1256 4154 4284
20397 4 2 1 1 496 48 204 4490
20398 4 2 1 1 1116 4458 160 824
20399 4 2 1 1 899 881 1043 2523
20400 4 2 1 1 1519 1501 1663 4100
20401 4 2 1 1 279 261 423 4101
20402 4 2 1 1 1285 1287 1286 3615
20403 4 2 1 1 1782 1780 1781 4175
20404 4 2 1 1 1599 1601 1600 4125
20405 4 2 1 1 540 541 542 4178
20406 4 2 1 1 980 979 981 4121
20407 4 2 1 1 1931 2031 1986 3484
20408 4 2 1 1 1192 1434 1202 3496
20409 4 2 1 1 819 820 645 3774
20410 4 2 1 1 360 359 361 4089
20411 4 2 1 1 467 341 492 3287
20412 4 2 1 1 1581 1732 1707 3285
20413 4 2 1 1 1087 961 1112 3286
20414 4 2 1 1 2895 4043 4073 4287
20415 4 2 1 1 630 644 643 4015
20416 4 2 1 1 543 694 577 3881
20417 4 2 1 1 3905 4134 2744 4259
20418 4 2 1 1 3907 4133 2743 4260
20419 4 2 1 1 3906 4132 2742 4261
20420 4 2 1 1 1934 1817 1783 3879
20421 4 2 1 1 2713 4010 2456 4032
20422 4 2 1 1 1845 1831 1828 4355
20423 4 2 1 1 1936 1937 1935 3998
20424 4 2 1 1 696 697 695 4000
20425 4 2 1 1 473 507 343 3695
20426 4 2 1 1 604 711 719 3873
20427 4 2 1 1 1265 1439 1440 3768
20428 4 2 1 1 1554 1658 1655 4217
20429 4 2 1 1 418 415 314 4218
20430 4 2 1 1 263 271 382 3842
20431 4 2 1 1 2026 1943 1798 3754
20432 4 2 1 1 1298 1300 1303 3832
20433 4 2 1 1 288 286 297 4024
20434 4 2 1 1 1162 1212 1313 3630
20435 4 2 1 1 1820 1834 1835 3828
20436 4 2 1 1 1079 992 999 4229
20437 4 2 1 1 448 326 442 3813
20438 4 2 1 1 1566 1682 1688 3814
20439 4 2 1 1 1062 1068 946 3815
20440 4 2 1 1 887 855 1011 4049
20441 4 2 1 1 391 267 235 4047
20442 4 2 1 1 1631 1507 1475 4048
20443 4 2 1 1 500 397 327 4316
20444 4 2 1 1 2433 3564 3297 2298
20445 4 2 1 1 1093 1127 963 3700
20446 4 2 1 1 1747 1583 1713 3701
20447 4 2 1 1 2713 4010 3024 2456
20448 4 2 1 1 1124 986 891 4188
20449 4 2 1 1 622 735 734 4294
20450 4 2 1 1 1301 1306 1362 3455
20451 4 2 1 1 2298 3438 2746 4210
20452 4 2 1 1 315 316 466 4238
20453 4 2 1 1 1107 4435 842 2944
20454 4 2 1 1 487 4434 223 2945
20455 4 2 1 1 4436 1727 1463 72
20456 4 2 1 1 3771 3780 3157 2546
20457 4 2 1 1 4451 487 25 461
20458 4 2 1 1 4453 1418 1154 169
20459 4 2 1 1 4452 798 534 73
20460 4 2 1 1 195 1139 4504 4399
20461 4 2 1 1 618 616 732 3977
20462 4 2 1 1 1238 1236 1352 3980
20463 4 2 1 1 244 241 240 3900
20464 4 2 1 1 1484 1481 1480 3898
20465 4 2 1 1 860 864 861 3899
20466 4 2 1 1 1856 1967 1858 3984
20467 4 2 1 1 786 558 566 4056
20468 4 2 1 1 2334 3827 2862 4187
20469 4 2 1 1 1006 1069 830 3838
20470 4 2 1 1 1626 1689 1451 3836
20471 4 2 1 1 211 386 449 3837
20472 4 2 1 1 2146 4134 3905 4259
20473 4 2 1 1 2148 4133 3907 4260
20474 4 2 1 1 2147 4132 3906 4261
20475 4 2 1 1 1323 1413 1195 4172
20476 4 2 1 1 3321 2464 4244 4313
20477 4 2 1 1 1420 2606 1352 4356
20478 4 2 1 1 724 717 576 4334
20479 4 2 1 1 1802 1975 1808 4148
20480 4 2 1 1 4451 2038 1774 25
20481 4 2 1 1 4453 1418 169 4532
20482 4 2 1 1 4452 798 73 4546
20483 4 2 1 1 648 761 649 3561
20484 4 2 1 1 2077 3918 3536 4354
20485 4 2 1 1 2516 3536 3918 4354
20486 4 2 1 1 259 419 270 4367
20487 4 2 1 1 1039 890 879 4365
20488 4 2 1 1 1499 1659 1510 4366
20489 4 2 1 1 2722 3321 4244 4313
20490 4 2 1 1 2023 195 1759 4399
20491 4 2 1 1 638 637 653 3481
20492 4 2 1 1 1917 2009 1919 4176
20493 4 2 1 1 1756 4554 189 4475
20494 4 2 1 1 516 4533 93 4476
20495 4 2 1 1 1136 4513 109 4477
20496 4 2 1 1 1396 1346 1393 3817
20497 4 2 1 1 773 776 726 3818
20498 4 2 1 1 2013 2016 1973 3816
20499 4 2 1 1 403 399 400 2489
20500 4 2 1 1 1643 1639 1640 3970
20501 4 2 1 1 1023 1019 1020 3971
20502 4 2 1 1 1815 1940 1786 3627
20503 4 2 1 1 736 597 596 4165
20504 4 2 1 1 340 4465 30 4156
20505 4 2 1 1 758 78 4464 4155
20506 4 2 1 1 1378 174 4463 4154
20507 4 2 1 1 2309 3655 3155 4269
20508 4 2 1 1 793 785 575 4285
20509 4 2 1 1 1073 944 1077 3813
20510 4 2 1 1 457 453 324 3814
20511 4 2 1 1 1697 1693 1564 3815
20512 4 2 1 1 744 806 673 3426
20513 4 2 1 1 987 891 986 4188
20514 4 2 1 1 1845 1846 1831 4355
20515 4 2 1 1 806 744 514 3426
20516 4 2 1 1 1428 1139 1307 4399
20517 4 2 1 1 344 480 18 4113
20518 4 2 1 1 66 1584 1720 4112
20519 4 2 1 1 146 964 1100 4111
20520 4 2 1 1 1942 1792 1789 2734
20521 4 2 1 1 903 880 897 2980
20522 4 2 1 1 260 277 283 2981
20523 4 2 1 1 4474 1409 195 4399
20524 4 2 1 1 591 605 606 4378
20525 4 2 1 1 706 600 613 3957
20526 4 2 1 1 1946 1840 1853 3960
20527 4 2 1 1 1382 1317 1380 2917
20528 4 2 1 1 1036 935 1086 4183
20529 4 2 1 1 1921 1922 1924 4258
20530 4 2 1 1 1304 1301 1302 3760
20531 4 2 1 1 1478 1477 1476 3923
20532 4 2 1 1 237 236 238 3924
20533 4 2 1 1 883 891 1002 4045
20534 4 2 1 1 1503 1511 1622 4042
20535 4 2 1 1 195 1409 1139 4399
20536 4 2 1 1 1254 1276 1383 4091
20537 4 2 1 1 1208 1225 1211 4250
20538 4 2 1 1 1984 1906 1909 3872
20539 4 2 1 1 659 658 610 3864
20540 4 2 1 1 1706 1556 1585 2866
20541 4 2 1 1 2842 4038 2346 4335
20542 4 2 1 1 2843 2100 2345 4336
20543 4 2 1 1 1914 1943 2026 3754
20544 4 2 1 1 1906 1984 1904 3872
20545 4 2 1 1 291 319 320 4357
20546 4 2 1 1 1559 1560 1531 4358
20547 4 2 1 1 939 940 911 4359
20548 4 2 1 1 616 623 732 3977
20549 4 2 1 1 1109 2868 1094 168
20550 4 2 1 1 489 4413 474 56
20551 4 2 1 1 4414 532 136 796
20552 4 2 1 1 1912 1910 1915 4308
20553 4 2 1 1 1236 1243 1352 3980
20554 4 2 1 1 1863 1967 1856 3984
20555 4 2 1 1 1444 1710 1745 3623
20556 4 2 1 1 821 1090 1125 3624
20557 4 2 1 1 470 505 201 3622
20558 4 2 1 1 1291 1307 1308 3989
20559 4 2 1 1 608 602 590 4171
20560 4 2 1 1 104 531 2896 799
20561 4 2 1 1 161 162 1114 4470
20562 4 2 1 1 1404 200 2896 1419
20563 4 2 1 1 1907 1905 2025 3950
20564 4 2 1 1 581 573 692 4163
20565 4 2 1 1 1438 1391 1373 3475
20566 4 2 1 1 931 912 932 4149
20567 4 2 1 1 1552 1551 1532 4150
20568 4 2 1 1 292 312 311 4151
20569 4 2 1 1 1242 1355 1354 4069
20570 4 2 1 1 856 858 857 3944
20571 4 2 1 1 2096 3780 3779 2546
20572 4 2 1 1 288 274 286 4024
20573 4 2 1 1 1386 1307 1292 4120
20574 4 2 1 1 1889 1887 1888 3616
20575 4 2 1 1 1186 1179 1187 3866
20576 4 2 1 1 764 592 779 4082
20577 4 2 1 1 1812 1821 2054 3933
20578 4 2 1 1 818 771 753 3484
20579 4 2 1 1 489 4413 56 4488
20580 4 2 1 1 1109 2868 168 4534
20581 4 2 1 1 4414 4487 2865 796
20582 4 2 1 1 949 953 940 4195
20583 4 2 1 1 1569 1573 1560 4194
20584 4 2 1 1 320 329 333 4196
20585 4 2 1 1 949 950 960 3652
20586 4 2 1 1 1569 1570 1580 3651
20587 4 2 1 1 340 329 330 3650
20588 4 2 1 1 1706 1555 1556 2866
20589 4 2 1 1 460 324 314 3928
20590 4 2 1 1 1564 1554 1700 3929
20591 4 2 1 1 944 934 1080 3927
20592 4 2 1 1 4535 4532 2943 486
20593 4 2 1 1 4522 798 121 772
20594 4 2 1 1 3841 2624 3332 3345
20595 4 2 1 1 2058 1887 1889 3616
20596 4 2 1 1 1518 1521 1535 4389
20597 4 2 1 1 295 278 281 4390
20598 4 2 1 1 1644 1653 1574 2856
20599 4 2 1 1 1024 1033 954 2855
20600 4 2 1 1 413 334 404 2857
20601 4 2 1 1 436 41 4535 486
20602 4 2 1 1 4522 798 772 2944
20603 4 2 1 1 4536 1056 153 1106
20604 4 2 1 1 2409 4080 3916 4391
20605 4 2 1 1 1152 184 1417 2865
20606 4 2 1 1 533 4537 88 797
20607 4 2 1 1 489 4512 40 221
20608 4 2 1 1 1169 1168 1167 4205
20609 4 2 1 1 691 745 657 3858
20610 4 2 1 1 1961 1847 1878 3921
20611 4 2 1 1 1075 1041 933 4382
20612 4 2 1 1 432 433 376 4375
20613 4 2 1 1 2746 2755 2298 4210
20614 4 2 1 1 1998 1755 30 4156
20615 4 2 1 1 758 515 78 4155
20616 4 2 1 1 1378 1142 174 4154
20617 4 2 1 1 908 894 906 4268
20618 4 2 1 1 1528 1514 1526 4272
20619 4 2 1 1 960 4155 3652 4464
20620 4 2 1 1 4154 1580 1743 174
20621 4 2 1 1 503 3650 340 4156
20622 4 2 1 1 377 456 362 3840
20623 4 2 1 1 1962 1862 1963 2496
20624 4 2 1 1 204 48 49 4490
20625 4 2 1 1 128 129 4457 512
20626 4 2 1 1 161 160 4458 824
20627 4 2 1 1 1985 1897 1931 3876
20628 4 2 1 1 1974 1826 1963 4169
20629 4 2 1 1 3841 3332 2624 2362
20630 4 2 1 1 1199 1200 1189 4363
20631 4 2 1 1 1320 1166 1195 4277
20632 4 2 1 1 1900 1899 1901 4159
20633 4 2 1 1 997 1076 982 3812
20634 4 2 1 1 1602 1617 1696 3811
20635 4 2 1 1 1317 3236 1318 3413
20636 4 2 1 1 4537 1109 841 88
20637 4 2 1 1 2865 1729 1461 184
20638 4 2 1 1 489 4512 221 2861
20639 4 2 1 1 810 653 637 3481
20640 4 2 1 1 223 437 497 4220
20641 4 2 1 1 842 1057 1117 4221
20642 4 2 1 1 1463 1677 1737 4222
20643 4 2 1 1 459 379 287 4380
20644 4 2 1 1 3779 3780 2498 2546
20645 4 2 1 1 782 662 673 3668
$EndElements
